set_name	source	classes	item_id	item_name	slot
Akkirus' Armor of the Risen	Skyshrine	CLR	228	Akkirus' Crown of the Risen	head
Akkirus' Armor of the Risen	Skyshrine	CLR	227	Akkirus' Chestplate of the Risen	chest
Akkirus' Armor of the Risen	Skyshrine	CLR	232	Akkirus' Vambraces of the Risen	arms
Akkirus' Armor of the Risen	Skyshrine	CLR	226	Akkirus' Bracelet of the Risen	wrist1
Akkirus' Armor of the Risen	Skyshrine	CLR	230	Akkirus' Gauntlets of the Risen	hands
Akkirus' Armor of the Risen	Skyshrine	CLR	231	Akkirus' Greaves of the Risen	legs
Akkirus' Armor of the Risen	Skyshrine	CLR	225	Akkirus' Boots of the Risen	feet
Apothic Armor	Plane of Hate	MAG	345	Apothic Boots	feet
Apothic Armor	Plane of Hate	MAG	346	Apothic Crown	head
Apothic Armor	Plane of Hate	MAG	347	Apothic Gloves	hands
Apothic Armor	Plane of Hate	MAG	348	Apothic Kilt	legs
Apothic Armor	Plane of Hate	MAG	349	Apothic Robe	chest
Apothic Armor	Plane of Hate	MAG	350	Apothic Sleeves	arms
Apothic Armor	Plane of Hate	MAG	351	Apothic Warband	wrist1
Arch Mage's Armor	Thurgadin	MAG	371	Arch Mage's Crown	head
Arch Mage's Armor	Thurgadin	MAG	374	Arch Mage's Robe	chest
Arch Mage's Armor	Thurgadin	MAG	375	Arch Mage's Sleeves	arms
Arch Mage's Armor	Thurgadin	MAG	376	Arch Mage's Warband	wrist1
Arch Mage's Armor	Thurgadin	MAG	372	Arch Mage's Gloves	hands
Arch Mage's Armor	Thurgadin	MAG	373	Arch Mage's Pantaloons	legs
Arch Mage's Armor	Thurgadin	MAG	370	Arch Mage's Boots	feet
Arctic Wyvern Armor	Crafted	SHM	382	Arctic Wyvern Boots	feet
Arctic Wyvern Armor	Crafted	SHM	393	Arctic Wyvern Wristbands	wrist1
Arctic Wyvern Armor	Crafted	SHM	391	Arctic Wyvern Sleeves	arms
Arctic Wyvern Armor	Crafted	SHM	392	Arctic Wyvern Tunic	chest
Arctic Wyvern Armor	Crafted	SHM	383	Arctic Wyvern Cloak	back
Arctic Wyvern Armor	Crafted	SHM	384	Arctic Wyvern Gloves	hands
Arctic Wyvern Armor	Crafted	SHM	387	Arctic Wyvern Leggings	legs
Arctic Wyvern Armor	Crafted	SHM	390	Arctic Wyvern Skullcap	head
Arctic Wyvern Armor	Crafted	SHM	381	Arctic Wyvern Belt	waist
Arctic Wyvern Armor	Crafted	SHM	385	Arctic Wyvern Gorget	neck
Arctic Wyvern Armor	Crafted	SHM	388	Arctic Wyvern Mask	face
Arctic Wyvern Armor	Crafted	SHM	389	Arctic Wyvern Shoulderpads	shoulders
Armor of Conjuration	Plane of Growth	MAG	1686	Circlet of Conjuration	head
Armor of Conjuration	Plane of Growth	MAG	7554	Robe of Conjuration	chest
Armor of Conjuration	Plane of Growth	MAG	8746	Sleeves of Conjuration	arms
Armor of Conjuration	Plane of Growth	MAG	10889	Wristband of Conjuration	wrist1
Armor of Conjuration	Plane of Growth	MAG	3863	Gloves of Conjuration	hands
Armor of Conjuration	Plane of Growth	MAG	6807	Pantaloons of Conjuration	legs
Armor of Conjuration	Plane of Growth	MAG	1107	Boots of Conjuration	feet
Armor of Distraction	Plane of Mischief	WAR,CLR,PAL,SHD,BRD,NEC,WIZ,MAG,ENC	10264	Vambraces of Distraction	arms
Armor of Distraction	Plane of Mischief	WAR,CLR,PAL,SHD,BRD,NEC,WIZ,MAG,ENC	1110	Boots of Distraction	feet
Armor of Distraction	Plane of Mischief	WAR,CLR,PAL,SHD,BRD,NEC,WIZ,MAG,ENC	1224	Breastplate of Distraction	chest
Armor of Distraction	Plane of Mischief	WAR,CLR,PAL,SHD,BRD,NEC,WIZ,MAG,ENC	2029	Crown of Distraction	head
Armor of Distraction	Plane of Mischief	WAR,CLR,PAL,SHD,BRD,NEC,WIZ,MAG,ENC	3864	Gloves of Distraction	hands
Armor of Distraction	Plane of Mischief	WAR,CLR,PAL,SHD,BRD,NEC,WIZ,MAG,ENC	4150	Greaves of Distraction	legs
Armor of Distraction	Plane of Mischief	WAR,CLR,PAL,SHD,BRD,NEC,WIZ,MAG,ENC	7558	Robe of Distraction	chest
Armor of Distraction	Plane of Mischief	WAR,CLR,PAL,SHD,BRD,NEC,WIZ,MAG,ENC	10891	Wristguard of Distraction	wrist1
Armor of Forbidden Rites	Thurgadin	CLR	2031	Crown of Forbidden Rites	head
Armor of Forbidden Rites	Thurgadin	CLR	1226	Breastplate of Forbidden Rites	chest
Armor of Forbidden Rites	Thurgadin	CLR	10265	Vambraces of Forbidden Rites	arms
Armor of Forbidden Rites	Thurgadin	CLR	1195	Bracers of Forbidden Rites	wrist1
Armor of Forbidden Rites	Thurgadin	CLR	3703	Gauntlets of Forbidden Rites	hands
Armor of Forbidden Rites	Thurgadin	CLR	4151	Greaves of Forbidden Rites	legs
Armor of Forbidden Rites	Thurgadin	CLR	1111	Boots of Forbidden Rites	feet
Armor of Harmony	Plane of Hate	DRU	2032	Crown of Harmony	head
Armor of Harmony	Plane of Hate	DRU	4334	Hauberk of Harmony	chest
Armor of Harmony	Plane of Hate	DRU	10266	Vambraces of Harmony	arms
Armor of Harmony	Plane of Hate	DRU	10892	Wristguard of Harmony	wrist1
Armor of Harmony	Plane of Hate	DRU	3867	Gloves of Harmony	hands
Armor of Harmony	Plane of Hate	DRU	4152	Greaves of Harmony	legs
Armor of Harmony	Plane of Hate	DRU	7994	Sandals of Harmony	feet
Armor of Stability	Plane of Growth	CLR	2039	Crown of Stability	head
Armor of Stability	Plane of Growth	CLR	1616	Chestplate of Stability	chest
Armor of Stability	Plane of Growth	CLR	10268	Vambraces of Stability	arms
Armor of Stability	Plane of Growth	CLR	1185	Bracer of Stability	wrist1
Armor of Stability	Plane of Growth	CLR	3709	Gauntlets of Stability	hands
Armor of Stability	Plane of Growth	CLR	4154	Greaves of Stability	legs
Armor of Stability	Plane of Growth	CLR	1114	Boots of Stability	feet
Armor of the Bonecaster	Plane of Growth	NEC	2040	Crown of the Bonecaster	head
Armor of the Bonecaster	Plane of Growth	NEC	7567	Robe of the Bonecaster	chest
Armor of the Bonecaster	Plane of Growth	NEC	8748	Sleeves of the Bonecaster	arms
Armor of the Bonecaster	Plane of Growth	NEC	10890	Wristband of the Bonecaster	wrist1
Armor of the Bonecaster	Plane of Growth	NEC	3871	Gloves of the Bonecaster	hands
Armor of the Bonecaster	Plane of Growth	NEC	6808	Pantaloons of the Bonecaster	legs
Armor of the Bonecaster	Plane of Growth	NEC	1118	Boots of the Bonecaster	feet
Armor of the Invoker	Kael Drakkel	WIZ	1697	Circlet of the Invoker	head
Armor of the Invoker	Kael Drakkel	WIZ	7572	Robe of the Invoker	chest
Armor of the Invoker	Kael Drakkel	WIZ	8749	Sleeves of the Invoker	arms
Armor of the Invoker	Kael Drakkel	WIZ	548	Bangle of the Invoker	wrist1
Armor of the Invoker	Kael Drakkel	WIZ	3873	Gloves of the Invoker	hands
Armor of the Invoker	Kael Drakkel	WIZ	6811	Pants of the Invoker	legs
Armor of the Invoker	Kael Drakkel	WIZ	1122	Boots of the Invoker	feet
Armor of the Untamed	Plane of Hate	RNG	4423	Helm of the Untamed	head
Armor of the Untamed	Plane of Hate	RNG	1232	Breastplate of the Untamed	chest
Armor of the Untamed	Plane of Hate	RNG	10273	Vambraces of the Untamed	arms
Armor of the Untamed	Plane of Hate	RNG	1192	Bracer of the Untamed	wrist1
Armor of the Untamed	Plane of Hate	RNG	3715	Gauntlets of the Untamed	hands
Armor of the Untamed	Plane of Hate	RNG	4160	Greaves of the Untamed	legs
Armor of the Untamed	Plane of Hate	RNG	1127	Boots of the Untamed	feet
Assassin's Armor	Plane of Growth	ROG	438	Assassin's Coif	head
Assassin's Armor	Plane of Growth	ROG	437	Assassin's Chestguard	chest
Assassin's Armor	Plane of Growth	ROG	436	Assassin's Chain Sleeves	arms
Assassin's Armor	Plane of Growth	ROG	434	Assassin's Bracer	wrist1
Assassin's Armor	Plane of Growth	ROG	439	Assassin's Gauntlets	hands
Assassin's Armor	Plane of Growth	ROG	435	Assassin's Chain Leggings	legs
Assassin's Armor	Plane of Growth	ROG	433	Assassin's Boots	feet
Bamboo Splint Armor	Stonebrunt Mountains	WAR,CLR,PAL,RNG,SHD,BRD,ROG,SHM	511	Bamboo Splint Boots	feet
Bamboo Splint Armor	Stonebrunt Mountains	WAR,CLR,PAL,RNG,SHD,BRD,ROG,SHM	512	Bamboo Splint Bracelet	wrist1
Bamboo Splint Armor	Stonebrunt Mountains	WAR,CLR,PAL,RNG,SHD,BRD,ROG,SHM	513	Bamboo Splint Cape	back
Bamboo Splint Armor	Stonebrunt Mountains	WAR,CLR,PAL,RNG,SHD,BRD,ROG,SHM	514	Bamboo Splint Coat	chest
Bamboo Splint Armor	Stonebrunt Mountains	WAR,CLR,PAL,RNG,SHD,BRD,ROG,SHM	515	Bamboo Splint Coif	head
Bamboo Splint Armor	Stonebrunt Mountains	WAR,CLR,PAL,RNG,SHD,BRD,ROG,SHM	516	Bamboo Splint Gloves	hands
Bamboo Splint Armor	Stonebrunt Mountains	WAR,CLR,PAL,RNG,SHD,BRD,ROG,SHM	517	Bamboo Splint Mantle	shoulders
Bamboo Splint Armor	Stonebrunt Mountains	WAR,CLR,PAL,RNG,SHD,BRD,ROG,SHM	518	Bamboo Splint Neckguard	neck
Bamboo Splint Armor	Stonebrunt Mountains	WAR,CLR,PAL,RNG,SHD,BRD,ROG,SHM	519	Bamboo Splint Pants	legs
Bamboo Splint Armor	Stonebrunt Mountains	WAR,CLR,PAL,RNG,SHD,BRD,ROG,SHM	520	Bamboo Splint Skirt	waist
Bamboo Splint Armor	Stonebrunt Mountains	WAR,CLR,PAL,RNG,SHD,BRD,ROG,SHM	521	Bamboo Splint Sleeves	arms
Bamboo Splint Armor	Stonebrunt Mountains	WAR,CLR,PAL,RNG,SHD,BRD,ROG,SHM	522	Bamboo Splint Visor	face
Banded Armor Set	Crafted	WAR,CLR,PAL,RNG,SHD,BRD,ROG,SHM	533	Banded Belt	waist
Banded Armor Set	Crafted	WAR,CLR,PAL,RNG,SHD,BRD,ROG,SHM	534	Banded Boots	feet
Banded Armor Set	Crafted	WAR,CLR,PAL,RNG,SHD,BRD,ROG,SHM	535	Banded Bracer	wrist1
Banded Armor Set	Crafted	WAR,CLR,PAL,RNG,SHD,BRD,ROG,SHM	536	Banded Cloak	back
Banded Armor Set	Crafted	WAR,CLR,PAL,RNG,SHD,BRD,ROG,SHM	537	Banded Gauntlets	hands
Banded Armor Set	Crafted	WAR,CLR,PAL,RNG,SHD,BRD,ROG,SHM	538	Banded Gorget	neck
Banded Armor Set	Crafted	WAR,CLR,PAL,RNG,SHD,BRD,ROG,SHM	539	Banded Helm	head
Banded Armor Set	Crafted	WAR,CLR,PAL,RNG,SHD,BRD,ROG,SHM	540	Banded Leggings	legs
Banded Armor Set	Crafted	WAR,CLR,PAL,RNG,SHD,BRD,ROG,SHM	541	Banded Mail	chest
Banded Armor Set	Crafted	WAR,CLR,PAL,RNG,SHD,BRD,ROG,SHM	542	Banded Mantle	shoulders
Banded Armor Set	Crafted	WAR,CLR,PAL,RNG,SHD,BRD,ROG,SHM	543	Banded Mask	face
Banded Armor Set	Crafted	WAR,CLR,PAL,RNG,SHD,BRD,ROG,SHM	545	Banded Sleeves	arms
Barbed Ringmail Armor	Velketor's Labyrinth	WAR,CLR,PAL,RNG,SHD,BRD,ROG,SHM	568	Barbed Ringmail	chest
Barbed Ringmail Armor	Velketor's Labyrinth	WAR,CLR,PAL,RNG,SHD,BRD,ROG,SHM	569	Barbed Ringmail Gloves	hands
Barbed Ringmail Armor	Velketor's Labyrinth	WAR,CLR,PAL,RNG,SHD,BRD,ROG,SHM	570	Barbed Ringmail Leggings	legs
Barbed Ringmail Armor	Velketor's Labyrinth	WAR,CLR,PAL,RNG,SHD,BRD,ROG,SHM	571	Barbed Ringmail Shoulderpads	shoulders
Barbed Ringmail Armor	Velketor's Labyrinth	WAR,CLR,PAL,RNG,SHD,BRD,ROG,SHM	572	Barbed Ringmail Sleeves	arms
Bard Thurgadin Armor	Thurgadin	BRD	7457	Resonant Helm	head
Bard Thurgadin Armor	Thurgadin	BRD	7454	Resonant Breastplate	chest
Bard Thurgadin Armor	Thurgadin	BRD	7458	Resonant Vambraces	arms
Bard Thurgadin Armor	Thurgadin	BRD	7453	Resonant Bracer	wrist1
Bard Thurgadin Armor	Thurgadin	BRD	7455	Resonant Gauntlets	hands
Bard Thurgadin Armor	Thurgadin	BRD	7456	Resonant Greaves	legs
Bard Thurgadin Armor	Thurgadin	BRD	7452	Resonant Boots	feet
Beguiler's Armor	Thurgadin	ENC	652	Beguiler's Crown	head
Beguiler's Armor	Thurgadin	ENC	654	Beguiler's Robe	chest
Beguiler's Armor	Thurgadin	ENC	655	Beguiler's Sleeves	arms
Beguiler's Armor	Thurgadin	ENC	658	Beguiler's Wristguard	wrist1
Beguiler's Armor	Thurgadin	ENC	653	Beguiler's Gloves	hands
Beguiler's Armor	Thurgadin	ENC	657	Beguiler's Trousers	legs
Beguiler's Armor	Thurgadin	ENC	656	Beguiler's Slippers	feet
Berserker's Armor	Plane of Growth	WAR	694	Berserker's Helm	head
Berserker's Armor	Plane of Growth	WAR	691	Berserker's Breastplate	chest
Berserker's Armor	Plane of Growth	WAR	695	Berserker's Vambraces	arms
Berserker's Armor	Plane of Growth	WAR	690	Berserker's Bracer	wrist1
Berserker's Armor	Plane of Growth	WAR	692	Berserker's Gauntlets	hands
Berserker's Armor	Plane of Growth	WAR	693	Berserker's Greaves	legs
Berserker's Armor	Plane of Growth	WAR	689	Berserker's Boots	feet
Black Ice Armor	Velketor's Labyrinth	WAR,CLR,PAL,RNG,SHD,BRD,ROG,SHM	742	Black Ice Sleeves	arms
Black Ice Armor	Velketor's Labyrinth	WAR,CLR,PAL,RNG,SHD,BRD,ROG,SHM	740	Black Ice Boots	feet
Black Ice Armor	Velketor's Labyrinth	WAR,CLR,PAL,RNG,SHD,BRD,ROG,SHM	741	Black Ice Leggings	legs
Black Ice Armor	Velketor's Labyrinth	WAR,CLR,PAL,RNG,SHD,BRD,ROG,SHM	743	Black Ice Wrist Guard	wrist1
Black Pantherskin Set		MNK	753	Black Pantherskin Cloak	back
Black Pantherskin Set		MNK	755	Black Pantherskin Gorget	neck
Black Pantherskin Set		MNK	761	Black Pantherskin Tunic	chest
Black Pantherskin Set		MNK	754	Black Pantherskin Gloves	hands
Black Pantherskin Set		MNK	759	Black Pantherskin Skullcap	head
Black Pantherskin Set		MNK	756	Black Pantherskin Leggings	legs
Black Pantherskin Set		MNK	758	Black Pantherskin Shoulderpads	shoulders
Black Pantherskin Set		MNK	757	Black Pantherskin Mask	face
Black Pantherskin Set		MNK	752	Black Pantherskin Boots	feet
Black Pantherskin Set		MNK	751	Black Pantherskin Belt	waist
Black Pantherskin Set		MNK	760	Black Pantherskin Sleeves	arms
Black Pantherskin Set		MNK	762	Black Pantherskin Wristbands	wrist1
Black Wolf Armor	Halas	ROG	784	Black Wolf Armplates	arms
Black Wolf Armor	Halas	ROG	785	Black Wolf Boots	feet
Black Wolf Armor	Halas	ROG	786	Black Wolf Bracers	wrist1
Black Wolf Armor	Halas	ROG	787	Black Wolf Cape	back
Black Wolf Armor	Halas	ROG	788	Black Wolf Collar	neck
Black Wolf Armor	Halas	ROG	789	Black Wolf Crown	head
Black Wolf Armor	Halas	ROG	790	Black Wolf Gloves	hands
Black Wolf Armor	Halas	ROG	791	Black Wolf Legplates	legs
Black Wolf Armor	Halas	ROG	792	Black Wolf Mail	chest
Black Wolf Armor	Halas	ROG	793	Black Wolf Mask	face
Black Wolf Armor	Halas	ROG	794	Black Wolf Pauldrons	shoulders
Black Wolf Armor	Halas	ROG	797	Black Wolf Waistband	waist
Blackened Alloy Armor Set		WAR,CLR,PAL,RNG,SHD,MNK,BRD,ROG,SHM	811	Blackened Alloy Armplates	arms
Blackened Alloy Armor Set		WAR,CLR,PAL,RNG,SHD,MNK,BRD,ROG,SHM	813	Blackened Alloy Boots	feet
Blackened Alloy Armor Set		WAR,CLR,PAL,RNG,SHD,MNK,BRD,ROG,SHM	814	Blackened Alloy Bracers	wrist1
Blackened Alloy Armor Set		WAR,CLR,PAL,RNG,SHD,MNK,BRD,ROG,SHM	815	Blackened Alloy Coif	head
Blackened Alloy Armor Set		WAR,CLR,PAL,RNG,SHD,MNK,BRD,ROG,SHM	816	Blackened Alloy Collar	neck
Blackened Alloy Armor Set		WAR,CLR,PAL,RNG,SHD,MNK,BRD,ROG,SHM	817	Blackened Alloy Gloves	hands
Blackened Alloy Armor Set		WAR,CLR,PAL,RNG,SHD,MNK,BRD,ROG,SHM	818	Blackened Alloy Legplates	legs
Blackened Alloy Armor Set		WAR,CLR,PAL,RNG,SHD,MNK,BRD,ROG,SHM	820	Blackened Alloy Mail	chest
Blackened Alloy Armor Set		WAR,CLR,PAL,RNG,SHD,MNK,BRD,ROG,SHM	821	Blackened Alloy Spaulder	shoulders
Blackened Alloy Armor Set		WAR,CLR,PAL,RNG,SHD,MNK,BRD,ROG,SHM	822	Blackened Alloy Waistband	waist
Blackened Alloy Armor Set		WAR,CLR,PAL,RNG,SHD,MNK,BRD,ROG,SHM	720	Black Alloy Girdle	waist
Blackened Alloy Armor Set		WAR,CLR,PAL,RNG,SHD,MNK,BRD,ROG,SHM	4227	Grotesque Alloy Mask	face
Blackened Alloy Armor Set		WAR,CLR,PAL,RNG,SHD,MNK,BRD,ROG,SHM	9531	Supple Black Cloak	back
Blackened Iron Armor Set		WAR,CLR,PAL,RNG,SHD,BRD,ROG,SHM	825	Blackened Iron Armplates	arms
Blackened Iron Armor Set		WAR,CLR,PAL,RNG,SHD,BRD,ROG,SHM	827	Blackened Iron Boots	feet
Blackened Iron Armor Set		WAR,CLR,PAL,RNG,SHD,BRD,ROG,SHM	828	Blackened Iron Bracers	wrist1
Blackened Iron Armor Set		WAR,CLR,PAL,RNG,SHD,BRD,ROG,SHM	829	Blackened Iron Collar	neck
Blackened Iron Armor Set		WAR,CLR,PAL,RNG,SHD,BRD,ROG,SHM	832	Blackened Iron Gloves	hands
Blackened Iron Armor Set		WAR,CLR,PAL,RNG,SHD,BRD,ROG,SHM	833	Blackened Iron Legplates	legs
Blackened Iron Armor Set		WAR,CLR,PAL,RNG,SHD,BRD,ROG,SHM	834	Blackened Iron Mail	chest
Blackened Iron Armor Set		WAR,CLR,PAL,RNG,SHD,BRD,ROG,SHM	835	Blackened Iron Spaulder	shoulders
Blackened Iron Armor Set		WAR,CLR,PAL,RNG,SHD,BRD,ROG,SHM	836	Blackened Iron Waistband	waist
Blazing Fennin Ro Armor	Nagafen's Lair	WAR,CLR,PAL,SHD,BRD	890	Blazing Bracer of Fennin Ro	wrist1
Blazing Fennin Ro Armor	Nagafen's Lair	WAR,CLR,PAL,SHD,BRD	891	Blazing Breastplate of Fennin Ro	chest
Blazing Fennin Ro Armor	Nagafen's Lair	WAR,CLR,PAL,SHD,BRD	894	Blazing Helm of Fennin Ro	head
Blazing Fennin Ro Armor	Nagafen's Lair	WAR,CLR,PAL,SHD,BRD	893	Blazing Greaves of Fennin Ro	legs
Blazing Fennin Ro Armor	Nagafen's Lair	WAR,CLR,PAL,SHD,BRD	892	Blazing Gauntlets of Fennin Ro	hands
Blazing Fennin Ro Armor	Nagafen's Lair	WAR,CLR,PAL,SHD,BRD	889	Blazing Boots of Fennin Ro	feet
Blazing Fennin Ro Armor	Nagafen's Lair	WAR,CLR,PAL,SHD,BRD	895	Blazing Vambraces	arms
Blighted Armor	Plane of Fear	NEC	904	Blighted Armband	wrist1
Blighted Armor	Plane of Fear	NEC	905	Blighted Boots	feet
Blighted Armor	Plane of Fear	NEC	906	Blighted Gloves	hands
Blighted Armor	Plane of Fear	NEC	909	Blighted Robe	chest
Blighted Armor	Plane of Fear	NEC	910	Blighted Skullcap	head
Blighted Armor	Plane of Fear	NEC	911	Blighted Sleeves	arms
Blighted Armor	Plane of Fear	NEC	912	Blighted Trousers	legs
Blood Ember Armor	Kunark (Trakanon / Venril Sathir)	SHD	941	Blood Ember Helm	head
Blood Ember Armor	Kunark (Trakanon / Venril Sathir)	SHD	938	Blood Ember Breastplate	chest
Blood Ember Armor	Kunark (Trakanon / Venril Sathir)	SHD	942	Blood Ember Vambraces	arms
Blood Ember Armor	Kunark (Trakanon / Venril Sathir)	SHD	937	Blood Ember Bracer	wrist1
Blood Ember Armor	Kunark (Trakanon / Venril Sathir)	SHD	939	Blood Ember Gauntlets	hands
Blood Ember Armor	Kunark (Trakanon / Venril Sathir)	SHD	940	Blood Ember Greaves	legs
Blood Ember Armor	Kunark (Trakanon / Venril Sathir)	SHD	936	Blood Ember Boots	feet
Blood Lord's Armor	Skyshrine	SHD	950	Blood Lord's Crown	head
Blood Lord's Armor	Skyshrine	SHD	949	Blood Lord's Breastplate	chest
Blood Lord's Armor	Skyshrine	SHD	953	Blood Lord's Vambraces	arms
Blood Lord's Armor	Skyshrine	SHD	948	Blood Lord's Bracer	wrist1
Blood Lord's Armor	Skyshrine	SHD	951	Blood Lord's Gauntlets	hands
Blood Lord's Armor	Skyshrine	SHD	952	Blood Lord's Greaves	legs
Blood Lord's Armor	Skyshrine	SHD	947	Blood Lord's Boots	feet
Blood Runed Armor	Velketor's Labyrinth	WAR,SHD,BRD,ROG	958	Blood Runed Gauntlets	hands
Blood Runed Armor	Velketor's Labyrinth	WAR,SHD,BRD,ROG	959	Blood Runed Girdle	waist
Blood Runed Armor	Velketor's Labyrinth	WAR,SHD,BRD,ROG	960	Blood Runed Greaves	legs
Blood Runed Armor	Velketor's Labyrinth	WAR,SHD,BRD,ROG	957	Blood Runed Boots	feet
Blood Runed Armor	Velketor's Labyrinth	WAR,SHD,BRD,ROG	961	Blood Runed Scimitar	primary
Blood Runed Armor	Velketor's Labyrinth	WAR,SHD,BRD,ROG	962	Blood Runed Short Sword	primary
Blue Wicker Armor	Stonebrunt Mountains	WAR,CLR,PAL,RNG,SHD,DRU,MNK,BRD,ROG,SHM	1038	Blue Wicker Boots	feet
Blue Wicker Armor	Stonebrunt Mountains	WAR,CLR,PAL,RNG,SHD,DRU,MNK,BRD,ROG,SHM	1048	Blue Wicker Wristbands	wrist1
Blue Wicker Armor	Stonebrunt Mountains	WAR,CLR,PAL,RNG,SHD,DRU,MNK,BRD,ROG,SHM	1039	Blue Wicker Cloak	back
Blue Wicker Armor	Stonebrunt Mountains	WAR,CLR,PAL,RNG,SHD,DRU,MNK,BRD,ROG,SHM	1047	Blue Wicker Tunic	chest
Blue Wicker Armor	Stonebrunt Mountains	WAR,CLR,PAL,RNG,SHD,DRU,MNK,BRD,ROG,SHM	1042	Blue Wicker Helm	head
Blue Wicker Armor	Stonebrunt Mountains	WAR,CLR,PAL,RNG,SHD,DRU,MNK,BRD,ROG,SHM	1040	Blue Wicker Gloves	hands
Blue Wicker Armor	Stonebrunt Mountains	WAR,CLR,PAL,RNG,SHD,DRU,MNK,BRD,ROG,SHM	1045	Blue Wicker Shoulderpads	shoulders
Blue Wicker Armor	Stonebrunt Mountains	WAR,CLR,PAL,RNG,SHD,DRU,MNK,BRD,ROG,SHM	1041	Blue Wicker Gorget	neck
Blue Wicker Armor	Stonebrunt Mountains	WAR,CLR,PAL,RNG,SHD,DRU,MNK,BRD,ROG,SHM	1043	Blue Wicker Leggings	legs
Blue Wicker Armor	Stonebrunt Mountains	WAR,CLR,PAL,RNG,SHD,DRU,MNK,BRD,ROG,SHM	1037	Blue Wicker Belt	waist
Blue Wicker Armor	Stonebrunt Mountains	WAR,CLR,PAL,RNG,SHD,DRU,MNK,BRD,ROG,SHM	1046	Blue Wicker Sleeves	arms
Blue Wicker Armor	Stonebrunt Mountains	WAR,CLR,PAL,RNG,SHD,DRU,MNK,BRD,ROG,SHM	1044	Blue Wicker Mask	face
Brigand's Armor	Thurgadin	ROG	1252	Brigand's Circlet	head
Brigand's Armor	Thurgadin	ROG	1251	Brigand's Chestguard	chest
Brigand's Armor	Thurgadin	ROG	1255	Brigand's Vambraces	arms
Brigand's Armor	Thurgadin	ROG	1250	Brigand's Bracer	wrist1
Brigand's Armor	Thurgadin	ROG	1253	Brigand's Gauntlets	hands
Brigand's Armor	Thurgadin	ROG	1254	Brigand's Greaves	legs
Brigand's Armor	Thurgadin	ROG	1249	Brigand's Boots	feet
Bristle Silk Armor		WAR,CLR,PAL,RNG,SHD,DRU,MNK,BRD,ROG,SHM,NEC,WIZ,MAG,ENC	1266	Bristle Silk Shawl	shoulders
Bristle Silk Armor		WAR,CLR,PAL,RNG,SHD,DRU,MNK,BRD,ROG,SHM,NEC,WIZ,MAG,ENC	1260	Bristle Silk Cap	head
Bristle Silk Armor		WAR,CLR,PAL,RNG,SHD,DRU,MNK,BRD,ROG,SHM,NEC,WIZ,MAG,ENC	1261	Bristle Silk Cape	back
Bristle Silk Armor		WAR,CLR,PAL,RNG,SHD,DRU,MNK,BRD,ROG,SHM,NEC,WIZ,MAG,ENC	1262	Bristle Silk Gloves	hands
Bristle Silk Armor		WAR,CLR,PAL,RNG,SHD,DRU,MNK,BRD,ROG,SHM,NEC,WIZ,MAG,ENC	1263	Bristle Silk Knickerbockers	legs
Bristle Silk Armor		WAR,CLR,PAL,RNG,SHD,DRU,MNK,BRD,ROG,SHM,NEC,WIZ,MAG,ENC	1264	Bristle Silk Neckerchief	neck
Bristle Silk Armor		WAR,CLR,PAL,RNG,SHD,DRU,MNK,BRD,ROG,SHM,NEC,WIZ,MAG,ENC	1265	Bristle Silk Sash	waist
Bristle Silk Armor		WAR,CLR,PAL,RNG,SHD,DRU,MNK,BRD,ROG,SHM,NEC,WIZ,MAG,ENC	1267	Bristle Silk Sleeves	arms
Bristle Silk Armor		WAR,CLR,PAL,RNG,SHD,DRU,MNK,BRD,ROG,SHM,NEC,WIZ,MAG,ENC	1268	Bristle Silk Stockings	feet
Bristle Silk Armor		WAR,CLR,PAL,RNG,SHD,DRU,MNK,BRD,ROG,SHM,NEC,WIZ,MAG,ENC	1269	Bristle Silk Tunic	chest
Bristle Silk Armor		WAR,CLR,PAL,RNG,SHD,DRU,MNK,BRD,ROG,SHM,NEC,WIZ,MAG,ENC	1270	Bristle Silk Veil	face
Bristle Silk Armor		WAR,CLR,PAL,RNG,SHD,DRU,MNK,BRD,ROG,SHM,NEC,WIZ,MAG,ENC	1271	Bristle Silk Wristband	wrist1
Bronze Armor Set	World drop	WAR,CLR,PAL,SHD,BRD	1295	Bronze Breastplate	chest
Bronze Armor Set	World drop	WAR,CLR,PAL,SHD,BRD	1333	Bronze Vambraces	arms
Bronze Armor Set	World drop	WAR,CLR,PAL,SHD,BRD	1303	Bronze Greaves	legs
Bronze Armor Set	World drop	WAR,CLR,PAL,SHD,BRD	1301	Bronze Gauntlets	hands
Bronze Armor Set	World drop	WAR,CLR,PAL,SHD,BRD	1292	Bronze Boots	feet
Bronze Armor Set	World drop	WAR,CLR,PAL,SHD,BRD	1302	Bronze Girdle	waist
Bronze Armor Set	World drop	WAR,CLR,PAL,SHD,BRD	1293	Bronze Bracers	wrist1
Bronze Armor Set	World drop	WAR,CLR,PAL,SHD,BRD	1305	Bronze Helm	head
Bronze Armor Set	World drop	WAR,CLR,PAL,SHD,BRD	1316	Bronze Pauldron	shoulders
Bronze Armor Set	World drop	WAR,CLR,PAL,SHD,BRD	1313	Bronze Mask	face
Bronze Armor Set	World drop	WAR,CLR,PAL,SHD,BRD	1297	Bronze Collar	neck
Bronze Armor Set	World drop	WAR,CLR,PAL,SHD,BRD	9286	Splinted Bronze Cloak	back
Burynai Hide Armor	Kurn's Tower	WAR,CLR,PAL,RNG,SHD,DRU,MNK,BRD,ROG,SHM	1390	Burynai Hide Tunic	chest
Burynai Hide Armor	Kurn's Tower	WAR,CLR,PAL,RNG,SHD,DRU,MNK,BRD,ROG,SHM	1380	Burynai Hide Boots	feet
Burynai Hide Armor	Kurn's Tower	WAR,CLR,PAL,RNG,SHD,DRU,MNK,BRD,ROG,SHM	1381	Burynai Hide Bracelets	wrist1
Burynai Hide Armor	Kurn's Tower	WAR,CLR,PAL,RNG,SHD,DRU,MNK,BRD,ROG,SHM	1382	Burynai Hide Cap	head
Burynai Hide Armor	Kurn's Tower	WAR,CLR,PAL,RNG,SHD,DRU,MNK,BRD,ROG,SHM	1383	Burynai Hide Choker	neck
Burynai Hide Armor	Kurn's Tower	WAR,CLR,PAL,RNG,SHD,DRU,MNK,BRD,ROG,SHM	1384	Burynai Hide Cloak	back
Burynai Hide Armor	Kurn's Tower	WAR,CLR,PAL,RNG,SHD,DRU,MNK,BRD,ROG,SHM	1385	Burynai Hide Gloves	hands
Burynai Hide Armor	Kurn's Tower	WAR,CLR,PAL,RNG,SHD,DRU,MNK,BRD,ROG,SHM	1386	Burynai Hide Mask	face
Burynai Hide Armor	Kurn's Tower	WAR,CLR,PAL,RNG,SHD,DRU,MNK,BRD,ROG,SHM	1387	Burynai Hide Pants	legs
Burynai Hide Armor	Kurn's Tower	WAR,CLR,PAL,RNG,SHD,DRU,MNK,BRD,ROG,SHM	1388	Burynai Hide Shoulder Pads	shoulders
Burynai Hide Armor	Kurn's Tower	WAR,CLR,PAL,RNG,SHD,DRU,MNK,BRD,ROG,SHM	1389	Burynai Hide Sleeves	arms
Cabilis Scale Mail	Crafted	WAR,SHD,SHM	1433	Cabilis Scale Cap	head
Cabilis Scale Mail	Crafted	WAR,SHD,SHM	1440	Cabilis Scale Mask	face
Cabilis Scale Mail	Crafted	WAR,SHD,SHM	1437	Cabilis Scale Gorget	neck
Cabilis Scale Mail	Crafted	WAR,SHD,SHM	1439	Cabilis Scale Mantle	shoulders
Cabilis Scale Mail	Crafted	WAR,SHD,SHM	1435	Cabilis Scale Coat	chest
Cabilis Scale Mail	Crafted	WAR,SHD,SHM	1434	Cabilis Scale Cape	back
Cabilis Scale Mail	Crafted	WAR,SHD,SHM	1441	Cabilis Scale Sleeves	arms
Cabilis Scale Mail	Crafted	WAR,SHD,SHM	1432	Cabilis Scale Bracelet	wrist1
Cabilis Scale Mail	Crafted	WAR,SHD,SHM	1430	Cabilis Scale Belt	waist
Cabilis Scale Mail	Crafted	WAR,SHD,SHM	1436	Cabilis Scale Gloves	hands
Cabilis Scale Mail	Crafted	WAR,SHD,SHM	1438	Cabilis Scale Leggings	legs
Cabilis Scale Mail	Crafted	WAR,SHD,SHM	1431	Cabilis Scale Boots	feet
Carmine Armor	Plane of Fear	WIZ	1469	Carmine Boots	feet
Carmine Armor	Plane of Fear	WIZ	1470	Carmine Gloves	hands
Carmine Armor	Plane of Fear	WIZ	1471	Carmine Pants	legs
Carmine Armor	Plane of Fear	WIZ	1472	Carmine Robe	chest
Carmine Armor	Plane of Fear	WIZ	1473	Carmine Sleeves	arms
Carmine Armor	Plane of Fear	WIZ	1475	Carmine Trinket	wrist1
Carmine Armor	Plane of Fear	WIZ	1476	Carmine Turban	head
Chainmail / Iron Armor Set		WAR,CLR,PAL,RNG,SHD,BRD,ROG,SHM	1578	Chainmail Skirt	waist
Chainmail / Iron Armor Set		WAR,CLR,PAL,RNG,SHD,BRD,ROG,SHM	1565	Chainmail Bracelet	wrist1
Chainmail / Iron Armor Set		WAR,CLR,PAL,RNG,SHD,BRD,ROG,SHM	1567	Chainmail Cape	back
Chainmail / Iron Armor Set		WAR,CLR,PAL,RNG,SHD,BRD,ROG,SHM	1569	Chainmail Coat	chest
Chainmail / Iron Armor Set		WAR,CLR,PAL,RNG,SHD,BRD,ROG,SHM	1572	Chainmail Gloves	hands
Chainmail / Iron Armor Set		WAR,CLR,PAL,RNG,SHD,BRD,ROG,SHM	1562	Chain Coif	head
Chainmail / Iron Armor Set		WAR,CLR,PAL,RNG,SHD,BRD,ROG,SHM	1573	Chainmail Mantle	shoulders
Chainmail / Iron Armor Set		WAR,CLR,PAL,RNG,SHD,BRD,ROG,SHM	1575	Chainmail Neckguard	neck
Chainmail / Iron Armor Set		WAR,CLR,PAL,RNG,SHD,BRD,ROG,SHM	5160	Iron Armplates	arms
Chainmail / Iron Armor Set		WAR,CLR,PAL,RNG,SHD,BRD,ROG,SHM	5172	Iron Legplates	legs
Chainmail / Iron Armor Set		WAR,CLR,PAL,RNG,SHD,BRD,ROG,SHM	5161	Iron Boots	feet
Chainmail / Iron Armor Set		WAR,CLR,PAL,RNG,SHD,BRD,ROG,SHM	5173	Iron Mask	face
Cloth Armor Set		WAR,CLR,PAL,RNG,SHD,DRU,MNK,BRD,ROG,SHM,NEC,WIZ,MAG,ENC	1763	Cloth Shirt	chest
Cloth Armor Set		WAR,CLR,PAL,RNG,SHD,DRU,MNK,BRD,ROG,SHM,NEC,WIZ,MAG,ENC	1764	Cloth Sleeves	arms
Cloth Armor Set		WAR,CLR,PAL,RNG,SHD,DRU,MNK,BRD,ROG,SHM,NEC,WIZ,MAG,ENC	1760	Cloth Pants	legs
Cloth Armor Set		WAR,CLR,PAL,RNG,SHD,DRU,MNK,BRD,ROG,SHM,NEC,WIZ,MAG,ENC	1759	Cloth Gloves	hands
Cloth Armor Set		WAR,CLR,PAL,RNG,SHD,DRU,MNK,BRD,ROG,SHM,NEC,WIZ,MAG,ENC	1761	Cloth Sandals	feet
Cloth Armor Set		WAR,CLR,PAL,RNG,SHD,DRU,MNK,BRD,ROG,SHM,NEC,WIZ,MAG,ENC	1758	Cloth Cord	waist
Cloth Armor Set		WAR,CLR,PAL,RNG,SHD,DRU,MNK,BRD,ROG,SHM,NEC,WIZ,MAG,ENC	1766	Cloth Wristband	wrist1
Cloth Armor Set		WAR,CLR,PAL,RNG,SHD,DRU,MNK,BRD,ROG,SHM,NEC,WIZ,MAG,ENC	1754	Cloth Cap	head
Cloth Armor Set		WAR,CLR,PAL,RNG,SHD,DRU,MNK,BRD,ROG,SHM,NEC,WIZ,MAG,ENC	1762	Cloth Shawl	shoulders
Cloth Armor Set		WAR,CLR,PAL,RNG,SHD,DRU,MNK,BRD,ROG,SHM,NEC,WIZ,MAG,ENC	1765	Cloth Veil	face
Cloth Armor Set		WAR,CLR,PAL,RNG,SHD,DRU,MNK,BRD,ROG,SHM,NEC,WIZ,MAG,ENC	1756	Cloth Choker	neck
Cloth Armor Set		WAR,CLR,PAL,RNG,SHD,DRU,MNK,BRD,ROG,SHM,NEC,WIZ,MAG,ENC	1755	Cloth Cape	back
Cobalt Armor	Kunark (Trakanon / Venril Sathir)	WAR	1797	Cobalt Helm	head
Cobalt Armor	Kunark (Trakanon / Venril Sathir)	WAR	1779	Cobalt Breastplate	chest
Cobalt Armor	Kunark (Trakanon / Venril Sathir)	WAR	1799	Cobalt Vambraces	arms
Cobalt Armor	Kunark (Trakanon / Venril Sathir)	WAR	1778	Cobalt Bracer	wrist1
Cobalt Armor	Kunark (Trakanon / Venril Sathir)	WAR	1795	Cobalt Gauntlets	hands
Cobalt Armor	Kunark (Trakanon / Venril Sathir)	WAR	1796	Cobalt Greaves	legs
Cobalt Armor	Kunark (Trakanon / Venril Sathir)	WAR	1777	Cobalt Boots	feet
Cobalt Drake Armor	Crafted	WAR,CLR,PAL,RNG,SHD,DRU,BRD,ROG,SHM	1793	Cobalt Drake Tunic	chest
Cobalt Drake Armor	Crafted	WAR,CLR,PAL,RNG,SHD,DRU,BRD,ROG,SHM	1792	Cobalt Drake Sleeves	arms
Cobalt Drake Armor	Crafted	WAR,CLR,PAL,RNG,SHD,DRU,BRD,ROG,SHM	1788	Cobalt Drake Leggings	legs
Cobalt Drake Armor	Crafted	WAR,CLR,PAL,RNG,SHD,DRU,BRD,ROG,SHM	1794	Cobalt Drake Wristbands	wrist1
Cobalt Drake Armor	Crafted	WAR,CLR,PAL,RNG,SHD,DRU,BRD,ROG,SHM	1783	Cobalt Drake Boots	feet
Cobalt Drake Armor	Crafted	WAR,CLR,PAL,RNG,SHD,DRU,BRD,ROG,SHM	1782	Cobalt Drake Belt	waist
Cobalt Drake Armor	Crafted	WAR,CLR,PAL,RNG,SHD,DRU,BRD,ROG,SHM	1784	Cobalt Drake Cloak	back
Cobalt Drake Armor	Crafted	WAR,CLR,PAL,RNG,SHD,DRU,BRD,ROG,SHM	1789	Cobalt Drake Mask	face
Cobalt Drake Armor	Crafted	WAR,CLR,PAL,RNG,SHD,DRU,BRD,ROG,SHM	1790	Cobalt Drake Shoulderpads	shoulders
Cobalt Drake Armor	Crafted	WAR,CLR,PAL,RNG,SHD,DRU,BRD,ROG,SHM	1786	Cobalt Drake Gorget	neck
Cobalt Drake Armor	Crafted	WAR,CLR,PAL,RNG,SHD,DRU,BRD,ROG,SHM	1785	Cobalt Drake Gloves	hands
Cobalt Drake Armor	Crafted	WAR,CLR,PAL,RNG,SHD,DRU,BRD,ROG,SHM	1791	Cobalt Drake Skullcap	head
Cold Iron Armor	The Warrens	WAR,CLR,PAL,SHD,BRD	1817	Cold Iron Helm	head
Cold Iron Armor	The Warrens	WAR,CLR,PAL,SHD,BRD	1818	Cold Iron Mask	face
Cold Iron Armor	The Warrens	WAR,CLR,PAL,SHD,BRD	1813	Cold Iron Collar	neck
Cold Iron Armor	The Warrens	WAR,CLR,PAL,SHD,BRD	1812	Cold Iron Breastplate	chest
Cold Iron Armor	The Warrens	WAR,CLR,PAL,SHD,BRD	1820	Cold Iron Pauldron	shoulders
Cold Iron Armor	The Warrens	WAR,CLR,PAL,SHD,BRD	1815	Cold Iron Girdle	waist
Cold Iron Armor	The Warrens	WAR,CLR,PAL,SHD,BRD	1822	Cold Iron Vambraces	arms
Cold Iron Armor	The Warrens	WAR,CLR,PAL,SHD,BRD	1811	Cold Iron Bracers	wrist1
Cold Iron Armor	The Warrens	WAR,CLR,PAL,SHD,BRD	1814	Cold Iron Gauntlets	hands
Cold Iron Armor	The Warrens	WAR,CLR,PAL,SHD,BRD	1816	Cold Iron Greaves	legs
Cold Iron Armor	The Warrens	WAR,CLR,PAL,SHD,BRD	1810	Cold Iron Boots	feet
Cold Steel Amor	Velketor's Labyrinth	WAR,CLR,PAL,SHD,BRD	1825	Cold Steel Breastplate	chest
Cold Steel Amor	Velketor's Labyrinth	WAR,CLR,PAL,SHD,BRD	1828	Cold Steel Helmet	head
Cold Steel Amor	Velketor's Labyrinth	WAR,CLR,PAL,SHD,BRD	1824	Cold Steel Boots	feet
Cold Steel Amor	Velketor's Labyrinth	WAR,CLR,PAL,SHD,BRD	1827	Cold Steel Greaves	legs
Cold Steel Amor	Velketor's Labyrinth	WAR,CLR,PAL,SHD,BRD	1829	Cold Steel Vambraces	arms
Cold Steel Amor	Velketor's Labyrinth	WAR,CLR,PAL,SHD,BRD	1826	Cold Steel Gauntlets	hands
Combine Weapons	Vendor	WAR,CLR,PAL,RNG,SHD,DRU,MNK,BRD,ROG,SHM,NEC,WIZ,MAG,ENC	1873	Combine Dagger	primary
Combine Weapons	Vendor	WAR,CLR,PAL,RNG,SHD,DRU,MNK,BRD,ROG,SHM,NEC,WIZ,MAG,ENC	1874	Combine Great Staff	primary
Combine Weapons	Vendor	WAR,CLR,PAL,RNG,SHD,DRU,MNK,BRD,ROG,SHM,NEC,WIZ,MAG,ENC	1875	Combine Long Sword	primary
Combine Weapons	Vendor	WAR,CLR,PAL,RNG,SHD,DRU,MNK,BRD,ROG,SHM,NEC,WIZ,MAG,ENC	1876	Combine Morning Star	primary
Combine Weapons	Vendor	WAR,CLR,PAL,RNG,SHD,DRU,MNK,BRD,ROG,SHM,NEC,WIZ,MAG,ENC	1877	Combine Rapier	primary
Combine Weapons	Vendor	WAR,CLR,PAL,RNG,SHD,DRU,MNK,BRD,ROG,SHM,NEC,WIZ,MAG,ENC	1878	Combine Scimitar	primary
Combine Weapons	Vendor	WAR,CLR,PAL,RNG,SHD,DRU,MNK,BRD,ROG,SHM,NEC,WIZ,MAG,ENC	1879	Combine Short Sword	primary
Combine Weapons	Vendor	WAR,CLR,PAL,RNG,SHD,DRU,MNK,BRD,ROG,SHM,NEC,WIZ,MAG,ENC	1880	Combine Spear	primary
Combine Weapons	Vendor	WAR,CLR,PAL,RNG,SHD,DRU,MNK,BRD,ROG,SHM,NEC,WIZ,MAG,ENC	1881	Combine Two Handed Sword	primary
Combine Weapons	Vendor	WAR,CLR,PAL,RNG,SHD,DRU,MNK,BRD,ROG,SHM,NEC,WIZ,MAG,ENC	1882	Combine Warhammer	primary
Crafted Velium Weapons	Dragon Necropolis	WAR,CLR,PAL,RNG,SHD,DRU,MNK,BRD,ROG,SHM,NEC,WIZ,MAG,ENC	1972	Crafted Velium Battle Axe	primary
Crafted Velium Weapons	Dragon Necropolis	WAR,CLR,PAL,RNG,SHD,DRU,MNK,BRD,ROG,SHM,NEC,WIZ,MAG,ENC	1973	Crafted Velium Brawl Stick	primary
Crafted Velium Weapons	Dragon Necropolis	WAR,CLR,PAL,RNG,SHD,DRU,MNK,BRD,ROG,SHM,NEC,WIZ,MAG,ENC	1974	Crafted Velium Claidhmore	primary
Crafted Velium Weapons	Dragon Necropolis	WAR,CLR,PAL,RNG,SHD,DRU,MNK,BRD,ROG,SHM,NEC,WIZ,MAG,ENC	1975	Crafted Velium Knuckledusters	primary
Crafted Velium Weapons	Dragon Necropolis	WAR,CLR,PAL,RNG,SHD,DRU,MNK,BRD,ROG,SHM,NEC,WIZ,MAG,ENC	1976	Crafted Velium Spear	primary
Crafted Velium Weapons	Dragon Necropolis	WAR,CLR,PAL,RNG,SHD,DRU,MNK,BRD,ROG,SHM,NEC,WIZ,MAG,ENC	1977	Crafted Velium War Lance	primary
Crafted Velium Weapons	Dragon Necropolis	WAR,CLR,PAL,RNG,SHD,DRU,MNK,BRD,ROG,SHM,NEC,WIZ,MAG,ENC	1978	Crafted Velium Warsword	primary
Crazy Cleric Armor	Plane of Mischief	CLR	1992	Crazy Cleric Helm	head
Crazy Cleric Armor	Plane of Mischief	CLR	1988	Crazy Cleric Breastplate	chest
Crazy Cleric Armor	Plane of Mischief	CLR	1986	Crazy Cleric Arm Plate	arms
Crazy Cleric Armor	Plane of Mischief	CLR	1993	Crazy Cleric Wrist Guard	wrist1
Crazy Cleric Armor	Plane of Mischief	CLR	1990	Crazy Cleric Gauntlets	hands
Crazy Cleric Armor	Plane of Mischief	CLR	1991	Crazy Cleric Greaves	legs
Crazy Cleric Armor	Plane of Mischief	CLR	1987	Crazy Cleric Boots	feet
Crescent Armor Set	Dalnir	MNK	1996	Crescent Arm Wraps	arms
Crescent Armor Set	Dalnir	MNK	1998	Crescent Fighting Gloves	hands
Crescent Armor Set	Dalnir	MNK	1999	Crescent Gi	chest
Crescent Armor Set	Dalnir	MNK	2000	Crescent Headband	head
Crescent Armor Set	Dalnir	MNK	2001	Crescent Pants	legs
Crescent Armor Set	Dalnir	MNK	2002	Crescent Slippers	feet
Crustacean Shell Armor	Cobalt Scar	WAR,CLR,PAL,RNG,SHD,DRU,BRD,ROG,SHM	2077	Crustacean Shell Helm	head
Crustacean Shell Armor	Cobalt Scar	WAR,CLR,PAL,RNG,SHD,DRU,BRD,ROG,SHM	2074	Crustacean Shell Breastplate	chest
Crustacean Shell Armor	Cobalt Scar	WAR,CLR,PAL,RNG,SHD,DRU,BRD,ROG,SHM	2079	Crustacean Shell Vambraces	arms
Crustacean Shell Armor	Cobalt Scar	WAR,CLR,PAL,RNG,SHD,DRU,BRD,ROG,SHM	2073	Crustacean Shell Bracers	wrist1
Crustacean Shell Armor	Cobalt Scar	WAR,CLR,PAL,RNG,SHD,DRU,BRD,ROG,SHM	2075	Crustacean Shell Gauntlets	hands
Crustacean Shell Armor	Cobalt Scar	WAR,CLR,PAL,RNG,SHD,DRU,BRD,ROG,SHM	2076	Crustacean Shell Greaves	legs
Crustacean Shell Armor	Cobalt Scar	WAR,CLR,PAL,RNG,SHD,DRU,BRD,ROG,SHM	2072	Crustacean Shell Boots	feet
Crustacean Shell Armor	Cobalt Scar	WAR,CLR,PAL,RNG,SHD,DRU,BRD,ROG,SHM	2078	Crustacean Shell Shield	secondary
Cryosilk Armor	Plane of Fear	BRD,NEC,WIZ,MAG,ENC	2080	Cryosilk Amice	shoulders
Cryosilk Armor	Plane of Fear	BRD,NEC,WIZ,MAG,ENC	2081	Cryosilk Bracelet	wrist1
Cryosilk Armor	Plane of Fear	BRD,NEC,WIZ,MAG,ENC	2082	Cryosilk Cap	head
Cryosilk Armor	Plane of Fear	BRD,NEC,WIZ,MAG,ENC	2083	Cryosilk Choker	neck
Cryosilk Armor	Plane of Fear	BRD,NEC,WIZ,MAG,ENC	2084	Cryosilk Cloak	back
Cryosilk Armor	Plane of Fear	BRD,NEC,WIZ,MAG,ENC	2085	Cryosilk Gloves	hands
Cryosilk Armor	Plane of Fear	BRD,NEC,WIZ,MAG,ENC	2086	Cryosilk Lined Shoes	feet
Cryosilk Armor	Plane of Fear	BRD,NEC,WIZ,MAG,ENC	2087	Cryosilk Pantaloons	legs
Cryosilk Armor	Plane of Fear	BRD,NEC,WIZ,MAG,ENC	2088	Cryosilk Robe	chest
Cryosilk Armor	Plane of Fear	BRD,NEC,WIZ,MAG,ENC	2089	Cryosilk Sash	waist
Cryosilk Armor	Plane of Fear	BRD,NEC,WIZ,MAG,ENC	2090	Cryosilk Sleeves	arms
Cryosilk Armor	Plane of Fear	BRD,NEC,WIZ,MAG,ENC	2091	Cryosilk Veil	face
Cryosilk Armor	Plane of Fear	BRD,NEC,WIZ,MAG,ENC	2092	Cryosilk Webshield	secondary
Crystal Chitin Armor	Velketor's Labyrinth	WAR,CLR,PAL,RNG,SHD,DRU,MNK,BRD,ROG,SHM,NEC,WIZ,MAG,ENC	2098	Crystal Chitin Chestguard	chest
Crystal Chitin Armor	Velketor's Labyrinth	WAR,CLR,PAL,RNG,SHD,DRU,MNK,BRD,ROG,SHM,NEC,WIZ,MAG,ENC	2101	Crystal Chitin Leggings	legs
Crystal Chitin Armor	Velketor's Labyrinth	WAR,CLR,PAL,RNG,SHD,DRU,MNK,BRD,ROG,SHM,NEC,WIZ,MAG,ENC	2096	Crystal Chitin Armplates	arms
Crystal Chitin Armor	Velketor's Labyrinth	WAR,CLR,PAL,RNG,SHD,DRU,MNK,BRD,ROG,SHM,NEC,WIZ,MAG,ENC	2099	Crystal Chitin Circlet	head
Crystal Chitin Armor	Velketor's Labyrinth	WAR,CLR,PAL,RNG,SHD,DRU,MNK,BRD,ROG,SHM,NEC,WIZ,MAG,ENC	2100	Crystal Chitin Gauntlets	hands
Crystal Chitin Armor	Velketor's Labyrinth	WAR,CLR,PAL,RNG,SHD,DRU,MNK,BRD,ROG,SHM,NEC,WIZ,MAG,ENC	2097	Crystal Chitin Boots	feet
Crystal Chitin Armor	Velketor's Labyrinth	WAR,CLR,PAL,RNG,SHD,DRU,MNK,BRD,ROG,SHM,NEC,WIZ,MAG,ENC	2102	Crystal Chitin Shield	secondary
Crystalline Silk Armor		WAR,CLR,PAL,RNG,SHD,DRU,MNK,BRD,ROG,SHM,NEC,WIZ,MAG,ENC	2131	Crystalline Silk Cloak	back
Crystalline Silk Armor		WAR,CLR,PAL,RNG,SHD,DRU,MNK,BRD,ROG,SHM,NEC,WIZ,MAG,ENC	2132	Crystalline Silk Collar	neck
Crystalline Silk Armor		WAR,CLR,PAL,RNG,SHD,DRU,MNK,BRD,ROG,SHM,NEC,WIZ,MAG,ENC	2142	Crystalline Silk Shirt	chest
Crystalline Silk Armor		WAR,CLR,PAL,RNG,SHD,DRU,MNK,BRD,ROG,SHM,NEC,WIZ,MAG,ENC	2134	Crystalline Silk Gloves	hands
Crystalline Silk Armor		WAR,CLR,PAL,RNG,SHD,DRU,MNK,BRD,ROG,SHM,NEC,WIZ,MAG,ENC	2130	Crystalline Silk Cap	head
Crystalline Silk Armor		WAR,CLR,PAL,RNG,SHD,DRU,MNK,BRD,ROG,SHM,NEC,WIZ,MAG,ENC	2140	Crystalline Silk Pantaloons	legs
Crystalline Silk Armor		WAR,CLR,PAL,RNG,SHD,DRU,MNK,BRD,ROG,SHM,NEC,WIZ,MAG,ENC	2135	Crystalline Silk Mantle	shoulders
Crystalline Silk Armor		WAR,CLR,PAL,RNG,SHD,DRU,MNK,BRD,ROG,SHM,NEC,WIZ,MAG,ENC	2136	Crystalline Silk Mask	face
Crystalline Silk Armor		WAR,CLR,PAL,RNG,SHD,DRU,MNK,BRD,ROG,SHM,NEC,WIZ,MAG,ENC	2144	Crystalline Silk Slippers	feet
Crystalline Silk Armor		WAR,CLR,PAL,RNG,SHD,DRU,MNK,BRD,ROG,SHM,NEC,WIZ,MAG,ENC	2141	Crystalline Silk Sash	waist
Crystalline Silk Armor		WAR,CLR,PAL,RNG,SHD,DRU,MNK,BRD,ROG,SHM,NEC,WIZ,MAG,ENC	2143	Crystalline Silk Sleeves	arms
Crystalline Silk Armor		WAR,CLR,PAL,RNG,SHD,DRU,MNK,BRD,ROG,SHM,NEC,WIZ,MAG,ENC	2147	Crystalline Silk Wristbands	wrist1
Crystallized Shadow Armor	Tower of Frozen Shadow	WAR,CLR,PAL,SHD,MNK,BRD,ROG,SHM	2154	Crystallized Shadow Belt	waist
Crystallized Shadow Armor	Tower of Frozen Shadow	WAR,CLR,PAL,SHD,MNK,BRD,ROG,SHM	2155	Crystallized Shadow Boots	feet
Crystallized Shadow Armor	Tower of Frozen Shadow	WAR,CLR,PAL,SHD,MNK,BRD,ROG,SHM	2156	Crystallized Shadow Bracer	wrist1
Crystallized Shadow Armor	Tower of Frozen Shadow	WAR,CLR,PAL,SHD,MNK,BRD,ROG,SHM	2159	Crystallized Shadow Gloves	hands
Crystallized Shadow Armor	Tower of Frozen Shadow	WAR,CLR,PAL,SHD,MNK,BRD,ROG,SHM	2160	Crystallized Shadow Helm	head
Crystallized Shadow Armor	Tower of Frozen Shadow	WAR,CLR,PAL,SHD,MNK,BRD,ROG,SHM	2161	Crystallized Shadow Leggings	legs
Crystallized Shadow Armor	Tower of Frozen Shadow	WAR,CLR,PAL,SHD,MNK,BRD,ROG,SHM	2166	Crystallized Shadow Sleeves	arms
Crystallized Shadow Armor	Tower of Frozen Shadow	WAR,CLR,PAL,SHD,MNK,BRD,ROG,SHM	2169	Crystallized Shadow Tunic	chest
Crystallized Shadow Weapons	Tower of Frozen Shadow	WAR,CLR,PAL,RNG,SHD,DRU,MNK,BRD,ROG,SHM,NEC,WIZ,MAG,ENC	2157	Crystallized Shadow Claymore	primary
Crystallized Shadow Weapons	Tower of Frozen Shadow	WAR,CLR,PAL,RNG,SHD,DRU,MNK,BRD,ROG,SHM,NEC,WIZ,MAG,ENC	2158	Crystallized Shadow Dagger	primary
Crystallized Shadow Weapons	Tower of Frozen Shadow	WAR,CLR,PAL,RNG,SHD,DRU,MNK,BRD,ROG,SHM,NEC,WIZ,MAG,ENC	2162	Crystallized Shadow Long Sword	primary
Crystallized Shadow Weapons	Tower of Frozen Shadow	WAR,CLR,PAL,RNG,SHD,DRU,MNK,BRD,ROG,SHM,NEC,WIZ,MAG,ENC	2163	Crystallized Shadow Rapier	primary
Crystallized Shadow Weapons	Tower of Frozen Shadow	WAR,CLR,PAL,RNG,SHD,DRU,MNK,BRD,ROG,SHM,NEC,WIZ,MAG,ENC	2164	Crystallized Shadow Scimitar	primary
Crystallized Shadow Weapons	Tower of Frozen Shadow	WAR,CLR,PAL,RNG,SHD,DRU,MNK,BRD,ROG,SHM,NEC,WIZ,MAG,ENC	2165	Crystallized Shadow Short Sword	primary
Crystallized Shadow Weapons	Tower of Frozen Shadow	WAR,CLR,PAL,RNG,SHD,DRU,MNK,BRD,ROG,SHM,NEC,WIZ,MAG,ENC	2167	Crystallized Shadow Spear	primary
Crystallized Shadow Weapons	Tower of Frozen Shadow	WAR,CLR,PAL,RNG,SHD,DRU,MNK,BRD,ROG,SHM,NEC,WIZ,MAG,ENC	2168	Crystallized Shadow Star	primary
Crystallized Shadow Weapons	Tower of Frozen Shadow	WAR,CLR,PAL,RNG,SHD,DRU,MNK,BRD,ROG,SHM,NEC,WIZ,MAG,ENC	2170	Crystallized Shadow Warhammer	primary
Cured Silk Armor Set		MNK	2181	Cured Silk Cloak	back
Cured Silk Armor Set		MNK	2182	Cured Silk Collar	neck
Cured Silk Armor Set		MNK	2183	Cured Silk Gi	chest
Cured Silk Armor Set		MNK	2184	Cured Silk Handwraps	hands
Cured Silk Armor Set		MNK	2185	Cured Silk Headband	head
Cured Silk Armor Set		MNK	2186	Cured Silk Leggings	legs
Cured Silk Armor Set		MNK	2187	Cured Silk Mantle	shoulders
Cured Silk Armor Set		MNK	2188	Cured Silk Mask	face
Cured Silk Armor Set		MNK	2189	Cured Silk Sandals	feet
Cured Silk Armor Set		MNK	2190	Cured Silk Sash	waist
Cured Silk Armor Set		MNK	2191	Cured Silk Sleeves	arms
Cured Silk Armor Set		MNK	2192	Cured Silk Wristbands	wrist1
Curscale Armor Quest		WAR,CLR,PAL,RNG,SHD,DRU,MNK,BRD,ROG,SHM	2195	Curscale Belt	waist
Curscale Armor Quest		WAR,CLR,PAL,RNG,SHD,DRU,MNK,BRD,ROG,SHM	2196	Curscale Boots	feet
Curscale Armor Quest		WAR,CLR,PAL,RNG,SHD,DRU,MNK,BRD,ROG,SHM	2198	Curscale Cape	back
Curscale Armor Quest		WAR,CLR,PAL,RNG,SHD,DRU,MNK,BRD,ROG,SHM	2199	Curscale Choker	neck
Curscale Armor Quest		WAR,CLR,PAL,RNG,SHD,DRU,MNK,BRD,ROG,SHM	2200	Curscale Gloves	hands
Curscale Armor Quest		WAR,CLR,PAL,RNG,SHD,DRU,MNK,BRD,ROG,SHM	2201	Curscale Leggings	legs
Curscale Armor Quest		WAR,CLR,PAL,RNG,SHD,DRU,MNK,BRD,ROG,SHM	2202	Curscale Shawl	shoulders
Curscale Armor Quest		WAR,CLR,PAL,RNG,SHD,DRU,MNK,BRD,ROG,SHM	2203	Curscale Skullcap	head
Curscale Armor Quest		WAR,CLR,PAL,RNG,SHD,DRU,MNK,BRD,ROG,SHM	2204	Curscale Sleeves	arms
Curscale Armor Quest		WAR,CLR,PAL,RNG,SHD,DRU,MNK,BRD,ROG,SHM	2205	Curscale Snout Mount	face
Curscale Armor Quest		WAR,CLR,PAL,RNG,SHD,DRU,MNK,BRD,ROG,SHM	2206	Curscale Tunic	chest
Damask Armor Set	Najena	NEC,WIZ,MAG,ENC	2263	Damask Amice	shoulders
Damask Armor Set	Najena	NEC,WIZ,MAG,ENC	2264	Damask Cap	head
Damask Armor Set	Najena	NEC,WIZ,MAG,ENC	2265	Damask Cape	back
Damask Armor Set	Najena	NEC,WIZ,MAG,ENC	2266	Damask Collar	neck
Damask Armor Set	Najena	NEC,WIZ,MAG,ENC	2267	Damask Gloves	hands
Damask Armor Set	Najena	NEC,WIZ,MAG,ENC	2268	Damask Leggings	legs
Damask Armor Set	Najena	NEC,WIZ,MAG,ENC	2269	Damask Robe	chest
Damask Armor Set	Najena	NEC,WIZ,MAG,ENC	2270	Damask Sash	waist
Damask Armor Set	Najena	NEC,WIZ,MAG,ENC	2271	Damask Sleeves	arms
Damask Armor Set	Najena	NEC,WIZ,MAG,ENC	2272	Damask Veil	face
Damask Armor Set	Najena	NEC,WIZ,MAG,ENC	2273	Damask Wristbands	wrist1
Dark Muslin Armor Set	Runnyeye Citadel	DRU,MNK,NEC,WIZ,MAG,ENC	2297	Dark Muslin Sash	waist
Dark Muslin Armor Set	Runnyeye Citadel	DRU,MNK,NEC,WIZ,MAG,ENC	2295	Dark Muslin Gloves	hands
Dark Muslin Armor Set	Runnyeye Citadel	DRU,MNK,NEC,WIZ,MAG,ENC	2294	Dark Muslin Collar	neck
Dark Muslin Armor Set	Runnyeye Citadel	DRU,MNK,NEC,WIZ,MAG,ENC	2296	Dark Muslin Leggings	legs
Dark Muslin Armor Set	Runnyeye Citadel	DRU,MNK,NEC,WIZ,MAG,ENC	2300	Dark Muslin Veil	face
Dark Muslin Armor Set	Runnyeye Citadel	DRU,MNK,NEC,WIZ,MAG,ENC	2292	Dark Muslin Amice	shoulders
Dark Muslin Armor Set	Runnyeye Citadel	DRU,MNK,NEC,WIZ,MAG,ENC	2293	Dark Muslin Cap	head
Dark Muslin Armor Set	Runnyeye Citadel	DRU,MNK,NEC,WIZ,MAG,ENC	2298	Dark Muslin Sleeves	arms
Dark Muslin Armor Set	Runnyeye Citadel	DRU,MNK,NEC,WIZ,MAG,ENC	2299	Dark Muslin Tunic	chest
Dark Muslin Armor Set	Runnyeye Citadel	DRU,MNK,NEC,WIZ,MAG,ENC	2301	Dark Muslin Wristbands	wrist1
Dazzling Armor	Kael Drakkel	ENC	2350	Dazzling Circlet	head
Dazzling Armor	Kael Drakkel	ENC	2352	Dazzling Robe	chest
Dazzling Armor	Kael Drakkel	ENC	2353	Dazzling Sleeves	arms
Dazzling Armor	Kael Drakkel	ENC	2356	Dazzling Wristguard	wrist1
Dazzling Armor	Kael Drakkel	ENC	2351	Dazzling Gloves	hands
Dazzling Armor	Kael Drakkel	ENC	2355	Dazzling Trousers	legs
Dazzling Armor	Kael Drakkel	ENC	2354	Dazzling Slippers	feet
Deceiver's Armor	Kael Drakkel	ROG	2384	Deceiver's Crown	head
Deceiver's Armor	Kael Drakkel	ROG	2383	Deceiver's Chestguard	chest
Deceiver's Armor	Kael Drakkel	ROG	2387	Deceiver's Vambraces	arms
Deceiver's Armor	Kael Drakkel	ROG	2382	Deceiver's Bracer	wrist1
Deceiver's Armor	Kael Drakkel	ROG	2385	Deceiver's Gauntlets	hands
Deceiver's Armor	Kael Drakkel	ROG	2386	Deceiver's Greaves	legs
Deceiver's Armor	Kael Drakkel	ROG	2381	Deceiver's Boots	feet
Deepwater Armor	Kunark (Trakanon / Venril Sathir)	PAL	2402	Deepwater Helm	head
Deepwater Armor	Kunark (Trakanon / Venril Sathir)	PAL	2397	Deepwater Breastplate	chest
Deepwater Armor	Kunark (Trakanon / Venril Sathir)	PAL	2404	Deepwater Vambraces	arms
Deepwater Armor	Kunark (Trakanon / Venril Sathir)	PAL	2396	Deepwater Bracer	wrist1
Deepwater Armor	Kunark (Trakanon / Venril Sathir)	PAL	2398	Deepwater Gauntlets	hands
Deepwater Armor	Kunark (Trakanon / Venril Sathir)	PAL	2400	Deepwater Greaves	legs
Deepwater Armor	Kunark (Trakanon / Venril Sathir)	PAL	2395	Deepwater Boots	feet
Donal's Armor of Mourning	Kunark (Trakanon / Venril Sathir)	CLR	2500	Donal's Helm of Mourning	head
Donal's Armor of Mourning	Kunark (Trakanon / Venril Sathir)	CLR	2498	Donal's Chestplate of Mourning	chest
Donal's Armor of Mourning	Kunark (Trakanon / Venril Sathir)	CLR	2502	Donal's Vambraces of Mourning	arms
Donal's Armor of Mourning	Kunark (Trakanon / Venril Sathir)	CLR	2497	Donal's Bracer of Mourning	wrist1
Donal's Armor of Mourning	Kunark (Trakanon / Venril Sathir)	CLR	2499	Donal's Gauntlets of Mourning	hands
Donal's Armor of Mourning	Kunark (Trakanon / Venril Sathir)	CLR	2501	Donal's Leggings of Mourning	legs
Donal's Armor of Mourning	Kunark (Trakanon / Venril Sathir)	CLR	2496	Donal's Boots of Mourning	feet
Dragon Talismans		WAR,CLR,PAL,RNG,SHD,DRU,MNK,BRD,ROG,SHM,NEC,WIZ,MAG,ENC	10977	Zlandicar's Talisman	neck
Dragon Talismans		WAR,CLR,PAL,RNG,SHD,DRU,MNK,BRD,ROG,SHM,NEC,WIZ,MAG,ENC	3549	Frakadar's Talisman	neck
Dragon Talismans		WAR,CLR,PAL,RNG,SHD,DRU,MNK,BRD,ROG,SHM,NEC,WIZ,MAG,ENC	3359	First Brood Talisman	neck
Dragon Talismans		WAR,CLR,PAL,RNG,SHD,DRU,MNK,BRD,ROG,SHM,NEC,WIZ,MAG,ENC	10953	Yelinak's Talisman	neck
Dragon Talismans		WAR,CLR,PAL,RNG,SHD,DRU,MNK,BRD,ROG,SHM,NEC,WIZ,MAG,ENC	5813	Lendiniara's Talisman	neck
Dragon Talismans		WAR,CLR,PAL,RNG,SHD,DRU,MNK,BRD,ROG,SHM,NEC,WIZ,MAG,ENC	5369	Klandicar's Talisman	neck
Dragon Talismans		WAR,CLR,PAL,RNG,SHD,DRU,MNK,BRD,ROG,SHM,NEC,WIZ,MAG,ENC	9127	Sontalak's Talisman	neck
Dragon Talismans		WAR,CLR,PAL,RNG,SHD,DRU,MNK,BRD,ROG,SHM,NEC,WIZ,MAG,ENC	469	Ayillish's Talisman	neck
Dragon Talismans		WAR,CLR,PAL,RNG,SHD,DRU,MNK,BRD,ROG,SHM,NEC,WIZ,MAG,ENC	2424	Derasinel's Talisman	neck
Dragon Talismans		WAR,CLR,PAL,RNG,SHD,DRU,MNK,BRD,ROG,SHM,NEC,WIZ,MAG,ENC	2509	Draazak's Talisman	neck
Dragon Talismans		WAR,CLR,PAL,RNG,SHD,DRU,MNK,BRD,ROG,SHM,NEC,WIZ,MAG,ENC	3042	Entariz's Talisman	neck
Dragon Talismans		WAR,CLR,PAL,RNG,SHD,DRU,MNK,BRD,ROG,SHM,NEC,WIZ,MAG,ENC	4321	Harla Dar's Talisman	neck
Dragon Talismans		WAR,CLR,PAL,RNG,SHD,DRU,MNK,BRD,ROG,SHM,NEC,WIZ,MAG,ENC	5305	Karkona's Talisman	neck
Dragon Talismans		WAR,CLR,PAL,RNG,SHD,DRU,MNK,BRD,ROG,SHM,NEC,WIZ,MAG,ENC	5302	Kar Sapara's Talisman	neck
Dragon Talismans		WAR,CLR,PAL,RNG,SHD,DRU,MNK,BRD,ROG,SHM,NEC,WIZ,MAG,ENC	5156	Ionat's Talisman	neck
Dragon Talismans		WAR,CLR,PAL,RNG,SHD,DRU,MNK,BRD,ROG,SHM,NEC,WIZ,MAG,ENC	5272	Jen Sapara's Talisman	neck
Dragon Talismans		WAR,CLR,PAL,RNG,SHD,DRU,MNK,BRD,ROG,SHM,NEC,WIZ,MAG,ENC	2408	Del Sapara's Talisman	neck
Dragon Talismans		WAR,CLR,PAL,RNG,SHD,DRU,MNK,BRD,ROG,SHM,NEC,WIZ,MAG,ENC	3058	Esorpa's Talisman	neck
Dragon Talismans		WAR,CLR,PAL,RNG,SHD,DRU,MNK,BRD,ROG,SHM,NEC,WIZ,MAG,ENC	3834	Glati's Talisman	neck
Dragon Talismans		WAR,CLR,PAL,RNG,SHD,DRU,MNK,BRD,ROG,SHM,NEC,WIZ,MAG,ENC	6456	Neordla's Talisman	neck
Dragon Talismans		WAR,CLR,PAL,RNG,SHD,DRU,MNK,BRD,ROG,SHM,NEC,WIZ,MAG,ENC	444	Atpaev's Talisman	neck
Dragon Talismans		WAR,CLR,PAL,RNG,SHD,DRU,MNK,BRD,ROG,SHM,NEC,WIZ,MAG,ENC	1216	Bratavar's Talisman	neck
Dragon Talismans		WAR,CLR,PAL,RNG,SHD,DRU,MNK,BRD,ROG,SHM,NEC,WIZ,MAG,ENC	1354	Bufa's Talisman	neck
Dragon Talismans		WAR,CLR,PAL,RNG,SHD,DRU,MNK,BRD,ROG,SHM,NEC,WIZ,MAG,ENC	1468	Cargalia's Talisman	neck
Dragon Talismans		WAR,CLR,PAL,RNG,SHD,DRU,MNK,BRD,ROG,SHM,NEC,WIZ,MAG,ENC	3673	Gafala's Talisman	neck
Dragon Talismans		WAR,CLR,PAL,RNG,SHD,DRU,MNK,BRD,ROG,SHM,NEC,WIZ,MAG,ENC	3678	Gangel's Talisman	neck
Dragon Talismans		WAR,CLR,PAL,RNG,SHD,DRU,MNK,BRD,ROG,SHM,NEC,WIZ,MAG,ENC	4410	Hechaeva's Talisman	neck
Dragon Talismans		WAR,CLR,PAL,RNG,SHD,DRU,MNK,BRD,ROG,SHM,NEC,WIZ,MAG,ENC	4504	Honvar's Talisman	neck
Dragon Talismans		WAR,CLR,PAL,RNG,SHD,DRU,MNK,BRD,ROG,SHM,NEC,WIZ,MAG,ENC	5856	Linbrak's Talisman	neck
Dragon Talismans		WAR,CLR,PAL,RNG,SHD,DRU,MNK,BRD,ROG,SHM,NEC,WIZ,MAG,ENC	5996	Makala's Talisman	neck
Dragon Talismans		WAR,CLR,PAL,RNG,SHD,DRU,MNK,BRD,ROG,SHM,NEC,WIZ,MAG,ENC	6126	Mazi's Talisman	neck
Dragon Talismans		WAR,CLR,PAL,RNG,SHD,DRU,MNK,BRD,ROG,SHM,NEC,WIZ,MAG,ENC	6392	Myga's Talisman	neck
Dragon Talismans		WAR,CLR,PAL,RNG,SHD,DRU,MNK,BRD,ROG,SHM,NEC,WIZ,MAG,ENC	6687	Onava's Talisman	neck
Dragon Talismans		WAR,CLR,PAL,RNG,SHD,DRU,MNK,BRD,ROG,SHM,NEC,WIZ,MAG,ENC	6810	Pantrilla's Talisman	neck
Dragon Talismans		WAR,CLR,PAL,RNG,SHD,DRU,MNK,BRD,ROG,SHM,NEC,WIZ,MAG,ENC	7263	Quoza's Talisman	neck
Dragon Talismans		WAR,CLR,PAL,RNG,SHD,DRU,MNK,BRD,ROG,SHM,NEC,WIZ,MAG,ENC	10129	Uiliak`s Talisman	neck
Dragon Talismans		WAR,CLR,PAL,RNG,SHD,DRU,MNK,BRD,ROG,SHM,NEC,WIZ,MAG,ENC	10456	Vitaela's Talisman	neck
Dragon Talismans		WAR,CLR,PAL,RNG,SHD,DRU,MNK,BRD,ROG,SHM,NEC,WIZ,MAG,ENC	10459	Von's Talisman	neck
Dragon Talismans		WAR,CLR,PAL,RNG,SHD,DRU,MNK,BRD,ROG,SHM,NEC,WIZ,MAG,ENC	10463	Vraptin's Talisman	neck
Dragon Talismans		WAR,CLR,PAL,RNG,SHD,DRU,MNK,BRD,ROG,SHM,NEC,WIZ,MAG,ENC	10942	Yal's Talisman	neck
Dragon Talismans		WAR,CLR,PAL,RNG,SHD,DRU,MNK,BRD,ROG,SHM,NEC,WIZ,MAG,ENC	10949	Yeldema's Talisman	neck
Dusty Burlap Armor	The Warrens	WAR,CLR,PAL,RNG,SHD,DRU,MNK,BRD,ROG,SHM,NEC,WIZ,MAG,ENC	2620	Dusty Burlap Cape	back
Dusty Burlap Armor	The Warrens	WAR,CLR,PAL,RNG,SHD,DRU,MNK,BRD,ROG,SHM,NEC,WIZ,MAG,ENC	2621	Dusty Burlap Collar	neck
Dusty Burlap Armor	The Warrens	WAR,CLR,PAL,RNG,SHD,DRU,MNK,BRD,ROG,SHM,NEC,WIZ,MAG,ENC	2622	Dusty Burlap Cord	waist
Dusty Burlap Armor	The Warrens	WAR,CLR,PAL,RNG,SHD,DRU,MNK,BRD,ROG,SHM,NEC,WIZ,MAG,ENC	2623	Dusty Burlap Gloves	hands
Dusty Burlap Armor	The Warrens	WAR,CLR,PAL,RNG,SHD,DRU,MNK,BRD,ROG,SHM,NEC,WIZ,MAG,ENC	2624	Dusty Burlap Hood	head
Dusty Burlap Armor	The Warrens	WAR,CLR,PAL,RNG,SHD,DRU,MNK,BRD,ROG,SHM,NEC,WIZ,MAG,ENC	2625	Dusty Burlap Pants	legs
Dusty Burlap Armor	The Warrens	WAR,CLR,PAL,RNG,SHD,DRU,MNK,BRD,ROG,SHM,NEC,WIZ,MAG,ENC	2626	Dusty Burlap Sandals	feet
Dusty Burlap Armor	The Warrens	WAR,CLR,PAL,RNG,SHD,DRU,MNK,BRD,ROG,SHM,NEC,WIZ,MAG,ENC	2627	Dusty Burlap Shawl	shoulders
Dusty Burlap Armor	The Warrens	WAR,CLR,PAL,RNG,SHD,DRU,MNK,BRD,ROG,SHM,NEC,WIZ,MAG,ENC	2628	Dusty Burlap Shirt	chest
Dusty Burlap Armor	The Warrens	WAR,CLR,PAL,RNG,SHD,DRU,MNK,BRD,ROG,SHM,NEC,WIZ,MAG,ENC	2629	Dusty Burlap Sleeves	arms
Dusty Burlap Armor	The Warrens	WAR,CLR,PAL,RNG,SHD,DRU,MNK,BRD,ROG,SHM,NEC,WIZ,MAG,ENC	2630	Dusty Burlap Veil	face
Dusty Burlap Armor	The Warrens	WAR,CLR,PAL,RNG,SHD,DRU,MNK,BRD,ROG,SHM,NEC,WIZ,MAG,ENC	2631	Dusty Burlap Wristband	wrist1
Dwarven Chain	Crafted	WAR,CLR,PAL,RNG,SHD,BRD,ROG,SHM	2657	Dwarven Chain Boots	feet
Dwarven Chain	Crafted	WAR,CLR,PAL,RNG,SHD,BRD,ROG,SHM	2658	Dwarven Chain Bracelet	wrist1
Dwarven Chain	Crafted	WAR,CLR,PAL,RNG,SHD,BRD,ROG,SHM	2660	Dwarven Chain Coif	head
Dwarven Chain	Crafted	WAR,CLR,PAL,RNG,SHD,BRD,ROG,SHM	2661	Dwarven Chain Gloves	hands
Dwarven Chain	Crafted	WAR,CLR,PAL,RNG,SHD,BRD,ROG,SHM	2663	Dwarven Chain Leggings	legs
Dwarven Chain	Crafted	WAR,CLR,PAL,RNG,SHD,BRD,ROG,SHM	2664	Dwarven Chain Mail	chest
Dwarven Chain	Crafted	WAR,CLR,PAL,RNG,SHD,BRD,ROG,SHM	2667	Dwarven Chain Sleeves	arms
Dwarven Plate	Crafted	WAR,CLR,PAL	2670	Dwarven Plate Boots	feet
Dwarven Plate	Crafted	WAR,CLR,PAL	2672	Dwarven Plate Bracers	wrist1
Dwarven Plate	Crafted	WAR,CLR,PAL	2656	Dwarven Plate Breastplate	chest
Dwarven Plate	Crafted	WAR,CLR,PAL	2677	Dwarven Plate Gauntlets	hands
Dwarven Plate	Crafted	WAR,CLR,PAL	2681	Dwarven Plate Greaves	legs
Dwarven Plate	Crafted	WAR,CLR,PAL	2683	Dwarven Plate Helm	head
Dwarven Plate	Crafted	WAR,CLR,PAL	2687	Dwarven Plate Vambraces	arms
Efreeti Weapons	Plane of Sky	WAR,CLR,PAL,RNG,SHD,DRU,MNK,BRD,ROG,SHM,NEC,WIZ,MAG,ENC	2753	Efreeti Battle Axe	primary
Efreeti Weapons	Plane of Sky	WAR,CLR,PAL,RNG,SHD,DRU,MNK,BRD,ROG,SHM,NEC,WIZ,MAG,ENC	2755	Efreeti Dirk	secondary
Efreeti Weapons	Plane of Sky	WAR,CLR,PAL,RNG,SHD,DRU,MNK,BRD,ROG,SHM,NEC,WIZ,MAG,ENC	2758	Efreeti Long Sword	primary
Efreeti Weapons	Plane of Sky	WAR,CLR,PAL,RNG,SHD,DRU,MNK,BRD,ROG,SHM,NEC,WIZ,MAG,ENC	2759	Efreeti Mace	primary
Efreeti Weapons	Plane of Sky	WAR,CLR,PAL,RNG,SHD,DRU,MNK,BRD,ROG,SHM,NEC,WIZ,MAG,ENC	2760	Efreeti Magi Staff	primary
Efreeti Weapons	Plane of Sky	WAR,CLR,PAL,RNG,SHD,DRU,MNK,BRD,ROG,SHM,NEC,WIZ,MAG,ENC	2761	Efreeti Scimitar	primary
Efreeti Weapons	Plane of Sky	WAR,CLR,PAL,RNG,SHD,DRU,MNK,BRD,ROG,SHM,NEC,WIZ,MAG,ENC	2762	Efreeti Standard	secondary
Efreeti Weapons	Plane of Sky	WAR,CLR,PAL,RNG,SHD,DRU,MNK,BRD,ROG,SHM,NEC,WIZ,MAG,ENC	2769	Efreeti War Shield	secondary
Efreeti Weapons	Plane of Sky	WAR,CLR,PAL,RNG,SHD,DRU,MNK,BRD,ROG,SHM,NEC,WIZ,MAG,ENC	2764	Efreeti War Axe	primary
Efreeti Weapons	Plane of Sky	WAR,CLR,PAL,RNG,SHD,DRU,MNK,BRD,ROG,SHM,NEC,WIZ,MAG,ENC	2767	Efreeti War Horn	primary
Efreeti Weapons	Plane of Sky	WAR,CLR,PAL,RNG,SHD,DRU,MNK,BRD,ROG,SHM,NEC,WIZ,MAG,ENC	2770	Efreeti War Spear	primary
Efreeti Weapons	Plane of Sky	WAR,CLR,PAL,RNG,SHD,DRU,MNK,BRD,ROG,SHM,NEC,WIZ,MAG,ENC	2771	Efreeti War Staff	primary
Efreeti Weapons	Plane of Sky	WAR,CLR,PAL,RNG,SHD,DRU,MNK,BRD,ROG,SHM,NEC,WIZ,MAG,ENC	2766	Efreeti War Club	primary
Efreeti Weapons	Plane of Sky	WAR,CLR,PAL,RNG,SHD,DRU,MNK,BRD,ROG,SHM,NEC,WIZ,MAG,ENC	2768	Efreeti War Maul	primary
Efreeti Weapons	Plane of Sky	WAR,CLR,PAL,RNG,SHD,DRU,MNK,BRD,ROG,SHM,NEC,WIZ,MAG,ENC	2765	Efreeti War Bow	range
Efreeti Weapons	Plane of Sky	WAR,CLR,PAL,RNG,SHD,DRU,MNK,BRD,ROG,SHM,NEC,WIZ,MAG,ENC	2772	Efreeti Wind Staff	primary
Efreeti Weapons	Plane of Sky	WAR,CLR,PAL,RNG,SHD,DRU,MNK,BRD,ROG,SHM,NEC,WIZ,MAG,ENC	2773	Efreeti Zweihander	primary
Elder Spiritist's Armor	Kunark (Trakanon / Venril Sathir)	DRU	2785	Elder Spiritist's Helm	head
Elder Spiritist's Armor	Kunark (Trakanon / Venril Sathir)	DRU	2782	Elder Spiritist's Breastplate	chest
Elder Spiritist's Armor	Kunark (Trakanon / Venril Sathir)	DRU	2786	Elder Spiritist's Vambraces	arms
Elder Spiritist's Armor	Kunark (Trakanon / Venril Sathir)	DRU	2781	Elder Spiritist's Bracer	wrist1
Elder Spiritist's Armor	Kunark (Trakanon / Venril Sathir)	DRU	2783	Elder Spiritist's Gauntlets	hands
Elder Spiritist's Armor	Kunark (Trakanon / Venril Sathir)	DRU	2784	Elder Spiritist's Greaves	legs
Elder Spiritist's Armor	Kunark (Trakanon / Venril Sathir)	DRU	2780	Elder Spiritist's Boots	feet
Electrum Full Plate	Crafted	WAR,CLR,PAL,SHD,BRD	2798	Electrum Full Plate Boots	feet
Electrum Full Plate	Crafted	WAR,CLR,PAL,SHD,BRD	2799	Electrum Full Plate Bracer	wrist1
Electrum Full Plate	Crafted	WAR,CLR,PAL,SHD,BRD	2801	Electrum Full Plate Gauntlets	hands
Electrum Full Plate	Crafted	WAR,CLR,PAL,SHD,BRD	2803	Electrum Full Plate Greaves	legs
Electrum Full Plate	Crafted	WAR,CLR,PAL,SHD,BRD	2804	Electrum Full Plate Helm	head
Electrum Full Plate	Crafted	WAR,CLR,PAL,SHD,BRD	2806	Electrum Full Plate Vambraces	arms
Electrum Full Plate Armor	Crafted	WAR,CLR,PAL,SHD,BRD	2797	Electrum Full Breastplate	chest
Electrum Full Plate Armor	Crafted	WAR,CLR,PAL,SHD,BRD	2798	Electrum Full Plate Boots	feet
Electrum Full Plate Armor	Crafted	WAR,CLR,PAL,SHD,BRD	2799	Electrum Full Plate Bracer	wrist1
Electrum Full Plate Armor	Crafted	WAR,CLR,PAL,SHD,BRD	2800	Electrum Full Plate Collar	neck
Electrum Full Plate Armor	Crafted	WAR,CLR,PAL,SHD,BRD	2801	Electrum Full Plate Gauntlets	hands
Electrum Full Plate Armor	Crafted	WAR,CLR,PAL,SHD,BRD	2802	Electrum Full Plate Girdle	waist
Electrum Full Plate Armor	Crafted	WAR,CLR,PAL,SHD,BRD	2803	Electrum Full Plate Greaves	legs
Electrum Full Plate Armor	Crafted	WAR,CLR,PAL,SHD,BRD	2804	Electrum Full Plate Helm	head
Electrum Full Plate Armor	Crafted	WAR,CLR,PAL,SHD,BRD	2805	Electrum Full Plate Pauldron	shoulders
Electrum Full Plate Armor	Crafted	WAR,CLR,PAL,SHD,BRD	2806	Electrum Full Plate Vambraces	arms
Electrum Full Plate Armor	Crafted	WAR,CLR,PAL,SHD,BRD	2807	Electrum Full Plate Visor	face
Electrum Full Plate Armor	Crafted	WAR,CLR,PAL,SHD,BRD	2808	Electrum Full Splinted Cloak	back
Elven Chainmail	Crafted	WAR,CLR,PAL,RNG,DRU,BRD,ROG,WIZ,MAG,ENC	2837	Elven Chainmail Boots	feet
Elven Chainmail	Crafted	WAR,CLR,PAL,RNG,DRU,BRD,ROG,WIZ,MAG,ENC	2838	Elven Chainmail Bracelet	wrist1
Elven Chainmail	Crafted	WAR,CLR,PAL,RNG,DRU,BRD,ROG,WIZ,MAG,ENC	2840	Elven Chainmail Gloves	hands
Elven Chainmail	Crafted	WAR,CLR,PAL,RNG,DRU,BRD,ROG,WIZ,MAG,ENC	2841	Elven Chainmail Leggings	legs
Elven Chainmail	Crafted	WAR,CLR,PAL,RNG,DRU,BRD,ROG,WIZ,MAG,ENC	2845	Elven Chainmail Sleeves	arms
Elven Chainmail	Crafted	WAR,CLR,PAL,RNG,DRU,BRD,ROG,WIZ,MAG,ENC	2846	Elven Chainmail Tunic	chest
Enchanted Dwarven Plate	Crafted	WAR,CLR,PAL,SHD	2914	Enchanted Dwarven Plate Boots	feet
Enchanted Dwarven Plate	Crafted	WAR,CLR,PAL,SHD	2915	Enchanted Dwarven Plate Bracers	wrist1
Enchanted Dwarven Plate	Crafted	WAR,CLR,PAL,SHD	2917	Enchanted Dwarven Plate Gauntlets	hands
Enchanted Dwarven Plate	Crafted	WAR,CLR,PAL,SHD	2919	Enchanted Dwarven Plate Greaves	legs
Enchanted Dwarven Plate	Crafted	WAR,CLR,PAL,SHD	2920	Enchanted Dwarven Plate Helm	head
Enchanted Dwarven Plate	Crafted	WAR,CLR,PAL,SHD	2922	Enchanted Dwarven Plate Vambraces	arms
Etched Iron Armor	Stonebrunt Mountains	WAR,CLR,PAL,SHD,BRD	3079	Etched Iron Boots	feet
Etched Iron Armor	Stonebrunt Mountains	WAR,CLR,PAL,SHD,BRD	3080	Etched Iron Bracers	wrist1
Etched Iron Armor	Stonebrunt Mountains	WAR,CLR,PAL,SHD,BRD	3081	Etched Iron Breastplate	chest
Etched Iron Armor	Stonebrunt Mountains	WAR,CLR,PAL,SHD,BRD	3082	Etched Iron Collar	neck
Etched Iron Armor	Stonebrunt Mountains	WAR,CLR,PAL,SHD,BRD	3083	Etched Iron Gauntlets	hands
Etched Iron Armor	Stonebrunt Mountains	WAR,CLR,PAL,SHD,BRD	3084	Etched Iron Girdle	waist
Etched Iron Armor	Stonebrunt Mountains	WAR,CLR,PAL,SHD,BRD	3085	Etched Iron Greaves	legs
Etched Iron Armor	Stonebrunt Mountains	WAR,CLR,PAL,SHD,BRD	3086	Etched Iron Helm	head
Etched Iron Armor	Stonebrunt Mountains	WAR,CLR,PAL,SHD,BRD	3087	Etched Iron Mask	face
Etched Iron Armor	Stonebrunt Mountains	WAR,CLR,PAL,SHD,BRD	3088	Etched Iron Pauldron	shoulders
Etched Iron Armor	Stonebrunt Mountains	WAR,CLR,PAL,SHD,BRD	3089	Etched Iron Vambraces	arms
Etched Velium Weapons	Dragon Necropolis	WAR,CLR,PAL,RNG,SHD,DRU,MNK,BRD,ROG,SHM,NEC,WIZ,MAG,ENC	3095	Etched Velium Battle Axe	primary
Etched Velium Weapons	Dragon Necropolis	WAR,CLR,PAL,RNG,SHD,DRU,MNK,BRD,ROG,SHM,NEC,WIZ,MAG,ENC	3096	Etched Velium Battlehammer	primary
Etched Velium Weapons	Dragon Necropolis	WAR,CLR,PAL,RNG,SHD,DRU,MNK,BRD,ROG,SHM,NEC,WIZ,MAG,ENC	3097	Etched Velium Brawl Stick	primary
Etched Velium Weapons	Dragon Necropolis	WAR,CLR,PAL,RNG,SHD,DRU,MNK,BRD,ROG,SHM,NEC,WIZ,MAG,ENC	3098	Etched Velium War Lance	primary
Etched Velium Weapons	Dragon Necropolis	WAR,CLR,PAL,RNG,SHD,DRU,MNK,BRD,ROG,SHM,NEC,WIZ,MAG,ENC	3099	Etched Velium Warsword	primary
Ethereal Mist Armor	Plane of Hate	CLR	3104	Ethereal Mist Boots	feet
Ethereal Mist Armor	Plane of Hate	CLR	3105	Ethereal Mist Bracers	wrist1
Ethereal Mist Armor	Plane of Hate	CLR	3106	Ethereal Mist Chestplate	chest
Ethereal Mist Armor	Plane of Hate	CLR	3107	Ethereal Mist Gauntlets	hands
Ethereal Mist Armor	Plane of Hate	CLR	3108	Ethereal Mist Greaves	legs
Ethereal Mist Armor	Plane of Hate	CLR	3109	Ethereal Mist Helm	head
Ethereal Mist Armor	Plane of Hate	CLR	3110	Ethereal Mist Vambraces	arms
Exquisite Velium Weapons		WAR,CLR,PAL,RNG,SHD,DRU,MNK,BRD,ROG,SHM,NEC,WIZ,MAG,ENC	3141	Exquisite Velium Battlehammer	primary
Exquisite Velium Weapons		WAR,CLR,PAL,RNG,SHD,DRU,MNK,BRD,ROG,SHM,NEC,WIZ,MAG,ENC	3142	Exquisite Velium Brawl Stick	primary
Exquisite Velium Weapons		WAR,CLR,PAL,RNG,SHD,DRU,MNK,BRD,ROG,SHM,NEC,WIZ,MAG,ENC	3145	Exquisite Velium Spear	primary
Exquisite Velium Weapons		WAR,CLR,PAL,RNG,SHD,DRU,MNK,BRD,ROG,SHM,NEC,WIZ,MAG,ENC	3143	Exquisite Velium Claidhmore	primary
Exquisite Velium Weapons		WAR,CLR,PAL,RNG,SHD,DRU,MNK,BRD,ROG,SHM,NEC,WIZ,MAG,ENC	3146	Exquisite Velium War Lance	primary
Exquisite Velium Weapons		WAR,CLR,PAL,RNG,SHD,DRU,MNK,BRD,ROG,SHM,NEC,WIZ,MAG,ENC	3144	Exquisite Velium Reinforced Bow	range
Exquisite Velium Weapons		WAR,CLR,PAL,RNG,SHD,DRU,MNK,BRD,ROG,SHM,NEC,WIZ,MAG,ENC	3140	Exquisite Velium Battle Axe	primary
Exquisite Velium Weapons		WAR,CLR,PAL,RNG,SHD,DRU,MNK,BRD,ROG,SHM,NEC,WIZ,MAG,ENC	3147	Exquisite Velium Warsword	primary
Fading Shadow Weapons	Tower of Frozen Shadow	WAR,CLR,PAL,RNG,SHD,DRU,MNK,BRD,ROG,SHM,NEC,WIZ,MAG,ENC	3182	Fading Shadow Claymore	primary
Fading Shadow Weapons	Tower of Frozen Shadow	WAR,CLR,PAL,RNG,SHD,DRU,MNK,BRD,ROG,SHM,NEC,WIZ,MAG,ENC	3183	Fading Shadow Dagger	primary
Fading Shadow Weapons	Tower of Frozen Shadow	WAR,CLR,PAL,RNG,SHD,DRU,MNK,BRD,ROG,SHM,NEC,WIZ,MAG,ENC	3184	Fading Shadow Long Sword	primary
Fading Shadow Weapons	Tower of Frozen Shadow	WAR,CLR,PAL,RNG,SHD,DRU,MNK,BRD,ROG,SHM,NEC,WIZ,MAG,ENC	3185	Fading Shadow Rapier	primary
Fading Shadow Weapons	Tower of Frozen Shadow	WAR,CLR,PAL,RNG,SHD,DRU,MNK,BRD,ROG,SHM,NEC,WIZ,MAG,ENC	3186	Fading Shadow Scimitar	primary
Fading Shadow Weapons	Tower of Frozen Shadow	WAR,CLR,PAL,RNG,SHD,DRU,MNK,BRD,ROG,SHM,NEC,WIZ,MAG,ENC	3187	Fading Shadow Short Sword	primary
Fading Shadow Weapons	Tower of Frozen Shadow	WAR,CLR,PAL,RNG,SHD,DRU,MNK,BRD,ROG,SHM,NEC,WIZ,MAG,ENC	3188	Fading Shadow Spear	primary
Fading Shadow Weapons	Tower of Frozen Shadow	WAR,CLR,PAL,RNG,SHD,DRU,MNK,BRD,ROG,SHM,NEC,WIZ,MAG,ENC	3189	Fading Shadow Staff	primary
Fading Shadow Weapons	Tower of Frozen Shadow	WAR,CLR,PAL,RNG,SHD,DRU,MNK,BRD,ROG,SHM,NEC,WIZ,MAG,ENC	3190	Fading Shadow Star	primary
Fading Shadow Weapons	Tower of Frozen Shadow	WAR,CLR,PAL,RNG,SHD,DRU,MNK,BRD,ROG,SHM,NEC,WIZ,MAG,ENC	3191	Fading Shadow Warhammer	primary
Fine Plate	Crafted	WAR,CLR,PAL,SHD,BRD	8872	Small Fine Steel Breastplate	chest
Fine Plate	Crafted	WAR,CLR,PAL,SHD,BRD	8869	Small Fine Plate Vambraces	arms
Fine Plate	Crafted	WAR,CLR,PAL,SHD,BRD	8866	Small Fine Plate Greaves	legs
Fine Plate	Crafted	WAR,CLR,PAL,SHD,BRD	8864	Small Fine Plate Gauntlets	hands
Fine Plate	Crafted	WAR,CLR,PAL,SHD,BRD	8861	Small Fine Plate Boots	feet
Fine Plate	Crafted	WAR,CLR,PAL,SHD,BRD	8865	Small Fine Plate Girdle	waist
Fine Plate	Crafted	WAR,CLR,PAL,SHD,BRD	8862	Small Fine Plate Bracer	wrist1
Fine Plate	Crafted	WAR,CLR,PAL,SHD,BRD	8867	Small Fine Plate Helm	head
Fine Plate	Crafted	WAR,CLR,PAL,SHD,BRD	8871	Small Fine Splinted Cloak	back
Fine Plate	Crafted	WAR,CLR,PAL,SHD,BRD	8868	Small Fine Plate Pauldron	shoulders
Fine Plate	Crafted	WAR,CLR,PAL,SHD,BRD	8870	Small Fine Plate Visor	face
Fine Plate	Crafted	WAR,CLR,PAL,SHD,BRD	8863	Small Fine Plate Collar	neck
Fine Plate	Crafted	WAR,CLR,PAL,SHD,BRD	3289	Fine Plate Breastplate	chest
Fine Plate	Crafted	WAR,CLR,PAL,SHD,BRD	3296	Fine Plate Vambraces	arms
Fine Plate	Crafted	WAR,CLR,PAL,SHD,BRD	3293	Fine Plate Greaves	legs
Fine Plate	Crafted	WAR,CLR,PAL,SHD,BRD	3291	Fine Plate Gauntlets	hands
Fine Plate	Crafted	WAR,CLR,PAL,SHD,BRD	3287	Fine Plate Boots	feet
Fine Plate	Crafted	WAR,CLR,PAL,SHD,BRD	3292	Fine Plate Girdle	waist
Fine Plate	Crafted	WAR,CLR,PAL,SHD,BRD	3288	Fine Plate Bracer	wrist1
Fine Plate	Crafted	WAR,CLR,PAL,SHD,BRD	3294	Fine Plate Helm	head
Fine Plate	Crafted	WAR,CLR,PAL,SHD,BRD	3299	Fine Splinted Cloak	back
Fine Plate	Crafted	WAR,CLR,PAL,SHD,BRD	3295	Fine Plate Pauldron	shoulders
Fine Plate	Crafted	WAR,CLR,PAL,SHD,BRD	3297	Fine Plate Visor	face
Fine Plate	Crafted	WAR,CLR,PAL,SHD,BRD	3290	Fine Plate Collar	neck
Fine Plate	Crafted	WAR,CLR,PAL,SHD,BRD	5583	Large Fine Steel Breastplate	chest
Fine Plate	Crafted	WAR,CLR,PAL,SHD,BRD	5580	Large Fine Plate Vambraces	arms
Fine Plate	Crafted	WAR,CLR,PAL,SHD,BRD	5577	Large Fine Plate Greaves	legs
Fine Plate	Crafted	WAR,CLR,PAL,SHD,BRD	5575	Large Fine Plate Gauntlets	hands
Fine Plate	Crafted	WAR,CLR,PAL,SHD,BRD	5572	Large Fine Plate Boots	feet
Fine Plate	Crafted	WAR,CLR,PAL,SHD,BRD	5576	Large Fine Plate Girdle	waist
Fine Plate	Crafted	WAR,CLR,PAL,SHD,BRD	5573	Large Fine Plate Bracer	wrist1
Fine Plate	Crafted	WAR,CLR,PAL,SHD,BRD	5578	Large Fine Plate Helm	head
Fine Plate	Crafted	WAR,CLR,PAL,SHD,BRD	5582	Large Fine Splinted Cloak	back
Fine Plate	Crafted	WAR,CLR,PAL,SHD,BRD	5579	Large Fine Plate Pauldron	shoulders
Fine Plate	Crafted	WAR,CLR,PAL,SHD,BRD	5581	Large Fine Plate Visor	face
Fine Plate	Crafted	WAR,CLR,PAL,SHD,BRD	5574	Large Fine Plate Collar	neck
Flayed Paebala Armor Set	Dragon Necropolis	WAR,CLR,PAL,RNG,SHD,DRU,MNK,BRD,ROG,SHM,NEC	3429	Flayed Paebala Boots	feet
Flayed Paebala Armor Set	Dragon Necropolis	WAR,CLR,PAL,RNG,SHD,DRU,MNK,BRD,ROG,SHM,NEC	3430	Flayed Paebala Gloves	hands
Flayed Paebala Armor Set	Dragon Necropolis	WAR,CLR,PAL,RNG,SHD,DRU,MNK,BRD,ROG,SHM,NEC	3431	Flayed Paebala Leggings	legs
Flayed Paebala Armor Set	Dragon Necropolis	WAR,CLR,PAL,RNG,SHD,DRU,MNK,BRD,ROG,SHM,NEC	3432	Flayed Paebala Tunic	chest
Flayed Skin Armor	Karnor's Castle	SHD,NEC	3433	Flayed Skin Boots	feet
Flayed Skin Armor	Karnor's Castle	SHD,NEC	3434	Flayed Skin Bracers	wrist1
Flayed Skin Armor	Karnor's Castle	SHD,NEC	3435	Flayed Skin Cap	head
Flayed Skin Armor	Karnor's Castle	SHD,NEC	3436	Flayed Skin Leggings	legs
Flayed Skin Armor	Karnor's Castle	SHD,NEC	3437	Flayed Skin Sleeves	arms
Flayed Skin Armor	Karnor's Castle	SHD,NEC	3438	Flayed Skin Tunic	chest
Focused Ethereal Weapons	Skyshrine	WAR,CLR,PAL,RNG,SHD,DRU,MNK,BRD,ROG,SHM,NEC,WIZ,MAG,ENC	3456	Focused Ethereal Dagger	primary
Focused Ethereal Weapons	Skyshrine	WAR,CLR,PAL,RNG,SHD,DRU,MNK,BRD,ROG,SHM,NEC,WIZ,MAG,ENC	3457	Focused Ethereal Great Staff	primary
Focused Ethereal Weapons	Skyshrine	WAR,CLR,PAL,RNG,SHD,DRU,MNK,BRD,ROG,SHM,NEC,WIZ,MAG,ENC	3458	Focused Ethereal Greatsword	primary
Focused Ethereal Weapons	Skyshrine	WAR,CLR,PAL,RNG,SHD,DRU,MNK,BRD,ROG,SHM,NEC,WIZ,MAG,ENC	3459	Focused Ethereal Long Sword	primary
Focused Ethereal Weapons	Skyshrine	WAR,CLR,PAL,RNG,SHD,DRU,MNK,BRD,ROG,SHM,NEC,WIZ,MAG,ENC	3460	Focused Ethereal Morning Star	primary
Focused Ethereal Weapons	Skyshrine	WAR,CLR,PAL,RNG,SHD,DRU,MNK,BRD,ROG,SHM,NEC,WIZ,MAG,ENC	3461	Focused Ethereal Rapier	primary
Focused Ethereal Weapons	Skyshrine	WAR,CLR,PAL,RNG,SHD,DRU,MNK,BRD,ROG,SHM,NEC,WIZ,MAG,ENC	3464	Focused Ethereal Spear	primary
Focused Ethereal Weapons	Skyshrine	WAR,CLR,PAL,RNG,SHD,DRU,MNK,BRD,ROG,SHM,NEC,WIZ,MAG,ENC	3462	Focused Ethereal Scimitar	primary
Focused Ethereal Weapons	Skyshrine	WAR,CLR,PAL,RNG,SHD,DRU,MNK,BRD,ROG,SHM,NEC,WIZ,MAG,ENC	3463	Focused Ethereal Short Sword	primary
Focused Ethereal Weapons	Skyshrine	WAR,CLR,PAL,RNG,SHD,DRU,MNK,BRD,ROG,SHM,NEC,WIZ,MAG,ENC	3465	Focused Ethereal Warhammer	primary
Folded Velium Weapons	Dragon Necropolis	WAR,PAL,RNG,SHD,BRD,ROG	3474	Folded Velium War Lance	primary
Folded Velium Weapons	Dragon Necropolis	WAR,PAL,RNG,SHD,BRD,ROG	3475	Folded Velium Warsword	primary
Forest Stalker's Armor	Kael Drakkel	RNG	3497	Forest Stalker's Coif	head
Forest Stalker's Armor	Kael Drakkel	RNG	3496	Forest Stalker's Breastplate	chest
Forest Stalker's Armor	Kael Drakkel	RNG	3500	Forest Stalker's Vambraces	arms
Forest Stalker's Armor	Kael Drakkel	RNG	3495	Forest Stalker's Bracer	wrist1
Forest Stalker's Armor	Kael Drakkel	RNG	3498	Forest Stalker's Gauntlets	hands
Forest Stalker's Armor	Kael Drakkel	RNG	3499	Forest Stalker's Greaves	legs
Forest Stalker's Armor	Kael Drakkel	RNG	3494	Forest Stalker's Boots	feet
Forged Velium Weapons	Dragon Necropolis	WAR,PAL,RNG,SHD,BRD,ROG	3524	Forged Velium Battle Axe	primary
Forged Velium Weapons	Dragon Necropolis	WAR,PAL,RNG,SHD,BRD,ROG	3537	Forged Velium Warsword	primary
Forged Weapons	Crafted	WAR,CLR,PAL,RNG,SHD,DRU,MNK,BRD,ROG,SHM,NEC,WIZ,MAG,ENC	3502	Forged Bastard Sword	primary
Forged Weapons	Crafted	WAR,CLR,PAL,RNG,SHD,DRU,MNK,BRD,ROG,SHM,NEC,WIZ,MAG,ENC	3503	Forged Battle Axe	primary
Forged Weapons	Crafted	WAR,CLR,PAL,RNG,SHD,DRU,MNK,BRD,ROG,SHM,NEC,WIZ,MAG,ENC	3504	Forged Dagger	primary
Forged Weapons	Crafted	WAR,CLR,PAL,RNG,SHD,DRU,MNK,BRD,ROG,SHM,NEC,WIZ,MAG,ENC	3505	Forged Fer`Esh	primary
Forged Weapons	Crafted	WAR,CLR,PAL,RNG,SHD,DRU,MNK,BRD,ROG,SHM,NEC,WIZ,MAG,ENC	3506	Forged Halberd	primary
Forged Weapons	Crafted	WAR,CLR,PAL,RNG,SHD,DRU,MNK,BRD,ROG,SHM,NEC,WIZ,MAG,ENC	3507	Forged Javelin	range
Forged Weapons	Crafted	WAR,CLR,PAL,RNG,SHD,DRU,MNK,BRD,ROG,SHM,NEC,WIZ,MAG,ENC	3508	Forged Long Sword	primary
Forged Weapons	Crafted	WAR,CLR,PAL,RNG,SHD,DRU,MNK,BRD,ROG,SHM,NEC,WIZ,MAG,ENC	3509	Forged Mace	primary
Forged Weapons	Crafted	WAR,CLR,PAL,RNG,SHD,DRU,MNK,BRD,ROG,SHM,NEC,WIZ,MAG,ENC	3510	Forged Morning Star	primary
Forged Weapons	Crafted	WAR,CLR,PAL,RNG,SHD,DRU,MNK,BRD,ROG,SHM,NEC,WIZ,MAG,ENC	3512	Forged Pick	primary
Forged Weapons	Crafted	WAR,CLR,PAL,RNG,SHD,DRU,MNK,BRD,ROG,SHM,NEC,WIZ,MAG,ENC	3513	Forged Rapier	primary
Forged Weapons	Crafted	WAR,CLR,PAL,RNG,SHD,DRU,MNK,BRD,ROG,SHM,NEC,WIZ,MAG,ENC	3514	Forged Scimitar	primary
Forged Weapons	Crafted	WAR,CLR,PAL,RNG,SHD,DRU,MNK,BRD,ROG,SHM,NEC,WIZ,MAG,ENC	3515	Forged Shan`Tok	primary
Forged Weapons	Crafted	WAR,CLR,PAL,RNG,SHD,DRU,MNK,BRD,ROG,SHM,NEC,WIZ,MAG,ENC	3516	Forged Sheer Blade	primary
Forged Weapons	Crafted	WAR,CLR,PAL,RNG,SHD,DRU,MNK,BRD,ROG,SHM,NEC,WIZ,MAG,ENC	3517	Forged Short Sword	primary
Forged Weapons	Crafted	WAR,CLR,PAL,RNG,SHD,DRU,MNK,BRD,ROG,SHM,NEC,WIZ,MAG,ENC	3518	Forged Shuriken	range
Forged Weapons	Crafted	WAR,CLR,PAL,RNG,SHD,DRU,MNK,BRD,ROG,SHM,NEC,WIZ,MAG,ENC	3519	Forged Spear	primary
Forged Weapons	Crafted	WAR,CLR,PAL,RNG,SHD,DRU,MNK,BRD,ROG,SHM,NEC,WIZ,MAG,ENC	3520	Forged Throwing Axe	range
Forged Weapons	Crafted	WAR,CLR,PAL,RNG,SHD,DRU,MNK,BRD,ROG,SHM,NEC,WIZ,MAG,ENC	3521	Forged Throwing Knife	range
Forged Weapons	Crafted	WAR,CLR,PAL,RNG,SHD,DRU,MNK,BRD,ROG,SHM,NEC,WIZ,MAG,ENC	3522	Forged Two Handed Sword	primary
Forged Weapons	Crafted	WAR,CLR,PAL,RNG,SHD,DRU,MNK,BRD,ROG,SHM,NEC,WIZ,MAG,ENC	3538	Forged Warhammer	primary
Forged Weapons	Crafted	WAR,CLR,PAL,RNG,SHD,DRU,MNK,BRD,ROG,SHM,NEC,WIZ,MAG,ENC	3523	Forged Velium 2-Handed Sword	primary
Forged Weapons	Crafted	WAR,CLR,PAL,RNG,SHD,DRU,MNK,BRD,ROG,SHM,NEC,WIZ,MAG,ENC	3527	Forged Velium Dagger	primary
Forged Weapons	Crafted	WAR,CLR,PAL,RNG,SHD,DRU,MNK,BRD,ROG,SHM,NEC,WIZ,MAG,ENC	3528	Forged Velium Long Sword	primary
Forged Weapons	Crafted	WAR,CLR,PAL,RNG,SHD,DRU,MNK,BRD,ROG,SHM,NEC,WIZ,MAG,ENC	3529	Forged Velium Morning Star	primary
Forged Weapons	Crafted	WAR,CLR,PAL,RNG,SHD,DRU,MNK,BRD,ROG,SHM,NEC,WIZ,MAG,ENC	3530	Forged Velium Scimitar	primary
Forged Weapons	Crafted	WAR,CLR,PAL,RNG,SHD,DRU,MNK,BRD,ROG,SHM,NEC,WIZ,MAG,ENC	3531	Forged Velium Short Sword	primary
Forged Weapons	Crafted	WAR,CLR,PAL,RNG,SHD,DRU,MNK,BRD,ROG,SHM,NEC,WIZ,MAG,ENC	3532	Forged Velium Shuriken	range
Forged Weapons	Crafted	WAR,CLR,PAL,RNG,SHD,DRU,MNK,BRD,ROG,SHM,NEC,WIZ,MAG,ENC	3534	Forged Velium Throwing Axe	range
Forged Weapons	Crafted	WAR,CLR,PAL,RNG,SHD,DRU,MNK,BRD,ROG,SHM,NEC,WIZ,MAG,ENC	3535	Forged Velium Throwing Knife	range
Forged Weapons	Crafted	WAR,CLR,PAL,RNG,SHD,DRU,MNK,BRD,ROG,SHM,NEC,WIZ,MAG,ENC	3536	Forged Velium Throwing Spear	range
Giant Scalemail Armor	Kael Drakkel	WAR,CLR,PAL,RNG,SHD,DRU,MNK,BRD,ROG,SHM,NEC,WIZ,MAG,ENC	3783	Giant Scalemail Helm	head
Giant Scalemail Armor	Kael Drakkel	WAR,CLR,PAL,RNG,SHD,DRU,MNK,BRD,ROG,SHM,NEC,WIZ,MAG,ENC	3786	Giant Scalemail Mask	face
Giant Scalemail Armor	Kael Drakkel	WAR,CLR,PAL,RNG,SHD,DRU,MNK,BRD,ROG,SHM,NEC,WIZ,MAG,ENC	3782	Giant Scalemail Gorget	neck
Giant Scalemail Armor	Kael Drakkel	WAR,CLR,PAL,RNG,SHD,DRU,MNK,BRD,ROG,SHM,NEC,WIZ,MAG,ENC	3785	Giant Scalemail Mantle	shoulders
Giant Scalemail Armor	Kael Drakkel	WAR,CLR,PAL,RNG,SHD,DRU,MNK,BRD,ROG,SHM,NEC,WIZ,MAG,ENC	3779	Giant Scalemail Cloak	back
Giant Scalemail Armor	Kael Drakkel	WAR,CLR,PAL,RNG,SHD,DRU,MNK,BRD,ROG,SHM,NEC,WIZ,MAG,ENC	3776	Giant Scalemail Belt	waist
Giant Scalemail Armor	Kael Drakkel	WAR,CLR,PAL,RNG,SHD,DRU,MNK,BRD,ROG,SHM,NEC,WIZ,MAG,ENC	3787	Giant Scalemail Sleeves	arms
Giant Scalemail Armor	Kael Drakkel	WAR,CLR,PAL,RNG,SHD,DRU,MNK,BRD,ROG,SHM,NEC,WIZ,MAG,ENC	3778	Giant Scalemail Bracer	wrist1
Giant Scalemail Armor	Kael Drakkel	WAR,CLR,PAL,RNG,SHD,DRU,MNK,BRD,ROG,SHM,NEC,WIZ,MAG,ENC	3781	Giant Scalemail Gloves	hands
Giant Scalemail Armor	Kael Drakkel	WAR,CLR,PAL,RNG,SHD,DRU,MNK,BRD,ROG,SHM,NEC,WIZ,MAG,ENC	3784	Giant Scalemail Leggings	legs
Giant Scalemail Armor	Kael Drakkel	WAR,CLR,PAL,RNG,SHD,DRU,MNK,BRD,ROG,SHM,NEC,WIZ,MAG,ENC	3777	Giant Scalemail Boots	feet
Giant Scalemail Armor	Kael Drakkel	WAR,CLR,PAL,RNG,SHD,DRU,MNK,BRD,ROG,SHM,NEC,WIZ,MAG,ENC	3780	Giant Scalemail Gauntlets	hands
Giant Scalemail Armor	Kael Drakkel	WAR,CLR,PAL,RNG,SHD,DRU,MNK,BRD,ROG,SHM,NEC,WIZ,MAG,ENC	3788	Giant Scalemail Tunic	chest
Gladiator's Chain Armor		WAR,CLR,PAL,RNG,SHD,DRU,BRD,ROG,SHM	3827	Gladiator's Chain Leggings	legs
Gladiator's Chain Armor		WAR,CLR,PAL,RNG,SHD,DRU,BRD,ROG,SHM	3828	Gladiator's Chain Sleeves	arms
Gnome Skin Armor	Tower of Frozen Shadow	WAR,CLR,PAL,RNG,SHD,DRU,MNK,BRD,ROG,SHM	3928	Gnome Skin Belt	waist
Gnome Skin Armor	Tower of Frozen Shadow	WAR,CLR,PAL,RNG,SHD,DRU,MNK,BRD,ROG,SHM	3929	Gnome Skin Boots	feet
Gnome Skin Armor	Tower of Frozen Shadow	WAR,CLR,PAL,RNG,SHD,DRU,MNK,BRD,ROG,SHM	3930	Gnome Skin Gloves	hands
Gnome Skin Armor	Tower of Frozen Shadow	WAR,CLR,PAL,RNG,SHD,DRU,MNK,BRD,ROG,SHM	3931	Gnome Skin Gorget	neck
Gnome Skin Armor	Tower of Frozen Shadow	WAR,CLR,PAL,RNG,SHD,DRU,MNK,BRD,ROG,SHM	3932	Gnome Skin Leggings	legs
Gnome Skin Armor	Tower of Frozen Shadow	WAR,CLR,PAL,RNG,SHD,DRU,MNK,BRD,ROG,SHM	3933	Gnome Skin Mask	face
Gnome Skin Armor	Tower of Frozen Shadow	WAR,CLR,PAL,RNG,SHD,DRU,MNK,BRD,ROG,SHM	3934	Gnome Skin Skullcap	head
Gnome Skin Armor	Tower of Frozen Shadow	WAR,CLR,PAL,RNG,SHD,DRU,MNK,BRD,ROG,SHM	3935	Gnome Skin Sleeves	arms
Gnome Skin Armor	Tower of Frozen Shadow	WAR,CLR,PAL,RNG,SHD,DRU,MNK,BRD,ROG,SHM	3936	Gnome Skin Tunic	chest
Gnome Skin Armor	Tower of Frozen Shadow	WAR,CLR,PAL,RNG,SHD,DRU,MNK,BRD,ROG,SHM	3937	Gnome Skin Wristband	wrist1
Goblin Forged Armor	Temple of Droga	WAR,CLR,PAL,RNG,SHD,BRD,ROG,SHM	3960	Goblin Forged Chainmail Coat	chest
Goblin Forged Armor	Temple of Droga	WAR,CLR,PAL,RNG,SHD,BRD,ROG,SHM	3958	Goblin Forged Chainmail Bracelet	wrist1
Goblin Forged Armor	Temple of Droga	WAR,CLR,PAL,RNG,SHD,BRD,ROG,SHM	3959	Goblin Forged Chainmail Cape	back
Goblin Forged Armor	Temple of Droga	WAR,CLR,PAL,RNG,SHD,BRD,ROG,SHM	3961	Goblin Forged Chainmail Gloves	hands
Goblin Forged Armor	Temple of Droga	WAR,CLR,PAL,RNG,SHD,BRD,ROG,SHM	3962	Goblin Forged Chainmail Mantle	shoulders
Goblin Forged Armor	Temple of Droga	WAR,CLR,PAL,RNG,SHD,BRD,ROG,SHM	3963	Goblin Forged Chainmail Neckguard	neck
Goblin Forged Armor	Temple of Droga	WAR,CLR,PAL,RNG,SHD,BRD,ROG,SHM	3964	Goblin Forged Chainmail Skirt	waist
Goblin Forged Armor	Temple of Droga	WAR,CLR,PAL,RNG,SHD,BRD,ROG,SHM	3957	Goblin Forged Chain Coif	head
Goblin Forged Armor	Temple of Droga	WAR,CLR,PAL,RNG,SHD,BRD,ROG,SHM	3965	Goblin Forged Iron Armplates	arms
Goblin Forged Armor	Temple of Droga	WAR,CLR,PAL,RNG,SHD,BRD,ROG,SHM	3966	Goblin Forged Iron Boots	feet
Goblin Forged Armor	Temple of Droga	WAR,CLR,PAL,RNG,SHD,BRD,ROG,SHM	3967	Goblin Forged Iron Legplates	legs
Goblin Forged Armor	Temple of Droga	WAR,CLR,PAL,RNG,SHD,BRD,ROG,SHM	3968	Goblin Forged Iron Mask	face
Gold Full Plate	Crafted	WAR,CLR,PAL,SHD,BRD	4002	Gold Full Plate Boots	feet
Gold Full Plate	Crafted	WAR,CLR,PAL,SHD,BRD	4003	Gold Full Plate Bracer	wrist1
Gold Full Plate	Crafted	WAR,CLR,PAL,SHD,BRD	4005	Gold Full Plate Gauntlets	hands
Gold Full Plate	Crafted	WAR,CLR,PAL,SHD,BRD	4007	Gold Full Plate Greaves	legs
Gold Full Plate	Crafted	WAR,CLR,PAL,SHD,BRD	4008	Gold Full Plate Helm	head
Gold Full Plate	Crafted	WAR,CLR,PAL,SHD,BRD	4010	Gold Full Plate Vambraces	arms
Gold Full Plate Armor	Crafted	WAR,CLR,PAL,SHD,BRD	4001	Gold Full Breastplate	chest
Gold Full Plate Armor	Crafted	WAR,CLR,PAL,SHD,BRD	4002	Gold Full Plate Boots	feet
Gold Full Plate Armor	Crafted	WAR,CLR,PAL,SHD,BRD	4003	Gold Full Plate Bracer	wrist1
Gold Full Plate Armor	Crafted	WAR,CLR,PAL,SHD,BRD	4004	Gold Full Plate Collar	neck
Gold Full Plate Armor	Crafted	WAR,CLR,PAL,SHD,BRD	4005	Gold Full Plate Gauntlets	hands
Gold Full Plate Armor	Crafted	WAR,CLR,PAL,SHD,BRD	4006	Gold Full Plate Girdle	waist
Gold Full Plate Armor	Crafted	WAR,CLR,PAL,SHD,BRD	4007	Gold Full Plate Greaves	legs
Gold Full Plate Armor	Crafted	WAR,CLR,PAL,SHD,BRD	4008	Gold Full Plate Helm	head
Gold Full Plate Armor	Crafted	WAR,CLR,PAL,SHD,BRD	4009	Gold Full Plate Pauldron	shoulders
Gold Full Plate Armor	Crafted	WAR,CLR,PAL,SHD,BRD	4010	Gold Full Plate Vambraces	arms
Gold Full Plate Armor	Crafted	WAR,CLR,PAL,SHD,BRD	4011	Gold Full Plate Visor	face
Gold Full Plate Armor	Crafted	WAR,CLR,PAL,SHD,BRD	4012	Gold Full Splinted Cloak	back
Golden Efreeti Armor Set	Nagafen's Lair	WAR,CLR,PAL,RNG,SHD,DRU,MNK,BRD,ROG,SHM,NEC,WIZ,MAG,ENC	4040	Golden Efreeti Boots	feet
Golden Efreeti Armor Set	Nagafen's Lair	WAR,CLR,PAL,RNG,SHD,DRU,MNK,BRD,ROG,SHM,NEC,WIZ,MAG,ENC	4041	Golden Efreeti Bracers	wrist1
Golden Efreeti Armor Set	Nagafen's Lair	WAR,CLR,PAL,RNG,SHD,DRU,MNK,BRD,ROG,SHM,NEC,WIZ,MAG,ENC	4042	Golden Efreeti Chestplate	chest
Golden Efreeti Armor Set	Nagafen's Lair	WAR,CLR,PAL,RNG,SHD,DRU,MNK,BRD,ROG,SHM,NEC,WIZ,MAG,ENC	4043	Golden Efreeti Gauntlets	hands
Golden Efreeti Armor Set	Nagafen's Lair	WAR,CLR,PAL,RNG,SHD,DRU,MNK,BRD,ROG,SHM,NEC,WIZ,MAG,ENC	4044	Golden Efreeti Greaves	legs
Golden Efreeti Armor Set	Nagafen's Lair	WAR,CLR,PAL,RNG,SHD,DRU,MNK,BRD,ROG,SHM,NEC,WIZ,MAG,ENC	4045	Golden Efreeti Ring	finger1
Golden Efreeti Armor Set	Nagafen's Lair	WAR,CLR,PAL,RNG,SHD,DRU,MNK,BRD,ROG,SHM,NEC,WIZ,MAG,ENC	4046	Golden Efreeti Turban	head
Golden Efreeti Armor Set	Nagafen's Lair	WAR,CLR,PAL,RNG,SHD,DRU,MNK,BRD,ROG,SHM,NEC,WIZ,MAG,ENC	4047	Golden Efreeti Vambraces	arms
Golden Star Armor	Kael Drakkel	MNK	4075	Golden Star Headband	head
Golden Star Armor	Kael Drakkel	MNK	4074	Golden Star Chest Wraps	chest
Golden Star Armor	Kael Drakkel	MNK	4073	Golden Star Arm Wraps	arms
Golden Star Armor	Kael Drakkel	MNK	4079	Golden Star Wrist Wraps	wrist1
Golden Star Armor	Kael Drakkel	MNK	3389	Fist of the Golden Star	hands
Golden Star Armor	Kael Drakkel	MNK	4076	Golden Star Pants	legs
Golden Star Armor	Kael Drakkel	MNK	4078	Golden Star Slippers	feet
Gossamer Armor Set	Najena	NEC,WIZ,MAG,ENC	4098	Gossamer Amice	shoulders
Gossamer Armor Set	Najena	NEC,WIZ,MAG,ENC	4099	Gossamer Cap	head
Gossamer Armor Set	Najena	NEC,WIZ,MAG,ENC	4100	Gossamer Cape	back
Gossamer Armor Set	Najena	NEC,WIZ,MAG,ENC	4101	Gossamer Collar	neck
Gossamer Armor Set	Najena	NEC,WIZ,MAG,ENC	4102	Gossamer Gloves	hands
Gossamer Armor Set	Najena	NEC,WIZ,MAG,ENC	4103	Gossamer Leggings	legs
Gossamer Armor Set	Najena	NEC,WIZ,MAG,ENC	4104	Gossamer Robe	chest
Gossamer Armor Set	Najena	NEC,WIZ,MAG,ENC	4105	Gossamer Sash	waist
Gossamer Armor Set	Najena	NEC,WIZ,MAG,ENC	4106	Gossamer Sleeves	arms
Gossamer Armor Set	Najena	NEC,WIZ,MAG,ENC	4107	Gossamer Veil	face
Gossamer Armor Set	Najena	NEC,WIZ,MAG,ENC	4108	Gossamer Wristbands	wrist1
Grand Master's Armor	Thurgadin	MNK	4115	Grand Master's Headband	head
Grand Master's Armor	Thurgadin	MNK	4114	Grand Master's Chest Wraps	chest
Grand Master's Armor	Thurgadin	MNK	4113	Grand Master's Arm Wraps	arms
Grand Master's Armor	Thurgadin	MNK	4118	Grand Master's Wrist Wraps	wrist1
Grand Master's Armor	Thurgadin	MNK	3390	Fist of the Grand Master	hands
Grand Master's Armor	Thurgadin	MNK	4116	Grand Master's Leg Wraps	legs
Grand Master's Armor	Thurgadin	MNK	4117	Grand Master's Slippers	feet
Grave Clothes Armor Set	Crypt of Dalnir	NEC	9638	Tattered Arm Wrappings	arms
Grave Clothes Armor Set	Crypt of Dalnir	NEC	9650	Tattered Leg Wrappings	legs
Grave Clothes Armor Set	Crypt of Dalnir	NEC	9667	Tattered Tomb Shroud	chest
Grave Clothes Armor Set	Crypt of Dalnir	NEC	4125	Grave Sandals	feet
Grave Clothes Armor Set	Crypt of Dalnir	NEC	10831	Worm-eaten Gloves	hands
Greenmist Armor		SHD	4191	Greenmist Mask	face
Greenmist Armor		SHD	4183	Greenmist Boots	feet
Greenmist Armor		SHD	4187	Greenmist Greaves	legs
Greenmist Armor		SHD	4184	Greenmist Bracer	wrist1
Greenmist Armor		SHD	4192	Greenmist Vambraces	arms
Greenmist Armor		SHD	4185	Greenmist Breastplate	chest
Greenmist Armor		SHD	4188	Greenmist Helm	head
Guardian Armor	Skyshrine	WAR,CLR,PAL,RNG,SHD,DRU,MNK,BRD,ROG,SHM,NEC,WIZ,MAG,ENC	4242	Guardian Breastplate	chest
Guardian Armor	Skyshrine	WAR,CLR,PAL,RNG,SHD,DRU,MNK,BRD,ROG,SHM,NEC,WIZ,MAG,ENC	4247	Guardian Leggings	legs
Guardian Armor	Skyshrine	WAR,CLR,PAL,RNG,SHD,DRU,MNK,BRD,ROG,SHM,NEC,WIZ,MAG,ENC	4246	Guardian Helmet	head
Guardian Armor	Skyshrine	WAR,CLR,PAL,RNG,SHD,DRU,MNK,BRD,ROG,SHM,NEC,WIZ,MAG,ENC	4244	Guardian Gauntlets	hands
Guardian Armor	Skyshrine	WAR,CLR,PAL,RNG,SHD,DRU,MNK,BRD,ROG,SHM,NEC,WIZ,MAG,ENC	4240	Guardian Boots	feet
Guardian Armor	Skyshrine	WAR,CLR,PAL,RNG,SHD,DRU,MNK,BRD,ROG,SHM,NEC,WIZ,MAG,ENC	4248	Guardian Pauldrons	shoulders
Guardian Armor	Skyshrine	WAR,CLR,PAL,RNG,SHD,DRU,MNK,BRD,ROG,SHM,NEC,WIZ,MAG,ENC	4243	Guardian Choker	neck
Guardian Armor	Skyshrine	WAR,CLR,PAL,RNG,SHD,DRU,MNK,BRD,ROG,SHM,NEC,WIZ,MAG,ENC	4245	Guardian Girdle	waist
Guardian Armor	Skyshrine	WAR,CLR,PAL,RNG,SHD,DRU,MNK,BRD,ROG,SHM,NEC,WIZ,MAG,ENC	4249	Guardian Robe	chest
Guardian Armor	Skyshrine	WAR,CLR,PAL,RNG,SHD,DRU,MNK,BRD,ROG,SHM,NEC,WIZ,MAG,ENC	4251	Guardian Sword	primary
Guardian Armor	Skyshrine	WAR,CLR,PAL,RNG,SHD,DRU,MNK,BRD,ROG,SHM,NEC,WIZ,MAG,ENC	4239	Guardian Arms	arms
Guardian Armor	Skyshrine	WAR,CLR,PAL,RNG,SHD,DRU,MNK,BRD,ROG,SHM,NEC,WIZ,MAG,ENC	4250	Guardian Shield	secondary
Guardian Armor	Skyshrine	WAR,CLR,PAL,RNG,SHD,DRU,MNK,BRD,ROG,SHM,NEC,WIZ,MAG,ENC	4241	Guardian Bracer	wrist1
Haze Panther Armor	Crafted	ROG	4347	Haze Panther Tunic	chest
Haze Panther Armor	Crafted	ROG	4346	Haze Panther Sleeves	arms
Haze Panther Armor	Crafted	ROG	4341	Haze Panther Leggings	legs
Haze Panther Armor	Crafted	ROG	4348	Haze Panther Wristbands	wrist1
Haze Panther Armor	Crafted	ROG	4336	Haze Panther Boots	feet
Haze Panther Armor	Crafted	ROG	4335	Haze Panther Belt	waist
Haze Panther Armor	Crafted	ROG	4337	Haze Panther Cloak	back
Haze Panther Armor	Crafted	ROG	4342	Haze Panther Mask	face
Haze Panther Armor	Crafted	ROG	4343	Haze Panther Shoulderpads	shoulders
Haze Panther Armor	Crafted	ROG	4339	Haze Panther Gloves	hands
Haze Panther Armor	Crafted	ROG	4345	Haze Panther Skullcap	head
Haze Panther Armor	Crafted	ROG	4340	Haze Panther Gorget	neck
Heavy Dragon Armor		WAR,CLR,PAL,RNG,SHD,BRD,ROG,SHM	4388	Heavy Dragonhide Breastplate	chest
Heavy Dragon Armor		WAR,CLR,PAL,RNG,SHD,BRD,ROG,SHM	4391	Heavy Dragonhorn Bracers	wrist1
Heavy Dragon Armor		WAR,CLR,PAL,RNG,SHD,BRD,ROG,SHM	4395	Heavy Dragonspine Vambraces	arms
Heavy Dragon Armor		WAR,CLR,PAL,RNG,SHD,BRD,ROG,SHM	4389	Heavy Dragonhide Gauntlets	hands
Heavy Dragon Armor		WAR,CLR,PAL,RNG,SHD,BRD,ROG,SHM	4394	Heavy Dragonskull Helm	head
Heavy Dragon Armor		WAR,CLR,PAL,RNG,SHD,BRD,ROG,SHM	4392	Heavy Dragonleg Breeches	legs
Heavy Dragon Armor		WAR,CLR,PAL,RNG,SHD,BRD,ROG,SHM	4396	Heavy Dragonwing Cloak	back
Heavy Dragon Armor		WAR,CLR,PAL,RNG,SHD,BRD,ROG,SHM	4397	Heavy Dragonwing Mantle	shoulders
Heavy Dragon Armor		WAR,CLR,PAL,RNG,SHD,BRD,ROG,SHM	4393	Heavy Dragonskin Mask	face
Heavy Dragon Armor		WAR,CLR,PAL,RNG,SHD,BRD,ROG,SHM	4387	Heavy Dragonhide Belt	waist
Heavy Dragon Armor		WAR,CLR,PAL,RNG,SHD,BRD,ROG,SHM	4390	Heavy Dragonhorn Boots	feet
Heavy Velium Weapons	Dragon Necropolis	WAR,CLR,PAL,RNG,SHD,DRU,MNK,BRD,ROG,SHM,NEC,WIZ,MAG,ENC	4405	Heavy Velium Brawl Stick	primary
Heavy Velium Weapons	Dragon Necropolis	WAR,CLR,PAL,RNG,SHD,DRU,MNK,BRD,ROG,SHM,NEC,WIZ,MAG,ENC	4406	Heavy Velium Claidhmore	primary
Heavy Velium Weapons	Dragon Necropolis	WAR,CLR,PAL,RNG,SHD,DRU,MNK,BRD,ROG,SHM,NEC,WIZ,MAG,ENC	4408	Heavy Velium War Lance	primary
Heavy Velium Weapons	Dragon Necropolis	WAR,CLR,PAL,RNG,SHD,DRU,MNK,BRD,ROG,SHM,NEC,WIZ,MAG,ENC	4407	Heavy Velium Spear	primary
Heavy Velium Weapons	Dragon Necropolis	WAR,CLR,PAL,RNG,SHD,DRU,MNK,BRD,ROG,SHM,NEC,WIZ,MAG,ENC	4402	Heavy Velium Battle Axe	primary
Holgresh Fur Armor		WAR,CLR,PAL,RNG,SHD,DRU,MNK,BRD,ROG,SHM,NEC,WIZ,MAG,ENC	4477	Holgresh Fur Moccasins	feet
Holgresh Fur Armor		WAR,CLR,PAL,RNG,SHD,DRU,MNK,BRD,ROG,SHM,NEC,WIZ,MAG,ENC	4476	Holgresh Fur Cloak	back
Holgresh Fur Armor		WAR,CLR,PAL,RNG,SHD,DRU,MNK,BRD,ROG,SHM,NEC,WIZ,MAG,ENC	4475	Holgresh Fur Cap	head
Honed Velium Weapons	Dragon Necropolis	WAR,PAL,RNG,SHD,BRD,ROG	4495	Honed Velium Warsword	primary
Honed Velium Weapons	Dragon Necropolis	WAR,PAL,RNG,SHD,BRD,ROG	4494	Honed Velium War Lance	primary
Ice Silk Armor	Crafted	NEC,WIZ,MAG,ENC	4561	Ice Silk Amice	shoulders
Ice Silk Armor	Crafted	NEC,WIZ,MAG,ENC	4562	Ice Silk Bracelet	wrist1
Ice Silk Armor	Crafted	NEC,WIZ,MAG,ENC	4563	Ice Silk Cap	head
Ice Silk Armor	Crafted	NEC,WIZ,MAG,ENC	4564	Ice Silk Choker	neck
Ice Silk Armor	Crafted	NEC,WIZ,MAG,ENC	4565	Ice Silk Cloak	back
Ice Silk Armor	Crafted	NEC,WIZ,MAG,ENC	4566	Ice Silk Gloves	hands
Ice Silk Armor	Crafted	NEC,WIZ,MAG,ENC	4567	Ice Silk Lined Shoes	feet
Ice Silk Armor	Crafted	NEC,WIZ,MAG,ENC	4568	Ice Silk Pantaloons	legs
Ice Silk Armor	Crafted	NEC,WIZ,MAG,ENC	4569	Ice Silk Robe	chest
Ice Silk Armor	Crafted	NEC,WIZ,MAG,ENC	4570	Ice Silk Sash	waist
Ice Silk Armor	Crafted	NEC,WIZ,MAG,ENC	4571	Ice Silk Sleeves	arms
Ice Silk Armor	Crafted	NEC,WIZ,MAG,ENC	4573	Ice Silk Veil	face
Icicle Armor	Skyshrine	WIZ	4596	Icicle Circlet	head
Icicle Armor	Skyshrine	WIZ	7560	Robe of Icicles	chest
Icicle Armor	Skyshrine	WIZ	4599	Icicle Sleeves	arms
Icicle Armor	Skyshrine	WIZ	4595	Icicle Bracelet	wrist1
Icicle Armor	Skyshrine	WIZ	4597	Icicle Gloves	hands
Icicle Armor	Skyshrine	WIZ	4598	Icicle Pantaloons	legs
Icicle Armor	Skyshrine	WIZ	4594	Icicle Boots	feet
Illusionist's Armor	Skyshrine	ENC	4682	Illusionist's Headband	head
Illusionist's Armor	Skyshrine	ENC	4684	Illusionist's Robe	chest
Illusionist's Armor	Skyshrine	ENC	4685	Illusionist's Sleeves	arms
Illusionist's Armor	Skyshrine	ENC	4687	Illusionist's Wristguard	wrist1
Illusionist's Armor	Skyshrine	ENC	4681	Illusionist's Gloves	hands
Illusionist's Armor	Skyshrine	ENC	4683	Illusionist's Pantaloons	legs
Illusionist's Armor	Skyshrine	ENC	4686	Illusionist's Slippers	feet
Imbrued Platemail Armor	Plane of Hate	BRD	4695	Imbrued Platemail Helm	head
Imbrued Platemail Armor	Plane of Hate	BRD	4692	Imbrued Platemail Breastplate	chest
Imbrued Platemail Armor	Plane of Hate	BRD	4696	Imbrued Platemail Vambraces	arms
Imbrued Platemail Armor	Plane of Hate	BRD	4691	Imbrued Platemail Bracer	wrist1
Imbrued Platemail Armor	Plane of Hate	BRD	4693	Imbrued Platemail Gauntlets	hands
Imbrued Platemail Armor	Plane of Hate	BRD	4694	Imbrued Platemail Greaves	legs
Imbrued Platemail Armor	Plane of Hate	BRD	4690	Imbrued Platemail Boots	feet
Imbued Cabilis Scale Mail	Crafted	WAR,SHD,SHM	4709	Imbued Cabilis Scale Cap	head
Imbued Cabilis Scale Mail	Crafted	WAR,SHD,SHM	4716	Imbued Cabilis Scale Mask	face
Imbued Cabilis Scale Mail	Crafted	WAR,SHD,SHM	4713	Imbued Cabilis Scale Gorget	neck
Imbued Cabilis Scale Mail	Crafted	WAR,SHD,SHM	4715	Imbued Cabilis Scale Mantle	shoulders
Imbued Cabilis Scale Mail	Crafted	WAR,SHD,SHM	4711	Imbued Cabilis Scale Coat	chest
Imbued Cabilis Scale Mail	Crafted	WAR,SHD,SHM	4710	Imbued Cabilis Scale Cape	back
Imbued Cabilis Scale Mail	Crafted	WAR,SHD,SHM	4717	Imbued Cabilis Scale Sleeves	arms
Imbued Cabilis Scale Mail	Crafted	WAR,SHD,SHM	4708	Imbued Cabilis Scale Bracelet	wrist1
Imbued Cabilis Scale Mail	Crafted	WAR,SHD,SHM	4706	Imbued Cabilis Scale Belt	waist
Imbued Cabilis Scale Mail	Crafted	WAR,SHD,SHM	4712	Imbued Cabilis Scale Gloves	hands
Imbued Cabilis Scale Mail	Crafted	WAR,SHD,SHM	4714	Imbued Cabilis Scale Leggings	legs
Imbued Cabilis Scale Mail	Crafted	WAR,SHD,SHM	4707	Imbued Cabilis Scale Boots	feet
Imbued Dwarven Plate	Crafted	WAR,CLR,PAL	4745	Imbued Dwarven Plate Boots	feet
Imbued Dwarven Plate	Crafted	WAR,CLR,PAL	4746	Imbued Dwarven Plate Bracers	wrist1
Imbued Dwarven Plate	Crafted	WAR,CLR,PAL	4748	Imbued Dwarven Plate Gauntlets	hands
Imbued Dwarven Plate	Crafted	WAR,CLR,PAL	4750	Imbued Dwarven Plate Greaves	legs
Imbued Dwarven Plate	Crafted	WAR,CLR,PAL	4751	Imbued Dwarven Plate Helm	head
Imbued Dwarven Plate	Crafted	WAR,CLR,PAL	4753	Imbued Dwarven Plate Vambraces	arms
Imbued Northman Ring	Crafted	WAR,BRD,ROG,SHM	4927	Imbued Northman Ring Boots	feet
Imbued Northman Ring	Crafted	WAR,BRD,ROG,SHM	4928	Imbued Northman Ring Bracer	wrist1
Imbued Northman Ring	Crafted	WAR,BRD,ROG,SHM	4930	Imbued Northman Ring Gauntlets	hands
Imbued Northman Ring	Crafted	WAR,BRD,ROG,SHM	4932	Imbued Northman Ring Helm	head
Imbued Northman Ring	Crafted	WAR,BRD,ROG,SHM	4933	Imbued Northman Ring Leggings	legs
Imbued Northman Ring	Crafted	WAR,BRD,ROG,SHM	4934	Imbued Northman Ring Mail	chest
Imbued Northman Ring	Crafted	WAR,BRD,ROG,SHM	4937	Imbued Northman Ring Sleeves	arms
Imbued Ogre War Plate (Rallos Zek)	Crafted	WAR,SHD	4955	Imbued Ogre War Helm	head
Imbued Ogre War Plate (Rallos Zek)	Crafted	WAR,SHD	4942	Imbued Ogre War Breastplate	chest
Imbued Ogre War Plate (Rallos Zek)	Crafted	WAR,SHD	4960	Imbued Ogre War Vambraces	arms
Imbued Ogre War Plate (Rallos Zek)	Crafted	WAR,SHD	4940	Imbued Ogre War Bracer	wrist1
Imbued Ogre War Plate (Rallos Zek)	Crafted	WAR,SHD	4948	Imbued Ogre War Gauntlets	hands
Imbued Ogre War Plate (Rallos Zek)	Crafted	WAR,SHD	4952	Imbued Ogre War Greaves	legs
Imbued Ogre War Plate (Rallos Zek)	Crafted	WAR,SHD	4938	Imbued Ogre War Boots	feet
Imbued Ogre War Plate (Rallos Zek)	Crafted	WAR,SHD	4962	Imbued Ogre War Visor	face
Imbued Ogre War Plate (Rallos Zek)	Crafted	WAR,SHD	4944	Imbued Ogre War Cloak	back
Imbued Ogre War Plate (Rallos Zek)	Crafted	WAR,SHD	4950	Imbued Ogre War Girdle	waist
Imbued Ogre War Plate (Rallos Zek)	Crafted	WAR,SHD	4958	Imbued Ogre War Pauldron	shoulders
Imbued Ogre War Plate (Rallos Zek)	Crafted	WAR,SHD	4946	Imbued Ogre War Collar	neck
Imbued Teir'Dal Chain Armor Set	Crafted	WAR,CLR,SHD,BRD,ROG,NEC,WIZ,MAG,ENC	5044	Imbued Teir`Dal Chainmail Boots	feet
Imbued Teir'Dal Chain Armor Set	Crafted	WAR,CLR,SHD,BRD,ROG,NEC,WIZ,MAG,ENC	5034	Imbued Teir`Dal Chain Bracelet	wrist1
Imbued Teir'Dal Chain Armor Set	Crafted	WAR,CLR,SHD,BRD,ROG,NEC,WIZ,MAG,ENC	5035	Imbued Teir`Dal Chain Cape	back
Imbued Teir'Dal Chain Armor Set	Crafted	WAR,CLR,SHD,BRD,ROG,NEC,WIZ,MAG,ENC	5036	Imbued Teir`Dal Chain Coif	head
Imbued Teir'Dal Chain Armor Set	Crafted	WAR,CLR,SHD,BRD,ROG,NEC,WIZ,MAG,ENC	5037	Imbued Teir`Dal Chain Gloves	hands
Imbued Teir'Dal Chain Armor Set	Crafted	WAR,CLR,SHD,BRD,ROG,NEC,WIZ,MAG,ENC	5038	Imbued Teir`Dal Chain Leggings	legs
Imbued Teir'Dal Chain Armor Set	Crafted	WAR,CLR,SHD,BRD,ROG,NEC,WIZ,MAG,ENC	5039	Imbued Teir`Dal Chain Mantle	shoulders
Imbued Teir'Dal Chain Armor Set	Crafted	WAR,CLR,SHD,BRD,ROG,NEC,WIZ,MAG,ENC	5040	Imbued Teir`Dal Chain Neckguard	neck
Imbued Teir'Dal Chain Armor Set	Crafted	WAR,CLR,SHD,BRD,ROG,NEC,WIZ,MAG,ENC	5045	Imbued Teir`Dal Chainmail Skirt	waist
Imbued Teir'Dal Chain Armor Set	Crafted	WAR,CLR,SHD,BRD,ROG,NEC,WIZ,MAG,ENC	5041	Imbued Teir`Dal Chain Sleeves	arms
Imbued Teir'Dal Chain Armor Set	Crafted	WAR,CLR,SHD,BRD,ROG,NEC,WIZ,MAG,ENC	5042	Imbued Teir`Dal Chain Tunic	chest
Imbued Teir'Dal Chain Armor Set	Crafted	WAR,CLR,SHD,BRD,ROG,NEC,WIZ,MAG,ENC	5043	Imbued Teir`Dal Chain Veil	face
Imbued Vale Reinforced Armor Set	Crafted	WAR,CLR,PAL,RNG,DRU,BRD,ROG	5050	Imbued Vale Reinforced Belt	waist
Imbued Vale Reinforced Armor Set	Crafted	WAR,CLR,PAL,RNG,DRU,BRD,ROG	5051	Imbued Vale Reinforced Boots	feet
Imbued Vale Reinforced Armor Set	Crafted	WAR,CLR,PAL,RNG,DRU,BRD,ROG	5052	Imbued Vale Reinforced Cloak	back
Imbued Vale Reinforced Armor Set	Crafted	WAR,CLR,PAL,RNG,DRU,BRD,ROG	5053	Imbued Vale Reinforced Gloves	hands
Imbued Vale Reinforced Armor Set	Crafted	WAR,CLR,PAL,RNG,DRU,BRD,ROG	5054	Imbued Vale Reinforced Gorget	neck
Imbued Vale Reinforced Armor Set	Crafted	WAR,CLR,PAL,RNG,DRU,BRD,ROG	5055	Imbued Vale Reinforced Leggings	legs
Imbued Vale Reinforced Armor Set	Crafted	WAR,CLR,PAL,RNG,DRU,BRD,ROG	5057	Imbued Vale Reinforced Mask	face
Imbued Vale Reinforced Armor Set	Crafted	WAR,CLR,PAL,RNG,DRU,BRD,ROG	5056	Imbued Vale Reinforced Mantle	shoulders
Imbued Vale Reinforced Armor Set	Crafted	WAR,CLR,PAL,RNG,DRU,BRD,ROG	5058	Imbued Vale Reinforced Skullcap	head
Imbued Vale Reinforced Armor Set	Crafted	WAR,CLR,PAL,RNG,DRU,BRD,ROG	5059	Imbued Vale Reinforced Sleeves	arms
Imbued Vale Reinforced Armor Set	Crafted	WAR,CLR,PAL,RNG,DRU,BRD,ROG	5060	Imbued Vale Reinforced Tunic	chest
Imbued Vale Reinforced Armor Set	Crafted	WAR,CLR,PAL,RNG,DRU,BRD,ROG	5061	Imbued Vale Reinforced Wristbands	wrist1
Imbued Vale Studded Armor Set	Crafted	WAR,CLR,PAL,RNG,DRU,BRD,ROG	5062	Imbued Vale Studded Belt	waist
Imbued Vale Studded Armor Set	Crafted	WAR,CLR,PAL,RNG,DRU,BRD,ROG	5063	Imbued Vale Studded Boots	feet
Imbued Vale Studded Armor Set	Crafted	WAR,CLR,PAL,RNG,DRU,BRD,ROG	5064	Imbued Vale Studded Cloak	back
Imbued Vale Studded Armor Set	Crafted	WAR,CLR,PAL,RNG,DRU,BRD,ROG	5065	Imbued Vale Studded Gloves	hands
Imbued Vale Studded Armor Set	Crafted	WAR,CLR,PAL,RNG,DRU,BRD,ROG	5066	Imbued Vale Studded Gorget	neck
Imbued Vale Studded Armor Set	Crafted	WAR,CLR,PAL,RNG,DRU,BRD,ROG	5067	Imbued Vale Studded Leggings	legs
Imbued Vale Studded Armor Set	Crafted	WAR,CLR,PAL,RNG,DRU,BRD,ROG	5068	Imbued Vale Studded Mask	face
Imbued Vale Studded Armor Set	Crafted	WAR,CLR,PAL,RNG,DRU,BRD,ROG	5069	Imbued Vale Studded Shoulderpads	shoulders
Imbued Vale Studded Armor Set	Crafted	WAR,CLR,PAL,RNG,DRU,BRD,ROG	5070	Imbued Vale Studded Skullcap	head
Imbued Vale Studded Armor Set	Crafted	WAR,CLR,PAL,RNG,DRU,BRD,ROG	5071	Imbued Vale Studded Sleeves	arms
Imbued Vale Studded Armor Set	Crafted	WAR,CLR,PAL,RNG,DRU,BRD,ROG	5072	Imbued Vale Studded Tunic	chest
Imbued Vale Studded Armor Set	Crafted	WAR,CLR,PAL,RNG,DRU,BRD,ROG	5073	Imbued Vale Studded Wristbands	wrist1
Incarnadine Armor	Chardok	WAR,SHD	5087	Incarnadine Boots	feet
Incarnadine Armor	Chardok	WAR,SHD	5088	Incarnadine Bracers	wrist1
Incarnadine Armor	Chardok	WAR,SHD	5089	Incarnadine Breastplate	chest
Incarnadine Armor	Chardok	WAR,SHD	5090	Incarnadine Gauntlets	hands
Incarnadine Armor	Chardok	WAR,SHD	5091	Incarnadine Greaves	legs
Incarnadine Armor	Chardok	WAR,SHD	5092	Incarnadine Helm	head
Incarnadine Armor	Chardok	WAR,SHD	5093	Incarnadine Legplates	legs
Incarnadine Armor	Chardok	WAR,SHD	5094	Incarnadine Vambraces	arms
Indicolite Armor	Plane of Hate	WAR	5097	Indicolite Boots	feet
Indicolite Armor	Plane of Hate	WAR	5098	Indicolite Bracer	wrist1
Indicolite Armor	Plane of Hate	WAR	5099	Indicolite Breastplate	chest
Indicolite Armor	Plane of Hate	WAR	5100	Indicolite Gauntlets	hands
Indicolite Armor	Plane of Hate	WAR	5101	Indicolite Greaves	legs
Indicolite Armor	Plane of Hate	WAR	5102	Indicolite Helm	head
Indicolite Armor	Plane of Hate	WAR	5103	Indicolite Vambraces	arms
Insidious Armor	Plane of Hate	ENC	5138	Insidious Gloves	hands
Insidious Armor	Plane of Hate	ENC	5139	Insidious Halo	head
Insidious Armor	Plane of Hate	ENC	5140	Insidious Manacle	wrist1
Insidious Armor	Plane of Hate	ENC	5141	Insidious Pantaloons	legs
Insidious Armor	Plane of Hate	ENC	5142	Insidious Robe	chest
Insidious Armor	Plane of Hate	ENC	5143	Insidious Sleeves	arms
Insidious Armor	Plane of Hate	ENC	5144	Insidious Slippers	feet
Jarsath Scale Armor	Karnor's Castle	WAR,CLR,PAL,SHD,SHM	5249	Jarsath Scale Boots	feet
Jarsath Scale Armor	Karnor's Castle	WAR,CLR,PAL,SHD,SHM	5250	Jarsath Scale Chestplate	chest
Jarsath Scale Armor	Karnor's Castle	WAR,CLR,PAL,SHD,SHM	5251	Jarsath Scale Gauntlets	hands
Jarsath Scale Armor	Karnor's Castle	WAR,CLR,PAL,SHD,SHM	5252	Jarsath Scale Helm	head
Jarsath Scale Armor	Karnor's Castle	WAR,CLR,PAL,SHD,SHM	5253	Jarsath Scale Leggings	legs
Jarsath Scale Armor	Karnor's Castle	WAR,CLR,PAL,SHD,SHM	5254	Jarsath Scale Vambraces	arms
Jarsath Scale Armor	Karnor's Castle	WAR,CLR,PAL,SHD,SHM	5255	Jarsath Scale Wrist Guards	wrist1
Jaundiced Bone Armor	Kunark (Trakanon / Venril Sathir)	SHM	5266	Jaundiced Bone Helm	head
Jaundiced Bone Armor	Kunark (Trakanon / Venril Sathir)	SHM	5263	Jaundiced Bone Breastplate	chest
Jaundiced Bone Armor	Kunark (Trakanon / Venril Sathir)	SHM	5267	Jaundiced Bone Vambraces	arms
Jaundiced Bone Armor	Kunark (Trakanon / Venril Sathir)	SHM	5262	Jaundiced Bone Bracer	wrist1
Jaundiced Bone Armor	Kunark (Trakanon / Venril Sathir)	SHM	5264	Jaundiced Bone Gauntlets	hands
Jaundiced Bone Armor	Kunark (Trakanon / Venril Sathir)	SHM	5265	Jaundiced Bone Greaves	legs
Jaundiced Bone Armor	Kunark (Trakanon / Venril Sathir)	SHM	5261	Jaundiced Bone Boots	feet
Kylong Armor	Howling Stones	WAR,CLR,PAL,RNG,SHD,BRD,ROG,SHM	5439	Kylong Arm Guards	arms
Kylong Armor	Howling Stones	WAR,CLR,PAL,RNG,SHD,BRD,ROG,SHM	5440	Kylong Boots	feet
Kylong Armor	Howling Stones	WAR,CLR,PAL,RNG,SHD,BRD,ROG,SHM	5441	Kylong Chestplate	chest
Kylong Armor	Howling Stones	WAR,CLR,PAL,RNG,SHD,BRD,ROG,SHM	5442	Kylong Gauntlets	hands
Kylong Armor	Howling Stones	WAR,CLR,PAL,RNG,SHD,BRD,ROG,SHM	5443	Kylong Greaves	legs
Kylong Armor	Howling Stones	WAR,CLR,PAL,RNG,SHD,BRD,ROG,SHM	5446	Kylong War Helm	head
Kylong Armor	Howling Stones	WAR,CLR,PAL,RNG,SHD,BRD,ROG,SHM	5447	Kylong Wrist Guards	wrist1
Large Banded Armor Set		WAR,CLR,PAL,RNG,SHD,BRD,ROG,SHM	5491	Large Banded Mail	chest
Large Banded Armor Set		WAR,CLR,PAL,RNG,SHD,BRD,ROG,SHM	5494	Large Banded Sleeves	arms
Large Banded Armor Set		WAR,CLR,PAL,RNG,SHD,BRD,ROG,SHM	5490	Large Banded Leggings	legs
Large Banded Armor Set		WAR,CLR,PAL,RNG,SHD,BRD,ROG,SHM	5487	Large Banded Gauntlets	hands
Large Banded Armor Set		WAR,CLR,PAL,RNG,SHD,BRD,ROG,SHM	5484	Large Banded Boots	feet
Large Banded Armor Set		WAR,CLR,PAL,RNG,SHD,BRD,ROG,SHM	5483	Large Banded Belt	waist
Large Banded Armor Set		WAR,CLR,PAL,RNG,SHD,BRD,ROG,SHM	5485	Large Banded Bracer	wrist1
Large Banded Armor Set		WAR,CLR,PAL,RNG,SHD,BRD,ROG,SHM	5489	Large Banded Helm	head
Large Banded Armor Set		WAR,CLR,PAL,RNG,SHD,BRD,ROG,SHM	5486	Large Banded Cloak	back
Large Banded Armor Set		WAR,CLR,PAL,RNG,SHD,BRD,ROG,SHM	5492	Large Banded Mantle	shoulders
Large Banded Armor Set		WAR,CLR,PAL,RNG,SHD,BRD,ROG,SHM	5493	Large Banded Mask	face
Large Banded Armor Set		WAR,CLR,PAL,RNG,SHD,BRD,ROG,SHM	5488	Large Banded Gorget	neck
Large Bronze Armor Set	World drop	WAR,CLR,PAL,SHD,BRD	5519	Large Bronze Breastplate	chest
Large Bronze Armor Set	World drop	WAR,CLR,PAL,SHD,BRD	5527	Large Bronze Vambraces	arms
Large Bronze Armor Set	World drop	WAR,CLR,PAL,SHD,BRD	5523	Large Bronze Greaves	legs
Large Bronze Armor Set	World drop	WAR,CLR,PAL,SHD,BRD	5521	Large Bronze Gauntlets	hands
Large Bronze Armor Set	World drop	WAR,CLR,PAL,SHD,BRD	5517	Large Bronze Boots	feet
Large Bronze Armor Set	World drop	WAR,CLR,PAL,SHD,BRD	5522	Large Bronze Girdle	waist
Large Bronze Armor Set	World drop	WAR,CLR,PAL,SHD,BRD	5518	Large Bronze Bracers	wrist1
Large Bronze Armor Set	World drop	WAR,CLR,PAL,SHD,BRD	5524	Large Bronze Helm	head
Large Bronze Armor Set	World drop	WAR,CLR,PAL,SHD,BRD	5526	Large Bronze Pauldron	shoulders
Large Bronze Armor Set	World drop	WAR,CLR,PAL,SHD,BRD	5525	Large Bronze Mask	face
Large Bronze Armor Set	World drop	WAR,CLR,PAL,SHD,BRD	5520	Large Bronze Collar	neck
Large Bronze Armor Set	World drop	WAR,CLR,PAL,SHD,BRD	5706	Large Splinted Bronze Cloak	back
Large Chainmail / Iron Armor Set		WAR,CLR,PAL,RNG,SHD,BRD,ROG,SHM	5531	Large Chainmail Belt	waist
Large Chainmail / Iron Armor Set		WAR,CLR,PAL,RNG,SHD,BRD,ROG,SHM	5533	Large Chainmail Bracelet	wrist1
Large Chainmail / Iron Armor Set		WAR,CLR,PAL,RNG,SHD,BRD,ROG,SHM	5535	Large Chainmail Cape	back
Large Chainmail / Iron Armor Set		WAR,CLR,PAL,RNG,SHD,BRD,ROG,SHM	5530	Large Chain Coif	head
Large Chainmail / Iron Armor Set		WAR,CLR,PAL,RNG,SHD,BRD,ROG,SHM	5537	Large Chainmail Coat	chest
Large Chainmail / Iron Armor Set		WAR,CLR,PAL,RNG,SHD,BRD,ROG,SHM	5540	Large Chainmail Gloves	hands
Large Chainmail / Iron Armor Set		WAR,CLR,PAL,RNG,SHD,BRD,ROG,SHM	5541	Large Chainmail Mantle	shoulders
Large Chainmail / Iron Armor Set		WAR,CLR,PAL,RNG,SHD,BRD,ROG,SHM	5543	Large Chainmail Neckguard	neck
Large Chainmail / Iron Armor Set		WAR,CLR,PAL,RNG,SHD,BRD,ROG,SHM	5591	Large Iron Armplates	arms
Large Chainmail / Iron Armor Set		WAR,CLR,PAL,RNG,SHD,BRD,ROG,SHM	5593	Large Iron Legplates	legs
Large Chainmail / Iron Armor Set		WAR,CLR,PAL,RNG,SHD,BRD,ROG,SHM	5592	Large Iron Boots	feet
Large Chainmail / Iron Armor Set		WAR,CLR,PAL,RNG,SHD,BRD,ROG,SHM	5594	Large Iron Mask	face
Large Cloth Armor Set		WAR,CLR,PAL,RNG,SHD,DRU,MNK,BRD,ROG,SHM,NEC,WIZ,MAG,ENC	5560	Large Cloth Shirt	chest
Large Cloth Armor Set		WAR,CLR,PAL,RNG,SHD,DRU,MNK,BRD,ROG,SHM,NEC,WIZ,MAG,ENC	5561	Large Cloth Sleeves	arms
Large Cloth Armor Set		WAR,CLR,PAL,RNG,SHD,DRU,MNK,BRD,ROG,SHM,NEC,WIZ,MAG,ENC	5557	Large Cloth Pants	legs
Large Cloth Armor Set		WAR,CLR,PAL,RNG,SHD,DRU,MNK,BRD,ROG,SHM,NEC,WIZ,MAG,ENC	5556	Large Cloth Gloves	hands
Large Cloth Armor Set		WAR,CLR,PAL,RNG,SHD,DRU,MNK,BRD,ROG,SHM,NEC,WIZ,MAG,ENC	5558	Large Cloth Sandals	feet
Large Cloth Armor Set		WAR,CLR,PAL,RNG,SHD,DRU,MNK,BRD,ROG,SHM,NEC,WIZ,MAG,ENC	5555	Large Cloth Cord	waist
Large Cloth Armor Set		WAR,CLR,PAL,RNG,SHD,DRU,MNK,BRD,ROG,SHM,NEC,WIZ,MAG,ENC	5563	Large Cloth Wristband	wrist1
Large Cloth Armor Set		WAR,CLR,PAL,RNG,SHD,DRU,MNK,BRD,ROG,SHM,NEC,WIZ,MAG,ENC	5552	Large Cloth Cap	head
Large Cloth Armor Set		WAR,CLR,PAL,RNG,SHD,DRU,MNK,BRD,ROG,SHM,NEC,WIZ,MAG,ENC	5559	Large Cloth Shawl	shoulders
Large Cloth Armor Set		WAR,CLR,PAL,RNG,SHD,DRU,MNK,BRD,ROG,SHM,NEC,WIZ,MAG,ENC	5562	Large Cloth Veil	face
Large Cloth Armor Set		WAR,CLR,PAL,RNG,SHD,DRU,MNK,BRD,ROG,SHM,NEC,WIZ,MAG,ENC	5554	Large Cloth Choker	neck
Large Cloth Armor Set		WAR,CLR,PAL,RNG,SHD,DRU,MNK,BRD,ROG,SHM,NEC,WIZ,MAG,ENC	5553	Large Cloth Cape	back
Large Patchwork Armor Set	Crafted	WAR,CLR,PAL,RNG,SHD,DRU,MNK,BRD,ROG,SHM	5634	Large Patchwork Boots	feet
Large Patchwork Armor Set	Crafted	WAR,CLR,PAL,RNG,SHD,DRU,MNK,BRD,ROG,SHM	5635	Large Patchwork Cloak	back
Large Patchwork Armor Set	Crafted	WAR,CLR,PAL,RNG,SHD,DRU,MNK,BRD,ROG,SHM	5636	Large Patchwork Pants	legs
Large Patchwork Armor Set	Crafted	WAR,CLR,PAL,RNG,SHD,DRU,MNK,BRD,ROG,SHM	5637	Large Patchwork Sleeves	arms
Large Patchwork Armor Set	Crafted	WAR,CLR,PAL,RNG,SHD,DRU,MNK,BRD,ROG,SHM	5638	Large Patchwork Tunic	chest
Large Raw-Hide Armor Set	Highpass Hold	WAR,CLR,PAL,RNG,SHD,DRU,MNK,BRD,ROG,SHM	5654	Large Raw-hide Belt	waist
Large Raw-Hide Armor Set	Highpass Hold	WAR,CLR,PAL,RNG,SHD,DRU,MNK,BRD,ROG,SHM	5655	Large Raw-hide Boots	feet
Large Raw-Hide Armor Set	Highpass Hold	WAR,CLR,PAL,RNG,SHD,DRU,MNK,BRD,ROG,SHM	5656	Large Raw-hide Cloak	back
Large Raw-Hide Armor Set	Highpass Hold	WAR,CLR,PAL,RNG,SHD,DRU,MNK,BRD,ROG,SHM	5657	Large Raw-hide Gloves	hands
Large Raw-Hide Armor Set	Highpass Hold	WAR,CLR,PAL,RNG,SHD,DRU,MNK,BRD,ROG,SHM	5658	Large Raw-hide Gorget	neck
Large Raw-Hide Armor Set	Highpass Hold	WAR,CLR,PAL,RNG,SHD,DRU,MNK,BRD,ROG,SHM	5659	Large Raw-hide Leggings	legs
Large Raw-Hide Armor Set	Highpass Hold	WAR,CLR,PAL,RNG,SHD,DRU,MNK,BRD,ROG,SHM	5660	Large Raw-hide Mask	face
Large Raw-Hide Armor Set	Highpass Hold	WAR,CLR,PAL,RNG,SHD,DRU,MNK,BRD,ROG,SHM	5661	Large Raw-hide Shoulderpads	shoulders
Large Raw-Hide Armor Set	Highpass Hold	WAR,CLR,PAL,RNG,SHD,DRU,MNK,BRD,ROG,SHM	5662	Large Raw-hide Skullcap	head
Large Raw-Hide Armor Set	Highpass Hold	WAR,CLR,PAL,RNG,SHD,DRU,MNK,BRD,ROG,SHM	5663	Large Raw-hide Sleeves	arms
Large Raw-Hide Armor Set	Highpass Hold	WAR,CLR,PAL,RNG,SHD,DRU,MNK,BRD,ROG,SHM	5664	Large Raw-hide Tunic	chest
Large Raw-Hide Armor Set	Highpass Hold	WAR,CLR,PAL,RNG,SHD,DRU,MNK,BRD,ROG,SHM	5665	Large Raw-hide Wristbands	wrist1
Large Ringmail Armor Set	World drop	WAR,CLR,PAL,RNG,SHD,BRD,ROG,SHM	5678	Large Ringmail Belt	waist
Large Ringmail Armor Set	World drop	WAR,CLR,PAL,RNG,SHD,BRD,ROG,SHM	5679	Large Ringmail Boots	feet
Large Ringmail Armor Set	World drop	WAR,CLR,PAL,RNG,SHD,BRD,ROG,SHM	5680	Large Ringmail Bracelet	wrist1
Large Ringmail Armor Set	World drop	WAR,CLR,PAL,RNG,SHD,BRD,ROG,SHM	5681	Large Ringmail Cape	back
Large Ringmail Armor Set	World drop	WAR,CLR,PAL,RNG,SHD,BRD,ROG,SHM	5682	Large Ringmail Coat	chest
Large Ringmail Armor Set	World drop	WAR,CLR,PAL,RNG,SHD,BRD,ROG,SHM	5683	Large Ringmail Coif	head
Large Ringmail Armor Set	World drop	WAR,CLR,PAL,RNG,SHD,BRD,ROG,SHM	5684	Large Ringmail Gloves	hands
Large Ringmail Armor Set	World drop	WAR,CLR,PAL,RNG,SHD,BRD,ROG,SHM	5685	Large Ringmail Mantle	shoulders
Large Ringmail Armor Set	World drop	WAR,CLR,PAL,RNG,SHD,BRD,ROG,SHM	5686	Large Ringmail Neckguard	neck
Large Ringmail Armor Set	World drop	WAR,CLR,PAL,RNG,SHD,BRD,ROG,SHM	5687	Large Ringmail Pants	legs
Large Ringmail Armor Set	World drop	WAR,CLR,PAL,RNG,SHD,BRD,ROG,SHM	5688	Large Ringmail Sleeves	arms
Large Ringmail Armor Set	World drop	WAR,CLR,PAL,RNG,SHD,BRD,ROG,SHM	5689	Large Ringmail Visor	face
Large Tattered Armor Set	Crafted	WAR,CLR,PAL,RNG,SHD,DRU,MNK,BRD,ROG,SHM	5734	Large Tattered Gloves	hands
Large Tattered Armor Set	Crafted	WAR,CLR,PAL,RNG,SHD,DRU,MNK,BRD,ROG,SHM	5733	Large Tattered Belt	waist
Large Tattered Armor Set	Crafted	WAR,CLR,PAL,RNG,SHD,DRU,MNK,BRD,ROG,SHM	5739	Large Tattered Wristbands	wrist1
Large Tattered Armor Set	Crafted	WAR,CLR,PAL,RNG,SHD,DRU,MNK,BRD,ROG,SHM	5738	Large Tattered Skullcap	head
Large Tattered Armor Set	Crafted	WAR,CLR,PAL,RNG,SHD,DRU,MNK,BRD,ROG,SHM	5737	Large Tattered Shoulderpads	shoulders
Large Tattered Armor Set	Crafted	WAR,CLR,PAL,RNG,SHD,DRU,MNK,BRD,ROG,SHM	5736	Large Tattered Mask	face
Large Tattered Armor Set	Crafted	WAR,CLR,PAL,RNG,SHD,DRU,MNK,BRD,ROG,SHM	5735	Large Tattered Gorget	neck
Leather Armor Set		WAR,CLR,PAL,RNG,SHD,DRU,MNK,BRD,ROG,SHM	5760	Leather Belt	waist
Leather Armor Set		WAR,CLR,PAL,RNG,SHD,DRU,MNK,BRD,ROG,SHM	5761	Leather Boots	feet
Leather Armor Set		WAR,CLR,PAL,RNG,SHD,DRU,MNK,BRD,ROG,SHM	5762	Leather Cloak	back
Leather Armor Set		WAR,CLR,PAL,RNG,SHD,DRU,MNK,BRD,ROG,SHM	5764	Leather Gloves	hands
Leather Armor Set		WAR,CLR,PAL,RNG,SHD,DRU,MNK,BRD,ROG,SHM	5765	Leather Gorget	neck
Leather Armor Set		WAR,CLR,PAL,RNG,SHD,DRU,MNK,BRD,ROG,SHM	5766	Leather Leggings	legs
Leather Armor Set		WAR,CLR,PAL,RNG,SHD,DRU,MNK,BRD,ROG,SHM	5767	Leather Mask	face
Leather Armor Set		WAR,CLR,PAL,RNG,SHD,DRU,MNK,BRD,ROG,SHM	5769	Leather Shoulderpads	shoulders
Leather Armor Set		WAR,CLR,PAL,RNG,SHD,DRU,MNK,BRD,ROG,SHM	5770	Leather Skullcap	head
Leather Armor Set		WAR,CLR,PAL,RNG,SHD,DRU,MNK,BRD,ROG,SHM	5771	Leather Sleeves	arms
Leather Armor Set		WAR,CLR,PAL,RNG,SHD,DRU,MNK,BRD,ROG,SHM	5772	Leather Tunic	chest
Leather Armor Set		WAR,CLR,PAL,RNG,SHD,DRU,MNK,BRD,ROG,SHM	5774	Leather Wristbands	wrist1
Legionnaire Scale Armor		WAR	5802	Legionnaire Scale Boots	feet
Legionnaire Scale Armor		WAR	5807	Legionnaire Scale Helm	head
Legionnaire Scale Armor		WAR	5804	Legionnaire Scale Breastplate	chest
Legionnaire Scale Armor		WAR	5808	Legionnaire Scale Pauldron	shoulders
Legionnaire Scale Armor		WAR	5809	Legionnaire Scale Vambraces	arms
Legionnaire Scale Armor		WAR	5803	Legionnaire Scale Bracers	wrist1
Legionnaire Scale Armor		WAR	5805	Legionnaire Scale Gauntlets	hands
Legionnaire Scale Armor		WAR	5806	Legionnaire Scale Greaves	legs
Light Velium Weapons	Dragon Necropolis	WAR,CLR,PAL,RNG,SHD,DRU,MNK,BRD,ROG,SHM,NEC,WIZ,MAG,ENC	5840	Light Velium Battle Axe	primary
Light Velium Weapons	Dragon Necropolis	WAR,CLR,PAL,RNG,SHD,DRU,MNK,BRD,ROG,SHM,NEC,WIZ,MAG,ENC	5841	Light Velium Battlehammer	primary
Light Velium Weapons	Dragon Necropolis	WAR,CLR,PAL,RNG,SHD,DRU,MNK,BRD,ROG,SHM,NEC,WIZ,MAG,ENC	5842	Light Velium Bow	range
Light Velium Weapons	Dragon Necropolis	WAR,CLR,PAL,RNG,SHD,DRU,MNK,BRD,ROG,SHM,NEC,WIZ,MAG,ENC	5843	Light Velium Brawl Stick	primary
Light Velium Weapons	Dragon Necropolis	WAR,CLR,PAL,RNG,SHD,DRU,MNK,BRD,ROG,SHM,NEC,WIZ,MAG,ENC	5844	Light Velium Claidhmore	primary
Light Velium Weapons	Dragon Necropolis	WAR,CLR,PAL,RNG,SHD,DRU,MNK,BRD,ROG,SHM,NEC,WIZ,MAG,ENC	5845	Light Velium Spear	primary
Light Velium Weapons	Dragon Necropolis	WAR,CLR,PAL,RNG,SHD,DRU,MNK,BRD,ROG,SHM,NEC,WIZ,MAG,ENC	5846	Light Velium War Lance	primary
Light Velium Weapons	Dragon Necropolis	WAR,CLR,PAL,RNG,SHD,DRU,MNK,BRD,ROG,SHM,NEC,WIZ,MAG,ENC	5847	Light Velium Warsword	primary
Loam Encrusted Armor Set	The Hole	NEC,WIZ,MAG,ENC	5890	Loam Encrusted Amice	shoulders
Loam Encrusted Armor Set	The Hole	NEC,WIZ,MAG,ENC	5891	Loam Encrusted Bracelet	wrist1
Loam Encrusted Armor Set	The Hole	NEC,WIZ,MAG,ENC	5892	Loam Encrusted Cap	head
Loam Encrusted Armor Set	The Hole	NEC,WIZ,MAG,ENC	5893	Loam Encrusted Choker	neck
Loam Encrusted Armor Set	The Hole	NEC,WIZ,MAG,ENC	5894	Loam Encrusted Cloak	back
Loam Encrusted Armor Set	The Hole	NEC,WIZ,MAG,ENC	5895	Loam Encrusted Gloves	hands
Loam Encrusted Armor Set	The Hole	NEC,WIZ,MAG,ENC	5896	Loam Encrusted Lined Shoes	feet
Loam Encrusted Armor Set	The Hole	NEC,WIZ,MAG,ENC	5897	Loam Encrusted Pantaloons	legs
Loam Encrusted Armor Set	The Hole	NEC,WIZ,MAG,ENC	5898	Loam Encrusted Robe	chest
Loam Encrusted Armor Set	The Hole	NEC,WIZ,MAG,ENC	5899	Loam Encrusted Sash	waist
Loam Encrusted Armor Set	The Hole	NEC,WIZ,MAG,ENC	5900	Loam Encrusted Sleeves	arms
Loam Encrusted Armor Set	The Hole	NEC,WIZ,MAG,ENC	5901	Loam Encrusted Veil	face
Lustrous Russet Armor	Plane of Fear	WAR,CLR,PAL,RNG,SHD,BRD,ROG,SHM	5956	Lustrous Russet Breastplate	chest
Lustrous Russet Armor	Plane of Fear	WAR,CLR,PAL,RNG,SHD,BRD,ROG,SHM	5959	Lustrous Russet Helm	head
Lustrous Russet Armor	Plane of Fear	WAR,CLR,PAL,RNG,SHD,BRD,ROG,SHM	5960	Lustrous Russet Vambraces	arms
Lustrous Russet Armor	Plane of Fear	WAR,CLR,PAL,RNG,SHD,BRD,ROG,SHM	5958	Lustrous Russet Greaves	legs
Lustrous Russet Armor	Plane of Fear	WAR,CLR,PAL,RNG,SHD,BRD,ROG,SHM	5957	Lustrous Russet Gauntlets	hands
Lustrous Russet Armor	Plane of Fear	WAR,CLR,PAL,RNG,SHD,BRD,ROG,SHM	5954	Lustrous Russet Boots	feet
Lustrous Russet Armor	Plane of Fear	WAR,CLR,PAL,RNG,SHD,BRD,ROG,SHM	5955	Lustrous Russet Bracer	wrist1
Maleficent Armor	Plane of Mischief	NEC	6002	Maleficent Crown	head
Maleficent Armor	Plane of Mischief	NEC	6006	Maleficent Robe	chest
Maleficent Armor	Plane of Mischief	NEC	6007	Maleficent Sleeves	arms
Maleficent Armor	Plane of Mischief	NEC	6001	Maleficent Bracer	wrist1
Maleficent Armor	Plane of Mischief	NEC	6003	Maleficent Gloves	hands
Maleficent Armor	Plane of Mischief	NEC	6004	Maleficent Leggings	legs
Maleficent Armor	Plane of Mischief	NEC	6000	Maleficent Boots	feet
Massive Velium Weapons	Dragon Necropolis	WAR,CLR,PAL,RNG,SHD,DRU,MNK,BRD,ROG,SHM,NEC,WIZ,MAG,ENC	6102	Massive Velium Battle Axe	primary
Massive Velium Weapons	Dragon Necropolis	WAR,CLR,PAL,RNG,SHD,DRU,MNK,BRD,ROG,SHM,NEC,WIZ,MAG,ENC	6103	Massive Velium Battlehammer	primary
Massive Velium Weapons	Dragon Necropolis	WAR,CLR,PAL,RNG,SHD,DRU,MNK,BRD,ROG,SHM,NEC,WIZ,MAG,ENC	6104	Massive Velium Brawl Stick	primary
Massive Velium Weapons	Dragon Necropolis	WAR,CLR,PAL,RNG,SHD,DRU,MNK,BRD,ROG,SHM,NEC,WIZ,MAG,ENC	6105	Massive Velium Claidhmore	primary
Massive Velium Weapons	Dragon Necropolis	WAR,CLR,PAL,RNG,SHD,DRU,MNK,BRD,ROG,SHM,NEC,WIZ,MAG,ENC	6106	Massive Velium Knuckledusters	primary
Matchless Dragon Armor		WAR,CLR,PAL,RNG,SHD,BRD,ROG,SHM	6114	Matchless Dragonhide Breastplate	chest
Matchless Dragon Armor		WAR,CLR,PAL,RNG,SHD,BRD,ROG,SHM	6117	Matchless Dragonhorn Bracers	wrist1
Matchless Dragon Armor		WAR,CLR,PAL,RNG,SHD,BRD,ROG,SHM	6121	Matchless Dragonspine Vambraces	arms
Matchless Dragon Armor		WAR,CLR,PAL,RNG,SHD,BRD,ROG,SHM	6115	Matchless Dragonhide Gauntlets	hands
Matchless Dragon Armor		WAR,CLR,PAL,RNG,SHD,BRD,ROG,SHM	6120	Matchless Dragonskull Helm	head
Matchless Dragon Armor		WAR,CLR,PAL,RNG,SHD,BRD,ROG,SHM	6118	Matchless Dragonleg Breeches	legs
Matchless Dragon Armor		WAR,CLR,PAL,RNG,SHD,BRD,ROG,SHM	6122	Matchless Dragonwing Cloak	back
Matchless Dragon Armor		WAR,CLR,PAL,RNG,SHD,BRD,ROG,SHM	6123	Matchless Dragonwing Mantle	shoulders
Matchless Dragon Armor		WAR,CLR,PAL,RNG,SHD,BRD,ROG,SHM	6119	Matchless Dragonskin Mask	face
Matchless Dragon Armor		WAR,CLR,PAL,RNG,SHD,BRD,ROG,SHM	6113	Matchless Dragonhide Belt	waist
Matchless Dragon Armor		WAR,CLR,PAL,RNG,SHD,BRD,ROG,SHM	6116	Matchless Dragonhorn Boots	feet
Melodic Armor	Plane of Growth	BRD	6174	Melodic Helm	head
Melodic Armor	Plane of Growth	BRD	6170	Melodic Breastplate	chest
Melodic Armor	Plane of Growth	BRD	6175	Melodic Vambraces	arms
Melodic Armor	Plane of Growth	BRD	6169	Melodic Bracer	wrist1
Melodic Armor	Plane of Growth	BRD	6172	Melodic Gauntlets	hands
Melodic Armor	Plane of Growth	BRD	6173	Melodic Greaves	legs
Melodic Armor	Plane of Growth	BRD	6168	Melodic Boots	feet
Mesh Armor Set	Upper Guk	WAR,CLR,PAL,RNG,SHD,DRU,MNK,BRD,ROG,SHM	6187	Mesh Armbands	arms
Mesh Armor Set	Upper Guk	WAR,CLR,PAL,RNG,SHD,DRU,MNK,BRD,ROG,SHM	6188	Mesh Bracers	wrist1
Mesh Armor Set	Upper Guk	WAR,CLR,PAL,RNG,SHD,DRU,MNK,BRD,ROG,SHM	6189	Mesh Cape	back
Mesh Armor Set	Upper Guk	WAR,CLR,PAL,RNG,SHD,DRU,MNK,BRD,ROG,SHM	6190	Mesh Gauntlets	hands
Mesh Armor Set	Upper Guk	WAR,CLR,PAL,RNG,SHD,DRU,MNK,BRD,ROG,SHM	6191	Mesh Girth	waist
Mesh Armor Set	Upper Guk	WAR,CLR,PAL,RNG,SHD,DRU,MNK,BRD,ROG,SHM	6192	Mesh Gorget	neck
Mesh Armor Set	Upper Guk	WAR,CLR,PAL,RNG,SHD,DRU,MNK,BRD,ROG,SHM	6193	Mesh Helm	head
Mesh Armor Set	Upper Guk	WAR,CLR,PAL,RNG,SHD,DRU,MNK,BRD,ROG,SHM	6194	Mesh Leggings	legs
Mesh Armor Set	Upper Guk	WAR,CLR,PAL,RNG,SHD,DRU,MNK,BRD,ROG,SHM	6195	Mesh Mantle	shoulders
Mesh Armor Set	Upper Guk	WAR,CLR,PAL,RNG,SHD,DRU,MNK,BRD,ROG,SHM	6196	Mesh Mask	face
Mesh Armor Set	Upper Guk	WAR,CLR,PAL,RNG,SHD,DRU,MNK,BRD,ROG,SHM	6197	Mesh Tunic	chest
Mischievous Dazzler Armor	Plane of Mischief	ENC	6248	Mischievous Dazzler Crown	head
Mischievous Dazzler Armor	Plane of Mischief	ENC	6251	Mischievous Dazzler Robe	chest
Mischievous Dazzler Armor	Plane of Mischief	ENC	6253	Mischievous Dazzler Sleeves	arms
Mischievous Dazzler Armor	Plane of Mischief	ENC	6247	Mischievous Dazzler Bracer	wrist1
Mischievous Dazzler Armor	Plane of Mischief	ENC	6249	Mischievous Dazzler Gloves	hands
Mischievous Dazzler Armor	Plane of Mischief	ENC	6250	Mischievous Dazzler Leggings	legs
Mischievous Dazzler Armor	Plane of Mischief	ENC	6252	Mischievous Dazzler Shoes	feet
Monkey Hide Armor	Plane of Mischief	MNK	6331	Monkey Hide Helm	head
Monkey Hide Armor	Plane of Mischief	MNK	6329	Monkey Hide Breastplate	chest
Monkey Hide Armor	Plane of Mischief	MNK	6327	Monkey Hide Arm Plate	arms
Monkey Hide Armor	Plane of Mischief	MNK	6332	Monkey Hide Wrist Guard	wrist1
Monkey Hide Armor	Plane of Mischief	MNK	6330	Monkey Hide Greaves	legs
Monkey Hide Armor	Plane of Mischief	MNK	6328	Monkey Hide Boots	feet
Mrylokar's Armor	Kunark (Trakanon / Venril Sathir)	ROG	6360	Mrylokar's Helm	head
Mrylokar's Armor	Kunark (Trakanon / Venril Sathir)	ROG	6355	Mrylokar's Breastplate	chest
Mrylokar's Armor	Kunark (Trakanon / Venril Sathir)	ROG	6361	Mrylokar's Vambraces	arms
Mrylokar's Armor	Kunark (Trakanon / Venril Sathir)	ROG	6354	Mrylokar's Bracer	wrist1
Mrylokar's Armor	Kunark (Trakanon / Venril Sathir)	ROG	6357	Mrylokar's Gauntlets	hands
Mrylokar's Armor	Kunark (Trakanon / Venril Sathir)	ROG	6359	Mrylokar's Greaves	legs
Mrylokar's Armor	Kunark (Trakanon / Venril Sathir)	ROG	6353	Mrylokar's Boots	feet
Myrmidon Armor	Skyshrine	WAR	2044	Crown of the Myrmidon	head
Myrmidon Armor	Skyshrine	WAR	1230	Breastplate of the Myrmidon	chest
Myrmidon Armor	Skyshrine	WAR	10271	Vambraces of the Myrmidon	arms
Myrmidon Armor	Skyshrine	WAR	1190	Bracer of the Myrmidon	wrist1
Myrmidon Armor	Skyshrine	WAR	3713	Gauntlets of the Myrmidon	hands
Myrmidon Armor	Skyshrine	WAR	4157	Greaves of the Myrmidon	legs
Myrmidon Armor	Skyshrine	WAR	1123	Boots of the Myrmidon	feet
Nathsar Armor		WAR,CLR,PAL,RNG,SHD,DRU,MNK,BRD,ROG,SHM	6422	Nathsar Helm	head
Nathsar Armor		WAR,CLR,PAL,RNG,SHD,DRU,MNK,BRD,ROG,SHM	6419	Nathsar Breastplate	chest
Nathsar Armor		WAR,CLR,PAL,RNG,SHD,DRU,MNK,BRD,ROG,SHM	6424	Nathsar Vambraces	arms
Nathsar Armor		WAR,CLR,PAL,RNG,SHD,DRU,MNK,BRD,ROG,SHM	6418	Nathsar Bracer	wrist1
Nathsar Armor		WAR,CLR,PAL,RNG,SHD,DRU,MNK,BRD,ROG,SHM	6420	Nathsar Gauntlets	hands
Nathsar Armor		WAR,CLR,PAL,RNG,SHD,DRU,MNK,BRD,ROG,SHM	6423	Nathsar Leggings	legs
Nature Walker's Armor	Kael Drakkel	DRU	6430	Nature Walker's Circlet	head
Nature Walker's Armor	Kael Drakkel	DRU	6429	Nature Walker's Chestguard	chest
Nature Walker's Armor	Kael Drakkel	DRU	6435	Nature Walker's Vambraces	arms
Nature Walker's Armor	Kael Drakkel	DRU	6428	Nature Walker's Bracer	wrist1
Nature Walker's Armor	Kael Drakkel	DRU	6431	Nature Walker's Gauntlets	hands
Nature Walker's Armor	Kael Drakkel	DRU	6432	Nature Walker's Greaves	legs
Nature Walker's Armor	Kael Drakkel	DRU	6427	Nature Walker's Boots	feet
Netted Armor Set		WAR,CLR,PAL,RNG,SHD,DRU,MNK,BRD,ROG,SHM,NEC,WIZ,MAG,ENC	6462	Netted Cap	head
Netted Armor Set		WAR,CLR,PAL,RNG,SHD,DRU,MNK,BRD,ROG,SHM,NEC,WIZ,MAG,ENC	6463	Netted Cape	back
Netted Armor Set		WAR,CLR,PAL,RNG,SHD,DRU,MNK,BRD,ROG,SHM,NEC,WIZ,MAG,ENC	6464	Netted Choker	neck
Netted Armor Set		WAR,CLR,PAL,RNG,SHD,DRU,MNK,BRD,ROG,SHM,NEC,WIZ,MAG,ENC	6465	Netted Girth	waist
Netted Armor Set		WAR,CLR,PAL,RNG,SHD,DRU,MNK,BRD,ROG,SHM,NEC,WIZ,MAG,ENC	6466	Netted Gloves	hands
Netted Armor Set		WAR,CLR,PAL,RNG,SHD,DRU,MNK,BRD,ROG,SHM,NEC,WIZ,MAG,ENC	6479	Netted Mantle	shoulders
Netted Armor Set		WAR,CLR,PAL,RNG,SHD,DRU,MNK,BRD,ROG,SHM,NEC,WIZ,MAG,ENC	6480	Netted Mask	face
Netted Armor Set		WAR,CLR,PAL,RNG,SHD,DRU,MNK,BRD,ROG,SHM,NEC,WIZ,MAG,ENC	6481	Netted Pants	legs
Netted Armor Set		WAR,CLR,PAL,RNG,SHD,DRU,MNK,BRD,ROG,SHM,NEC,WIZ,MAG,ENC	6482	Netted Shirt	chest
Netted Armor Set		WAR,CLR,PAL,RNG,SHD,DRU,MNK,BRD,ROG,SHM,NEC,WIZ,MAG,ENC	6483	Netted Sleeves	arms
Netted Armor Set		WAR,CLR,PAL,RNG,SHD,DRU,MNK,BRD,ROG,SHM,NEC,WIZ,MAG,ENC	6484	Netted Wristband	wrist1
Netted Kelp Armor	Siren's Grotto	WAR,CLR,PAL,RNG,SHD,DRU,MNK,BRD,ROG,SHM,NEC,WIZ,MAG,ENC	6467	Netted Kelp Amice	shoulders
Netted Kelp Armor	Siren's Grotto	WAR,CLR,PAL,RNG,SHD,DRU,MNK,BRD,ROG,SHM,NEC,WIZ,MAG,ENC	6468	Netted Kelp Bracelet	wrist1
Netted Kelp Armor	Siren's Grotto	WAR,CLR,PAL,RNG,SHD,DRU,MNK,BRD,ROG,SHM,NEC,WIZ,MAG,ENC	6469	Netted Kelp Cap	head
Netted Kelp Armor	Siren's Grotto	WAR,CLR,PAL,RNG,SHD,DRU,MNK,BRD,ROG,SHM,NEC,WIZ,MAG,ENC	6470	Netted Kelp Choker	neck
Netted Kelp Armor	Siren's Grotto	WAR,CLR,PAL,RNG,SHD,DRU,MNK,BRD,ROG,SHM,NEC,WIZ,MAG,ENC	6471	Netted Kelp Cloak	back
Netted Kelp Armor	Siren's Grotto	WAR,CLR,PAL,RNG,SHD,DRU,MNK,BRD,ROG,SHM,NEC,WIZ,MAG,ENC	6472	Netted Kelp Gloves	hands
Netted Kelp Armor	Siren's Grotto	WAR,CLR,PAL,RNG,SHD,DRU,MNK,BRD,ROG,SHM,NEC,WIZ,MAG,ENC	6473	Netted Kelp Lined Shoes	feet
Netted Kelp Armor	Siren's Grotto	WAR,CLR,PAL,RNG,SHD,DRU,MNK,BRD,ROG,SHM,NEC,WIZ,MAG,ENC	6474	Netted Kelp Pantaloons	legs
Netted Kelp Armor	Siren's Grotto	WAR,CLR,PAL,RNG,SHD,DRU,MNK,BRD,ROG,SHM,NEC,WIZ,MAG,ENC	6475	Netted Kelp Sash	waist
Netted Kelp Armor	Siren's Grotto	WAR,CLR,PAL,RNG,SHD,DRU,MNK,BRD,ROG,SHM,NEC,WIZ,MAG,ENC	6476	Netted Kelp Sleeves	arms
Netted Kelp Armor	Siren's Grotto	WAR,CLR,PAL,RNG,SHD,DRU,MNK,BRD,ROG,SHM,NEC,WIZ,MAG,ENC	6477	Netted Kelp Tunic	chest
Netted Kelp Armor	Siren's Grotto	WAR,CLR,PAL,RNG,SHD,DRU,MNK,BRD,ROG,SHM,NEC,WIZ,MAG,ENC	6478	Netted Kelp Veil	face
Noctivagant Armor	Plane of Growth	SHD	6523	Noctivagant Crown	head
Noctivagant Armor	Plane of Growth	SHD	6522	Noctivagant Breastplate	chest
Noctivagant Armor	Plane of Growth	SHD	6526	Noctivagant Vambraces	arms
Noctivagant Armor	Plane of Growth	SHD	6521	Noctivagant Bracer	wrist1
Noctivagant Armor	Plane of Growth	SHD	6524	Noctivagant Gauntlets	hands
Noctivagant Armor	Plane of Growth	SHD	6525	Noctivagant Greaves	legs
Noctivagant Armor	Plane of Growth	SHD	6520	Noctivagant Boots	feet
Northman Ring	Crafted	WAR,CLR,PAL,RNG,SHD,BRD,ROG,SHM	6537	Northman Ring Boots	feet
Northman Ring	Crafted	WAR,CLR,PAL,RNG,SHD,BRD,ROG,SHM	6538	Northman Ring Bracer	wrist1
Northman Ring	Crafted	WAR,CLR,PAL,RNG,SHD,BRD,ROG,SHM	6540	Northman Ring Gauntlets	hands
Northman Ring	Crafted	WAR,CLR,PAL,RNG,SHD,BRD,ROG,SHM	6542	Northman Ring Helm	head
Northman Ring	Crafted	WAR,CLR,PAL,RNG,SHD,BRD,ROG,SHM	6543	Northman Ring Leggings	legs
Northman Ring	Crafted	WAR,CLR,PAL,RNG,SHD,BRD,ROG,SHM	6544	Northman Ring Mail	chest
Northman Ring	Crafted	WAR,CLR,PAL,RNG,SHD,BRD,ROG,SHM	6547	Northman Ring Sleeves	arms
Ogre Splintmail	Crafted	WAR,CLR,PAL,RNG,SHD,BRD,ROG,SHM	6643	Ogre Splintmail Boots	feet
Ogre Splintmail	Crafted	WAR,CLR,PAL,RNG,SHD,BRD,ROG,SHM	6644	Ogre Splintmail Bracer	wrist1
Ogre Splintmail	Crafted	WAR,CLR,PAL,RNG,SHD,BRD,ROG,SHM	6646	Ogre Splintmail Gauntlets	hands
Ogre Splintmail	Crafted	WAR,CLR,PAL,RNG,SHD,BRD,ROG,SHM	6648	Ogre Splintmail Helm	head
Ogre Splintmail	Crafted	WAR,CLR,PAL,RNG,SHD,BRD,ROG,SHM	6649	Ogre Splintmail Leggings	legs
Ogre Splintmail	Crafted	WAR,CLR,PAL,RNG,SHD,BRD,ROG,SHM	6650	Ogre Splintmail Mail	chest
Ogre Splintmail	Crafted	WAR,CLR,PAL,RNG,SHD,BRD,ROG,SHM	6653	Ogre Splintmail Sleeves	arms
Ogre War Plate	Crafted	WAR,SHD	6658	Ogre War Plate Boots	feet
Ogre War Plate	Crafted	WAR,SHD	6659	Ogre War Plate Bracers	wrist1
Ogre War Plate	Crafted	WAR,SHD	6660	Ogre War Plate Breastplate	chest
Ogre War Plate	Crafted	WAR,SHD	6662	Ogre War Plate Gauntlets	hands
Ogre War Plate	Crafted	WAR,SHD	6664	Ogre War Plate Greaves	legs
Ogre War Plate	Crafted	WAR,SHD	6665	Ogre War Plate Helm	head
Ogre War Plate	Crafted	WAR,SHD	6667	Ogre War Plate Vambraces	arms
Ornate Chain	Crafted	WAR,CLR,PAL,RNG,SHD,DRU,BRD,ROG,SHM	8914	Small Ornate Chain Mail	chest
Ornate Chain	Crafted	WAR,CLR,PAL,RNG,SHD,DRU,BRD,ROG,SHM	8917	Small Ornate Chain Sleeves	arms
Ornate Chain	Crafted	WAR,CLR,PAL,RNG,SHD,DRU,BRD,ROG,SHM	8913	Small Ornate Chain Leggings	legs
Ornate Chain	Crafted	WAR,CLR,PAL,RNG,SHD,DRU,BRD,ROG,SHM	8911	Small Ornate Chain Gloves	hands
Ornate Chain	Crafted	WAR,CLR,PAL,RNG,SHD,DRU,BRD,ROG,SHM	8907	Small Ornate Chain Boots	feet
Ornate Chain	Crafted	WAR,CLR,PAL,RNG,SHD,DRU,BRD,ROG,SHM	8916	Small Ornate Chain Skirt	waist
Ornate Chain	Crafted	WAR,CLR,PAL,RNG,SHD,DRU,BRD,ROG,SHM	8908	Small Ornate Chain Bracelet	wrist1
Ornate Chain	Crafted	WAR,CLR,PAL,RNG,SHD,DRU,BRD,ROG,SHM	8910	Small Ornate Chain Coif	head
Ornate Chain	Crafted	WAR,CLR,PAL,RNG,SHD,DRU,BRD,ROG,SHM	8909	Small Ornate Chain Cloak	back
Ornate Chain	Crafted	WAR,CLR,PAL,RNG,SHD,DRU,BRD,ROG,SHM	8915	Small Ornate Chain Mantle	shoulders
Ornate Chain	Crafted	WAR,CLR,PAL,RNG,SHD,DRU,BRD,ROG,SHM	8918	Small Ornate Chain Veil	face
Ornate Chain	Crafted	WAR,CLR,PAL,RNG,SHD,DRU,BRD,ROG,SHM	8912	Small Ornate Chain Gorget	neck
Ornate Chain	Crafted	WAR,CLR,PAL,RNG,SHD,DRU,BRD,ROG,SHM	6740	Ornate Chain Mail	chest
Ornate Chain	Crafted	WAR,CLR,PAL,RNG,SHD,DRU,BRD,ROG,SHM	6743	Ornate Chain Sleeves	arms
Ornate Chain	Crafted	WAR,CLR,PAL,RNG,SHD,DRU,BRD,ROG,SHM	6739	Ornate Chain Leggings	legs
Ornate Chain	Crafted	WAR,CLR,PAL,RNG,SHD,DRU,BRD,ROG,SHM	6737	Ornate Chain Gloves	hands
Ornate Chain	Crafted	WAR,CLR,PAL,RNG,SHD,DRU,BRD,ROG,SHM	6733	Ornate Chain Boots	feet
Ornate Chain	Crafted	WAR,CLR,PAL,RNG,SHD,DRU,BRD,ROG,SHM	6742	Ornate Chain Skirt	waist
Ornate Chain	Crafted	WAR,CLR,PAL,RNG,SHD,DRU,BRD,ROG,SHM	6734	Ornate Chain Bracelet	wrist1
Ornate Chain	Crafted	WAR,CLR,PAL,RNG,SHD,DRU,BRD,ROG,SHM	6736	Ornate Chain Coif	head
Ornate Chain	Crafted	WAR,CLR,PAL,RNG,SHD,DRU,BRD,ROG,SHM	6735	Ornate Chain Cloak	back
Ornate Chain	Crafted	WAR,CLR,PAL,RNG,SHD,DRU,BRD,ROG,SHM	6741	Ornate Chain Mantle	shoulders
Ornate Chain	Crafted	WAR,CLR,PAL,RNG,SHD,DRU,BRD,ROG,SHM	6744	Ornate Chain Veil	face
Ornate Chain	Crafted	WAR,CLR,PAL,RNG,SHD,DRU,BRD,ROG,SHM	6738	Ornate Chain Gorget	neck
Ornate Chain	Crafted	WAR,CLR,PAL,RNG,SHD,DRU,BRD,ROG,SHM	5629	Large Ornate Chain Mail	chest
Ornate Chain	Crafted	WAR,CLR,PAL,RNG,SHD,DRU,BRD,ROG,SHM	5632	Large Ornate Chain Sleeves	arms
Ornate Chain	Crafted	WAR,CLR,PAL,RNG,SHD,DRU,BRD,ROG,SHM	5628	Large Ornate Chain Leggings	legs
Ornate Chain	Crafted	WAR,CLR,PAL,RNG,SHD,DRU,BRD,ROG,SHM	5626	Large Ornate Chain Gloves	hands
Ornate Chain	Crafted	WAR,CLR,PAL,RNG,SHD,DRU,BRD,ROG,SHM	5622	Large Ornate Chain Boots	feet
Ornate Chain	Crafted	WAR,CLR,PAL,RNG,SHD,DRU,BRD,ROG,SHM	5631	Large Ornate Chain Skirt	waist
Ornate Chain	Crafted	WAR,CLR,PAL,RNG,SHD,DRU,BRD,ROG,SHM	5623	Large Ornate Chain Bracelet	wrist1
Ornate Chain	Crafted	WAR,CLR,PAL,RNG,SHD,DRU,BRD,ROG,SHM	5625	Large Ornate Chain Coif	head
Ornate Chain	Crafted	WAR,CLR,PAL,RNG,SHD,DRU,BRD,ROG,SHM	5624	Large Ornate Chain Cloak	back
Ornate Chain	Crafted	WAR,CLR,PAL,RNG,SHD,DRU,BRD,ROG,SHM	5630	Large Ornate Chain Mantle	shoulders
Ornate Chain	Crafted	WAR,CLR,PAL,RNG,SHD,DRU,BRD,ROG,SHM	5633	Large Ornate Chain Veil	face
Ornate Chain	Crafted	WAR,CLR,PAL,RNG,SHD,DRU,BRD,ROG,SHM	5627	Large Ornate Chain Gorget	neck
Othmir Fur Armor	Cobalt Scar	WAR,CLR,PAL,RNG,SHD,DRU,MNK,BRD,ROG,SHM,NEC,WIZ,MAG,ENC	6758	Othmir Fur Moccasins	feet
Othmir Fur Armor	Cobalt Scar	WAR,CLR,PAL,RNG,SHD,DRU,MNK,BRD,ROG,SHM,NEC,WIZ,MAG,ENC	6757	Othmir Fur Cloak	back
Othmir Fur Armor	Cobalt Scar	WAR,CLR,PAL,RNG,SHD,DRU,MNK,BRD,ROG,SHM,NEC,WIZ,MAG,ENC	6756	Othmir Fur Cap	head
Otterhide Armor	Iceclad Ocean	WAR,CLR,PAL,RNG,SHD,DRU,MNK,BRD,ROG,SHM	6765	Otterhide Sleeves	arms
Otterhide Armor	Iceclad Ocean	WAR,CLR,PAL,RNG,SHD,DRU,MNK,BRD,ROG,SHM	6762	Otterhide Bracers	wrist1
Otterhide Armor	Iceclad Ocean	WAR,CLR,PAL,RNG,SHD,DRU,MNK,BRD,ROG,SHM	6764	Otterhide Leggings	legs
Otterhide Armor	Iceclad Ocean	WAR,CLR,PAL,RNG,SHD,DRU,MNK,BRD,ROG,SHM	6763	Otterhide Gloves	hands
Otterhide Armor	Iceclad Ocean	WAR,CLR,PAL,RNG,SHD,DRU,MNK,BRD,ROG,SHM	6766	Otterhide Tunic	chest
Paineel Steel Armor Set	The Hole	WAR,CLR,PAL,RNG,SHD,BRD,SHM	6786	Paineel Platemail Helm	head
Paineel Steel Armor Set	The Hole	WAR,CLR,PAL,RNG,SHD,BRD,SHM	6788	Paineel Steel Bracers	wrist1
Paineel Steel Armor Set	The Hole	WAR,CLR,PAL,RNG,SHD,BRD,SHM	6789	Paineel Steel Breastplate	chest
Paineel Steel Armor Set	The Hole	WAR,CLR,PAL,RNG,SHD,BRD,SHM	6790	Paineel Steel Collar	neck
Paineel Steel Armor Set	The Hole	WAR,CLR,PAL,RNG,SHD,BRD,SHM	6791	Paineel Steel Greaves	legs
Paineel Steel Armor Set	The Hole	WAR,CLR,PAL,RNG,SHD,BRD,SHM	6792	Paineel Steel Mask	face
Paineel Steel Armor Set	The Hole	WAR,CLR,PAL,RNG,SHD,BRD,SHM	6793	Paineel Steel Pauldron	shoulders
Paineel Steel Armor Set	The Hole	WAR,CLR,PAL,RNG,SHD,BRD,SHM	6794	Paineel Steel Plate Boots	feet
Paineel Steel Armor Set	The Hole	WAR,CLR,PAL,RNG,SHD,BRD,SHM	6795	Paineel Steel Vambraces	arms
Paineel Steel Armor Set	The Hole	WAR,CLR,PAL,RNG,SHD,BRD,SHM	6785	Paineel Plate Gauntlets	hands
Patch Hide Armor		WAR,SHD,MNK,SHM,NEC	6834	Patch Hide Ab Guard	waist
Patch Hide Armor		WAR,SHD,MNK,SHM,NEC	6835	Patch Hide Arm Guards	arms
Patch Hide Armor		WAR,SHD,MNK,SHM,NEC	6836	Patch Hide Bracers	wrist1
Patch Hide Armor		WAR,SHD,MNK,SHM,NEC	6837	Patch Hide Collar	neck
Patch Hide Armor		WAR,SHD,MNK,SHM,NEC	6838	Patch Hide Gloves	hands
Patch Hide Armor		WAR,SHD,MNK,SHM,NEC	6839	Patch Hide Mask	face
Patch Hide Armor		WAR,SHD,MNK,SHM,NEC	6840	Patch Hide Poncho	back
Patch Hide Armor		WAR,SHD,MNK,SHM,NEC	6841	Patch Hide Sandal	feet
Patch Hide Armor		WAR,SHD,MNK,SHM,NEC	6842	Patch Hide Shoulder Guard	shoulders
Patch Hide Armor		WAR,SHD,MNK,SHM,NEC	6843	Patch Hide Skullcap	head
Patchwork Armor Set	Crafted	WAR,CLR,PAL,RNG,SHD,DRU,MNK,BRD,ROG,SHM	6849	Patchwork Boots	feet
Patchwork Armor Set	Crafted	WAR,CLR,PAL,RNG,SHD,DRU,MNK,BRD,ROG,SHM	6850	Patchwork Cloak	back
Patchwork Armor Set	Crafted	WAR,CLR,PAL,RNG,SHD,DRU,MNK,BRD,ROG,SHM	6851	Patchwork Pants	legs
Patchwork Armor Set	Crafted	WAR,CLR,PAL,RNG,SHD,DRU,MNK,BRD,ROG,SHM	6852	Patchwork Sleeves	arms
Patchwork Armor Set	Crafted	WAR,CLR,PAL,RNG,SHD,DRU,MNK,BRD,ROG,SHM	6853	Patchwork Tunic	chest
Peerless Dragon Armor		WAR,CLR,PAL,RNG,SHD,BRD,ROG,SHM	6880	Peerless Dragonhide Breastplate	chest
Peerless Dragon Armor		WAR,CLR,PAL,RNG,SHD,BRD,ROG,SHM	6883	Peerless Dragonhorn Bracers	wrist1
Peerless Dragon Armor		WAR,CLR,PAL,RNG,SHD,BRD,ROG,SHM	6887	Peerless Dragonspine Vambraces	arms
Peerless Dragon Armor		WAR,CLR,PAL,RNG,SHD,BRD,ROG,SHM	6881	Peerless Dragonhide Gauntlets	hands
Peerless Dragon Armor		WAR,CLR,PAL,RNG,SHD,BRD,ROG,SHM	6886	Peerless Dragonskull Helm	head
Peerless Dragon Armor		WAR,CLR,PAL,RNG,SHD,BRD,ROG,SHM	6884	Peerless Dragonleg Breeches	legs
Peerless Dragon Armor		WAR,CLR,PAL,RNG,SHD,BRD,ROG,SHM	6888	Peerless Dragonwing Cloak	back
Peerless Dragon Armor		WAR,CLR,PAL,RNG,SHD,BRD,ROG,SHM	6889	Peerless Dragonwing Mantle	shoulders
Peerless Dragon Armor		WAR,CLR,PAL,RNG,SHD,BRD,ROG,SHM	6885	Peerless Dragonskin Mask	face
Peerless Dragon Armor		WAR,CLR,PAL,RNG,SHD,BRD,ROG,SHM	6879	Peerless Dragonhide Belt	waist
Peerless Dragon Armor		WAR,CLR,PAL,RNG,SHD,BRD,ROG,SHM	6882	Peerless Dragonhorn Boots	feet
Plague Bearer's Armor	Kael Drakkel	NEC	6964	Plague Bearer's Circlet	head
Plague Bearer's Armor	Kael Drakkel	NEC	6966	Plague Bearer's Robe	chest
Plague Bearer's Armor	Kael Drakkel	NEC	6967	Plague Bearer's Sleeves	arms
Plague Bearer's Armor	Kael Drakkel	NEC	6969	Plague Bearer's Wristguard	wrist1
Plague Bearer's Armor	Kael Drakkel	NEC	6965	Plague Bearer's Gloves	hands
Plague Bearer's Armor	Kael Drakkel	NEC	6968	Plague Bearer's Trousers	legs
Plague Bearer's Armor	Kael Drakkel	NEC	6963	Plague Bearer's Boots	feet
Platinum Full Plate	Crafted	WAR,CLR,PAL,SHD,BRD	7003	Platinum Full Plate Boots	feet
Platinum Full Plate	Crafted	WAR,CLR,PAL,SHD,BRD	7004	Platinum Full Plate Bracer	wrist1
Platinum Full Plate	Crafted	WAR,CLR,PAL,SHD,BRD	7006	Platinum Full Plate Gauntlets	hands
Platinum Full Plate	Crafted	WAR,CLR,PAL,SHD,BRD	7008	Platinum Full Plate Greaves	legs
Platinum Full Plate	Crafted	WAR,CLR,PAL,SHD,BRD	7009	Platinum Full Plate Helm	head
Platinum Full Plate	Crafted	WAR,CLR,PAL,SHD,BRD	7011	Platinum Full Plate Vambraces	arms
Platinum Full Plate Armor	Crafted	WAR,CLR,PAL,SHD,BRD	7002	Platinum Full Breastplate	chest
Platinum Full Plate Armor	Crafted	WAR,CLR,PAL,SHD,BRD	7003	Platinum Full Plate Boots	feet
Platinum Full Plate Armor	Crafted	WAR,CLR,PAL,SHD,BRD	7004	Platinum Full Plate Bracer	wrist1
Platinum Full Plate Armor	Crafted	WAR,CLR,PAL,SHD,BRD	7005	Platinum Full Plate Collar	neck
Platinum Full Plate Armor	Crafted	WAR,CLR,PAL,SHD,BRD	7006	Platinum Full Plate Gauntlets	hands
Platinum Full Plate Armor	Crafted	WAR,CLR,PAL,SHD,BRD	7007	Platinum Full Plate Girdle	waist
Platinum Full Plate Armor	Crafted	WAR,CLR,PAL,SHD,BRD	7008	Platinum Full Plate Greaves	legs
Platinum Full Plate Armor	Crafted	WAR,CLR,PAL,SHD,BRD	7009	Platinum Full Plate Helm	head
Platinum Full Plate Armor	Crafted	WAR,CLR,PAL,SHD,BRD	7010	Platinum Full Plate Pauldron	shoulders
Platinum Full Plate Armor	Crafted	WAR,CLR,PAL,SHD,BRD	7011	Platinum Full Plate Vambraces	arms
Platinum Full Plate Armor	Crafted	WAR,CLR,PAL,SHD,BRD	7012	Platinum Full Plate Visor	face
Platinum Full Plate Armor	Crafted	WAR,CLR,PAL,SHD,BRD	7013	Platinum Full Splinted Cloak	back
Prestidigitator's Armor	Skyshrine	MAG	7154	Prestidigitator's Headband	head
Prestidigitator's Armor	Skyshrine	MAG	7155	Prestidigitator's Robe	chest
Prestidigitator's Armor	Skyshrine	MAG	7156	Prestidigitator's Sleeves	arms
Prestidigitator's Armor	Skyshrine	MAG	7158	Prestidigitator's Wristband	wrist1
Prestidigitator's Armor	Skyshrine	MAG	7153	Prestidigitator's Gloves	hands
Prestidigitator's Armor	Skyshrine	MAG	7157	Prestidigitator's Trousers	legs
Prestidigitator's Armor	Skyshrine	MAG	7152	Prestidigitator's Boots	feet
Priceless Velium Weapons	Sleeper's Tomb	WAR,CLR,PAL,RNG,SHD,DRU,MNK,BRD,ROG,SHM,NEC,WIZ,MAG,ENC	7160	Priceless Velium Battlehammer	primary
Priceless Velium Weapons	Sleeper's Tomb	WAR,CLR,PAL,RNG,SHD,DRU,MNK,BRD,ROG,SHM,NEC,WIZ,MAG,ENC	7169	Priceless Velium Warsword	primary
Priceless Velium Weapons	Sleeper's Tomb	WAR,CLR,PAL,RNG,SHD,DRU,MNK,BRD,ROG,SHM,NEC,WIZ,MAG,ENC	7167	Priceless Velium Spear	primary
Priceless Velium Weapons	Sleeper's Tomb	WAR,CLR,PAL,RNG,SHD,DRU,MNK,BRD,ROG,SHM,NEC,WIZ,MAG,ENC	7161	Priceless Velium Brawl Stick	primary
Priceless Velium Weapons	Sleeper's Tomb	WAR,CLR,PAL,RNG,SHD,DRU,MNK,BRD,ROG,SHM,NEC,WIZ,MAG,ENC	7162	Priceless Velium Claidhmore	primary
Priceless Velium Weapons	Sleeper's Tomb	WAR,CLR,PAL,RNG,SHD,DRU,MNK,BRD,ROG,SHM,NEC,WIZ,MAG,ENC	7159	Priceless Velium Battle Axe	primary
Priceless Velium Weapons	Sleeper's Tomb	WAR,CLR,PAL,RNG,SHD,DRU,MNK,BRD,ROG,SHM,NEC,WIZ,MAG,ENC	7168	Priceless Velium War Lance	primary
Priceless Velium Weapons	Sleeper's Tomb	WAR,CLR,PAL,RNG,SHD,DRU,MNK,BRD,ROG,SHM,NEC,WIZ,MAG,ENC	7166	Priceless Velium Reinforced Bow	range
Priceless Velium Weapons	Sleeper's Tomb	WAR,CLR,PAL,RNG,SHD,DRU,MNK,BRD,ROG,SHM,NEC,WIZ,MAG,ENC	7163	Priceless Velium Fist Wraps	primary
Priceless Velium Weapons	Sleeper's Tomb	WAR,CLR,PAL,RNG,SHD,DRU,MNK,BRD,ROG,SHM,NEC,WIZ,MAG,ENC	7164	Priceless Velium Knight's Sword	primary
Primal Velium Weapons		WAR,CLR,PAL,RNG,SHD,DRU,MNK,BRD,ROG,SHM,NEC,WIZ,MAG,ENC	7174	Primal Velium Battlehammer	primary
Primal Velium Weapons		WAR,CLR,PAL,RNG,SHD,DRU,MNK,BRD,ROG,SHM,NEC,WIZ,MAG,ENC	7182	Primal Velium Warsword	primary
Primal Velium Weapons		WAR,CLR,PAL,RNG,SHD,DRU,MNK,BRD,ROG,SHM,NEC,WIZ,MAG,ENC	7180	Primal Velium Spear	primary
Primal Velium Weapons		WAR,CLR,PAL,RNG,SHD,DRU,MNK,BRD,ROG,SHM,NEC,WIZ,MAG,ENC	7175	Primal Velium Brawl Stick	primary
Primal Velium Weapons		WAR,CLR,PAL,RNG,SHD,DRU,MNK,BRD,ROG,SHM,NEC,WIZ,MAG,ENC	7176	Primal Velium Claidhmore	primary
Primal Velium Weapons		WAR,CLR,PAL,RNG,SHD,DRU,MNK,BRD,ROG,SHM,NEC,WIZ,MAG,ENC	7173	Primal Velium Battle Axe	primary
Primal Velium Weapons		WAR,CLR,PAL,RNG,SHD,DRU,MNK,BRD,ROG,SHM,NEC,WIZ,MAG,ENC	7181	Primal Velium War Lance	primary
Primal Velium Weapons		WAR,CLR,PAL,RNG,SHD,DRU,MNK,BRD,ROG,SHM,NEC,WIZ,MAG,ENC	7179	Primal Velium Reinforced Bow	range
Primal Velium Weapons		WAR,CLR,PAL,RNG,SHD,DRU,MNK,BRD,ROG,SHM,NEC,WIZ,MAG,ENC	7177	Primal Velium Fist Wraps	primary
Primal Velium Weapons		WAR,CLR,PAL,RNG,SHD,DRU,MNK,BRD,ROG,SHM,NEC,WIZ,MAG,ENC	7178	Primal Velium Knight's Sword	primary
Purified Crystal Weapons	Tower of Frozen Shadow	WAR,CLR,PAL,RNG,SHD,DRU,MNK,BRD,ROG,SHM,NEC,WIZ,MAG,ENC	7216	Purified Crystal Claymore	primary
Purified Crystal Weapons	Tower of Frozen Shadow	WAR,CLR,PAL,RNG,SHD,DRU,MNK,BRD,ROG,SHM,NEC,WIZ,MAG,ENC	7217	Purified Crystal Dagger	primary
Purified Crystal Weapons	Tower of Frozen Shadow	WAR,CLR,PAL,RNG,SHD,DRU,MNK,BRD,ROG,SHM,NEC,WIZ,MAG,ENC	7218	Purified Crystal Long Sword	primary
Purified Crystal Weapons	Tower of Frozen Shadow	WAR,CLR,PAL,RNG,SHD,DRU,MNK,BRD,ROG,SHM,NEC,WIZ,MAG,ENC	7219	Purified Crystal Scimitar	primary
Purified Crystal Weapons	Tower of Frozen Shadow	WAR,CLR,PAL,RNG,SHD,DRU,MNK,BRD,ROG,SHM,NEC,WIZ,MAG,ENC	7220	Purified Crystal Short Sword	primary
Purified Crystal Weapons	Tower of Frozen Shadow	WAR,CLR,PAL,RNG,SHD,DRU,MNK,BRD,ROG,SHM,NEC,WIZ,MAG,ENC	7221	Purified Crystal Star	primary
Purified Spirit Armor	Tower of Frozen Shadow	WAR,CLR,PAL,RNG,DRU,MNK,BRD,ROG,SHM	7227	Purified Spirit Belt	waist
Purified Spirit Armor	Tower of Frozen Shadow	WAR,CLR,PAL,RNG,DRU,MNK,BRD,ROG,SHM	7228	Purified Spirit Boots	feet
Purified Spirit Armor	Tower of Frozen Shadow	WAR,CLR,PAL,RNG,DRU,MNK,BRD,ROG,SHM	7229	Purified Spirit Bracer	wrist1
Purified Spirit Armor	Tower of Frozen Shadow	WAR,CLR,PAL,RNG,DRU,MNK,BRD,ROG,SHM	7230	Purified Spirit Gloves	hands
Purified Spirit Armor	Tower of Frozen Shadow	WAR,CLR,PAL,RNG,DRU,MNK,BRD,ROG,SHM	7231	Purified Spirit Helm	head
Purified Spirit Armor	Tower of Frozen Shadow	WAR,CLR,PAL,RNG,DRU,MNK,BRD,ROG,SHM	7232	Purified Spirit Leggings	legs
Purified Spirit Armor	Tower of Frozen Shadow	WAR,CLR,PAL,RNG,DRU,MNK,BRD,ROG,SHM	7233	Purified Spirit Sleeves	arms
Purified Spirit Armor	Tower of Frozen Shadow	WAR,CLR,PAL,RNG,DRU,MNK,BRD,ROG,SHM	7234	Purified Spirit Tunic	chest
Purified Weapons	Tower of Frozen Shadow	WAR,CLR,PAL,RNG,SHD,DRU,MNK,BRD,ROG,SHM,NEC,WIZ,MAG,ENC	7215	Purified Claymore	primary
Purified Weapons	Tower of Frozen Shadow	WAR,CLR,PAL,RNG,SHD,DRU,MNK,BRD,ROG,SHM,NEC,WIZ,MAG,ENC	7222	Purified Dagger	primary
Purified Weapons	Tower of Frozen Shadow	WAR,CLR,PAL,RNG,SHD,DRU,MNK,BRD,ROG,SHM,NEC,WIZ,MAG,ENC	7223	Purified Long Sword	primary
Purified Weapons	Tower of Frozen Shadow	WAR,CLR,PAL,RNG,SHD,DRU,MNK,BRD,ROG,SHM,NEC,WIZ,MAG,ENC	7224	Purified Rapier	primary
Purified Weapons	Tower of Frozen Shadow	WAR,CLR,PAL,RNG,SHD,DRU,MNK,BRD,ROG,SHM,NEC,WIZ,MAG,ENC	7225	Purified Scimitar	primary
Purified Weapons	Tower of Frozen Shadow	WAR,CLR,PAL,RNG,SHD,DRU,MNK,BRD,ROG,SHM,NEC,WIZ,MAG,ENC	7226	Purified Spear	primary
Purified Weapons	Tower of Frozen Shadow	WAR,CLR,PAL,RNG,SHD,DRU,MNK,BRD,ROG,SHM,NEC,WIZ,MAG,ENC	7235	Purified Staff	primary
Purified Weapons	Tower of Frozen Shadow	WAR,CLR,PAL,RNG,SHD,DRU,MNK,BRD,ROG,SHM,NEC,WIZ,MAG,ENC	7236	Purified Star	primary
Purified Weapons	Tower of Frozen Shadow	WAR,CLR,PAL,RNG,SHD,DRU,MNK,BRD,ROG,SHM,NEC,WIZ,MAG,ENC	7237	Purified Warhammer	primary
Ranger Skyshrine Armor	Skyshrine	RNG	4060	Golden Leaf Helm	head
Ranger Skyshrine Armor	Skyshrine	RNG	4056	Golden Leaf Breastplate	chest
Ranger Skyshrine Armor	Skyshrine	RNG	4061	Golden Leaf Vambraces	arms
Ranger Skyshrine Armor	Skyshrine	RNG	4055	Golden Leaf Bracer	wrist1
Ranger Skyshrine Armor	Skyshrine	RNG	4058	Golden Leaf Gauntlets	hands
Ranger Skyshrine Armor	Skyshrine	RNG	4059	Golden Leaf Greaves	legs
Ranger Skyshrine Armor	Skyshrine	RNG	4054	Golden Leaf Boots	feet
Ravenscale Armor Set	World drop	ROG	7317	Ravenscale Chestguard	chest
Ravenscale Armor Set	World drop	ROG	7313	Ravenscale Armguards	arms
Ravenscale Armor Set	World drop	ROG	7314	Ravenscale Belt	waist
Ravenscale Armor Set	World drop	ROG	7315	Ravenscale Boots	feet
Ravenscale Armor Set	World drop	ROG	7316	Ravenscale Bracer	wrist1
Ravenscale Armor Set	World drop	ROG	7318	Ravenscale Cloak	back
Ravenscale Armor Set	World drop	ROG	7319	Ravenscale Coif	head
Ravenscale Armor Set	World drop	ROG	7320	Ravenscale Gloves	hands
Ravenscale Armor Set	World drop	ROG	7321	Ravenscale Leggings	legs
Ravenscale Armor Set	World drop	ROG	7322	Ravenscale Mask	face
Ravenscale Armor Set	World drop	ROG	7323	Ravenscale Neckguard	neck
Ravenscale Armor Set	World drop	ROG	7324	Ravenscale Shoulderpads	shoulders
Raw Silk Armor Set	Crafted	MNK,NEC,WIZ,MAG,ENC	7342	Raw Silk Cloak	back
Raw Silk Armor Set	Crafted	MNK,NEC,WIZ,MAG,ENC	7343	Raw Silk Collar	neck
Raw Silk Armor Set	Crafted	MNK,NEC,WIZ,MAG,ENC	7344	Raw Silk Gloves	hands
Raw Silk Armor Set	Crafted	MNK,NEC,WIZ,MAG,ENC	7345	Raw Silk Headband	head
Raw Silk Armor Set	Crafted	MNK,NEC,WIZ,MAG,ENC	7346	Raw Silk Leggings	legs
Raw Silk Armor Set	Crafted	MNK,NEC,WIZ,MAG,ENC	7347	Raw Silk Mantle	shoulders
Raw Silk Armor Set	Crafted	MNK,NEC,WIZ,MAG,ENC	7348	Raw Silk Mask	face
Raw Silk Armor Set	Crafted	MNK,NEC,WIZ,MAG,ENC	7349	Raw Silk Robe	chest
Raw Silk Armor Set	Crafted	MNK,NEC,WIZ,MAG,ENC	7350	Raw Silk Sandals	feet
Raw Silk Armor Set	Crafted	MNK,NEC,WIZ,MAG,ENC	7351	Raw Silk Sash	waist
Raw Silk Armor Set	Crafted	MNK,NEC,WIZ,MAG,ENC	7352	Raw Silk Sleeves	arms
Raw Silk Armor Set	Crafted	MNK,NEC,WIZ,MAG,ENC	7353	Raw Silk Wristbands	wrist1
Raw-Hide Armor Set		WAR,CLR,PAL,RNG,SHD,DRU,MNK,BRD,ROG,SHM	7325	Raw-hide Belt	waist
Raw-Hide Armor Set		WAR,CLR,PAL,RNG,SHD,DRU,MNK,BRD,ROG,SHM	7326	Raw-hide Boots	feet
Raw-Hide Armor Set		WAR,CLR,PAL,RNG,SHD,DRU,MNK,BRD,ROG,SHM	7327	Raw-hide Cloak	back
Raw-Hide Armor Set		WAR,CLR,PAL,RNG,SHD,DRU,MNK,BRD,ROG,SHM	7328	Raw-hide Gloves	hands
Raw-Hide Armor Set		WAR,CLR,PAL,RNG,SHD,DRU,MNK,BRD,ROG,SHM	7329	Raw-hide Gorget	neck
Raw-Hide Armor Set		WAR,CLR,PAL,RNG,SHD,DRU,MNK,BRD,ROG,SHM	7330	Raw-hide Leggings	legs
Raw-Hide Armor Set		WAR,CLR,PAL,RNG,SHD,DRU,MNK,BRD,ROG,SHM	7331	Raw-hide Mask	face
Raw-Hide Armor Set		WAR,CLR,PAL,RNG,SHD,DRU,MNK,BRD,ROG,SHM	7332	Raw-hide Shoulderpads	shoulders
Raw-Hide Armor Set		WAR,CLR,PAL,RNG,SHD,DRU,MNK,BRD,ROG,SHM	7333	Raw-hide Skullcap	head
Raw-Hide Armor Set		WAR,CLR,PAL,RNG,SHD,DRU,MNK,BRD,ROG,SHM	7334	Raw-hide Sleeves	arms
Raw-Hide Armor Set		WAR,CLR,PAL,RNG,SHD,DRU,MNK,BRD,ROG,SHM	7335	Raw-hide Tunic	chest
Raw-Hide Armor Set		WAR,CLR,PAL,RNG,SHD,DRU,MNK,BRD,ROG,SHM	7336	Raw-hide Wristbands	wrist1
Reinforced Armor Set	Crafted	WAR,CLR,PAL,RNG,SHD,DRU,MNK,BRD,ROG,SHM	8968	Small Reinforced Tunic	chest
Reinforced Armor Set	Crafted	WAR,CLR,PAL,RNG,SHD,DRU,MNK,BRD,ROG,SHM	8963	Small Reinforced Leggings	legs
Reinforced Armor Set	Crafted	WAR,CLR,PAL,RNG,SHD,DRU,MNK,BRD,ROG,SHM	8967	Small Reinforced Sleeves	arms
Reinforced Armor Set	Crafted	WAR,CLR,PAL,RNG,SHD,DRU,MNK,BRD,ROG,SHM	8958	Small Reinforced Boots	feet
Reinforced Armor Set	Crafted	WAR,CLR,PAL,RNG,SHD,DRU,MNK,BRD,ROG,SHM	8959	Small Reinforced Cloak	back
Reinforced Armor Set	Crafted	WAR,CLR,PAL,RNG,SHD,DRU,MNK,BRD,ROG,SHM	8961	Small Reinforced Gloves	hands
Reinforced Armor Set	Crafted	WAR,CLR,PAL,RNG,SHD,DRU,MNK,BRD,ROG,SHM	8969	Small Reinforced Wristbands	wrist1
Reinforced Armor Set	Crafted	WAR,CLR,PAL,RNG,SHD,DRU,MNK,BRD,ROG,SHM	8964	Small Reinforced Mask	face
Reinforced Armor Set	Crafted	WAR,CLR,PAL,RNG,SHD,DRU,MNK,BRD,ROG,SHM	8966	Small Reinforced Skullcap	head
Reinforced Armor Set	Crafted	WAR,CLR,PAL,RNG,SHD,DRU,MNK,BRD,ROG,SHM	8957	Small Reinforced Belt	waist
Reinforced Armor Set	Crafted	WAR,CLR,PAL,RNG,SHD,DRU,MNK,BRD,ROG,SHM	8962	Small Reinforced Gorget	neck
Reinforced Armor Set	Crafted	WAR,CLR,PAL,RNG,SHD,DRU,MNK,BRD,ROG,SHM	7436	Reinforced Tunic	chest
Reinforced Armor Set	Crafted	WAR,CLR,PAL,RNG,SHD,DRU,MNK,BRD,ROG,SHM	7424	Reinforced Leggings	legs
Reinforced Armor Set	Crafted	WAR,CLR,PAL,RNG,SHD,DRU,MNK,BRD,ROG,SHM	7435	Reinforced Sleeves	arms
Reinforced Armor Set	Crafted	WAR,CLR,PAL,RNG,SHD,DRU,MNK,BRD,ROG,SHM	7409	Reinforced Boots	feet
Reinforced Armor Set	Crafted	WAR,CLR,PAL,RNG,SHD,DRU,MNK,BRD,ROG,SHM	7410	Reinforced Cloak	back
Reinforced Armor Set	Crafted	WAR,CLR,PAL,RNG,SHD,DRU,MNK,BRD,ROG,SHM	7422	Reinforced Gloves	hands
Reinforced Armor Set	Crafted	WAR,CLR,PAL,RNG,SHD,DRU,MNK,BRD,ROG,SHM	7433	Reinforced Shoulderpads	shoulders
Reinforced Armor Set	Crafted	WAR,CLR,PAL,RNG,SHD,DRU,MNK,BRD,ROG,SHM	7437	Reinforced Wristbands	wrist1
Reinforced Armor Set	Crafted	WAR,CLR,PAL,RNG,SHD,DRU,MNK,BRD,ROG,SHM	7425	Reinforced Mask	face
Reinforced Armor Set	Crafted	WAR,CLR,PAL,RNG,SHD,DRU,MNK,BRD,ROG,SHM	7434	Reinforced Skullcap	head
Reinforced Armor Set	Crafted	WAR,CLR,PAL,RNG,SHD,DRU,MNK,BRD,ROG,SHM	7408	Reinforced Belt	waist
Reinforced Armor Set	Crafted	WAR,CLR,PAL,RNG,SHD,DRU,MNK,BRD,ROG,SHM	7423	Reinforced Gorget	neck
Reinforced Armor Set	Crafted	WAR,CLR,PAL,RNG,SHD,DRU,MNK,BRD,ROG,SHM	5676	Large Reinforced Tunic	chest
Reinforced Armor Set	Crafted	WAR,CLR,PAL,RNG,SHD,DRU,MNK,BRD,ROG,SHM	5671	Large Reinforced Leggings	legs
Reinforced Armor Set	Crafted	WAR,CLR,PAL,RNG,SHD,DRU,MNK,BRD,ROG,SHM	5675	Large Reinforced Sleeves	arms
Reinforced Armor Set	Crafted	WAR,CLR,PAL,RNG,SHD,DRU,MNK,BRD,ROG,SHM	5667	Large Reinforced Boots	feet
Reinforced Armor Set	Crafted	WAR,CLR,PAL,RNG,SHD,DRU,MNK,BRD,ROG,SHM	5668	Large Reinforced Cloak	back
Reinforced Armor Set	Crafted	WAR,CLR,PAL,RNG,SHD,DRU,MNK,BRD,ROG,SHM	5669	Large Reinforced Gloves	hands
Reinforced Armor Set	Crafted	WAR,CLR,PAL,RNG,SHD,DRU,MNK,BRD,ROG,SHM	5673	Large Reinforced Shoulderpads	shoulders
Reinforced Armor Set	Crafted	WAR,CLR,PAL,RNG,SHD,DRU,MNK,BRD,ROG,SHM	5677	Large Reinforced Wristbands	wrist1
Reinforced Armor Set	Crafted	WAR,CLR,PAL,RNG,SHD,DRU,MNK,BRD,ROG,SHM	5672	Large Reinforced Mask	face
Reinforced Armor Set	Crafted	WAR,CLR,PAL,RNG,SHD,DRU,MNK,BRD,ROG,SHM	5674	Large Reinforced Skullcap	head
Reinforced Armor Set	Crafted	WAR,CLR,PAL,RNG,SHD,DRU,MNK,BRD,ROG,SHM	5666	Large Reinforced Belt	waist
Reinforced Armor Set	Crafted	WAR,CLR,PAL,RNG,SHD,DRU,MNK,BRD,ROG,SHM	5670	Large Reinforced Gorget	neck
Reinforced Dragon Armor		WAR,CLR,PAL,RNG,SHD,BRD,ROG,SHM	7412	Reinforced Dragonhide Breastplate	chest
Reinforced Dragon Armor		WAR,CLR,PAL,RNG,SHD,BRD,ROG,SHM	7415	Reinforced Dragonhorn Bracers	wrist1
Reinforced Dragon Armor		WAR,CLR,PAL,RNG,SHD,BRD,ROG,SHM	7419	Reinforced Dragonspine Vambraces	arms
Reinforced Dragon Armor		WAR,CLR,PAL,RNG,SHD,BRD,ROG,SHM	7413	Reinforced Dragonhide Gauntlets	hands
Reinforced Dragon Armor		WAR,CLR,PAL,RNG,SHD,BRD,ROG,SHM	7418	Reinforced Dragonskull Helm	head
Reinforced Dragon Armor		WAR,CLR,PAL,RNG,SHD,BRD,ROG,SHM	7416	Reinforced Dragonleg Breeches	legs
Reinforced Dragon Armor		WAR,CLR,PAL,RNG,SHD,BRD,ROG,SHM	7420	Reinforced Dragonwing Cloak	back
Reinforced Dragon Armor		WAR,CLR,PAL,RNG,SHD,BRD,ROG,SHM	7421	Reinforced Dragonwing Mantle	shoulders
Reinforced Dragon Armor		WAR,CLR,PAL,RNG,SHD,BRD,ROG,SHM	7417	Reinforced Dragonskin Mask	face
Reinforced Dragon Armor		WAR,CLR,PAL,RNG,SHD,BRD,ROG,SHM	7411	Reinforced Dragonhide Belt	waist
Reinforced Dragon Armor		WAR,CLR,PAL,RNG,SHD,BRD,ROG,SHM	7414	Reinforced Dragonhorn Boots	feet
Reinforced Rhino Armor	Kurn's Tower	WAR,CLR,PAL,RNG,SHD,DRU,MNK,BRD,ROG,SHM	7426	Reinforced Rhino Arm Guards	arms
Reinforced Rhino Armor	Kurn's Tower	WAR,CLR,PAL,RNG,SHD,DRU,MNK,BRD,ROG,SHM	7427	Reinforced Rhino Boots	feet
Reinforced Rhino Armor	Kurn's Tower	WAR,CLR,PAL,RNG,SHD,DRU,MNK,BRD,ROG,SHM	7428	Reinforced Rhino Chest Guard	chest
Reinforced Rhino Armor	Kurn's Tower	WAR,CLR,PAL,RNG,SHD,DRU,MNK,BRD,ROG,SHM	7429	Reinforced Rhino Gloves	hands
Reinforced Rhino Armor	Kurn's Tower	WAR,CLR,PAL,RNG,SHD,DRU,MNK,BRD,ROG,SHM	7430	Reinforced Rhino Leggings	legs
Reinforced Rhino Armor	Kurn's Tower	WAR,CLR,PAL,RNG,SHD,DRU,MNK,BRD,ROG,SHM	7431	Reinforced Rhino Skullcap	head
Reinforced Rhino Armor	Kurn's Tower	WAR,CLR,PAL,RNG,SHD,DRU,MNK,BRD,ROG,SHM	7432	Reinforced Rhino Wrist Guard	wrist1
Resplendent Armor	Plane of Growth	ENC	7459	Resplendent Crown	head
Resplendent Armor	Plane of Growth	ENC	7461	Resplendent Robe	chest
Resplendent Armor	Plane of Growth	ENC	7462	Resplendent Sleeves	arms
Resplendent Armor	Plane of Growth	ENC	7465	Resplendent Wristguard	wrist1
Resplendent Armor	Plane of Growth	ENC	7460	Resplendent Gloves	hands
Resplendent Armor	Plane of Growth	ENC	7464	Resplendent Trousers	legs
Resplendent Armor	Plane of Growth	ENC	7463	Resplendent Slippers	feet
Rhino Hide Armor		WAR,CLR,PAL,RNG,SHD,MNK,BRD,ROG,SHM	7480	Rhino Hide Skullcap	head
Rhino Hide Armor		WAR,CLR,PAL,RNG,SHD,MNK,BRD,ROG,SHM	7481	Rhino Hide Snout Guard	face
Rhino Hide Armor		WAR,CLR,PAL,RNG,SHD,MNK,BRD,ROG,SHM	7472	Rhino Hide Arm Guards	arms
Rhino Hide Armor		WAR,CLR,PAL,RNG,SHD,MNK,BRD,ROG,SHM	7473	Rhino Hide Boots	feet
Rhino Hide Armor		WAR,CLR,PAL,RNG,SHD,MNK,BRD,ROG,SHM	7475	Rhino Hide Chest Guard	chest
Rhino Hide Armor		WAR,CLR,PAL,RNG,SHD,MNK,BRD,ROG,SHM	7476	Rhino Hide Collar	neck
Rhino Hide Armor		WAR,CLR,PAL,RNG,SHD,MNK,BRD,ROG,SHM	7477	Rhino Hide Gloves	hands
Rhino Hide Armor		WAR,CLR,PAL,RNG,SHD,MNK,BRD,ROG,SHM	7478	Rhino Hide Leggings	legs
Rhino Hide Armor		WAR,CLR,PAL,RNG,SHD,MNK,BRD,ROG,SHM	7479	Rhino Hide Shoulderpads	shoulders
Rhino Hide Armor		WAR,CLR,PAL,RNG,SHD,MNK,BRD,ROG,SHM	7482	Rhino Hide Waistband	waist
Righteous Armor	Plane of Growth	PAL	4421	Helm of the Righteous	head
Righteous Armor	Plane of Growth	PAL	1231	Breastplate of the Righteous	chest
Righteous Armor	Plane of Growth	PAL	10272	Vambraces of the Righteous	arms
Righteous Armor	Plane of Growth	PAL	1191	Bracer of the Righteous	wrist1
Righteous Armor	Plane of Growth	PAL	3714	Gauntlets of the Righteous	hands
Righteous Armor	Plane of Growth	PAL	4159	Greaves of the Righteous	legs
Righteous Armor	Plane of Growth	PAL	1125	Boots of the Righteous	feet
Ringmail Armor Set	World drop	WAR,CLR,PAL,RNG,SHD,BRD,ROG,SHM	7525	Ringmail Boots	feet
Ringmail Armor Set	World drop	WAR,CLR,PAL,RNG,SHD,BRD,ROG,SHM	7526	Ringmail Bracelet	wrist1
Ringmail Armor Set	World drop	WAR,CLR,PAL,RNG,SHD,BRD,ROG,SHM	7527	Ringmail Cape	back
Ringmail Armor Set	World drop	WAR,CLR,PAL,RNG,SHD,BRD,ROG,SHM	7528	Ringmail Coat	chest
Ringmail Armor Set	World drop	WAR,CLR,PAL,RNG,SHD,BRD,ROG,SHM	7529	Ringmail Coif	head
Ringmail Armor Set	World drop	WAR,CLR,PAL,RNG,SHD,BRD,ROG,SHM	7530	Ringmail Gloves	hands
Ringmail Armor Set	World drop	WAR,CLR,PAL,RNG,SHD,BRD,ROG,SHM	7531	Ringmail Mantle	shoulders
Ringmail Armor Set	World drop	WAR,CLR,PAL,RNG,SHD,BRD,ROG,SHM	7532	Ringmail Neckguard	neck
Ringmail Armor Set	World drop	WAR,CLR,PAL,RNG,SHD,BRD,ROG,SHM	7533	Ringmail Pants	legs
Ringmail Armor Set	World drop	WAR,CLR,PAL,RNG,SHD,BRD,ROG,SHM	7534	Ringmail Skirt	waist
Ringmail Armor Set	World drop	WAR,CLR,PAL,RNG,SHD,BRD,ROG,SHM	7535	Ringmail Sleeves	arms
Ringmail Armor Set	World drop	WAR,CLR,PAL,RNG,SHD,BRD,ROG,SHM	7536	Ringmail Visor	face
Rotting Armor	Skyshrine	NEC	7626	Rotting Crown	head
Rotting Armor	Skyshrine	NEC	7630	Rotting Robe	chest
Rotting Armor	Skyshrine	NEC	7631	Rotting Sleeves	arms
Rotting Armor	Skyshrine	NEC	7633	Rotting Wristguard	wrist1
Rotting Armor	Skyshrine	NEC	7629	Rotting Gloves	hands
Rotting Armor	Skyshrine	NEC	7632	Rotting Trousers	legs
Rotting Armor	Skyshrine	NEC	7625	Rotting Boots	feet
Rowyl's Armor of Nature	Thurgadin	DRU	7667	Rowyl's Circlet of Nature	head
Rowyl's Armor of Nature	Thurgadin	DRU	7666	Rowyl's Chestguard of Nature	chest
Rowyl's Armor of Nature	Thurgadin	DRU	7671	Rowyl's Vambraces of Nature	arms
Rowyl's Armor of Nature	Thurgadin	DRU	7665	Rowyl's Bracer of Nature	wrist1
Rowyl's Armor of Nature	Thurgadin	DRU	7668	Rowyl's Gauntlets of Nature	hands
Rowyl's Armor of Nature	Thurgadin	DRU	7669	Rowyl's Greaves of Nature	legs
Rowyl's Armor of Nature	Thurgadin	DRU	7664	Rowyl's Boots of Nature	feet
Royal Velium Frosted Armor	Icewell Keep	WAR,CLR,PAL,SHD,BRD	7680	Royal Velium Frosted Helmet	head
Royal Velium Frosted Armor	Icewell Keep	WAR,CLR,PAL,SHD,BRD	7681	Royal Velium Frosted Plate	chest
Royal Velium Frosted Armor	Icewell Keep	WAR,CLR,PAL,SHD,BRD	7682	Royal Velium Frosted Vambraces	arms
Royal Velium Frosted Armor	Icewell Keep	WAR,CLR,PAL,SHD,BRD	7677	Royal Velium Frosted Bracer	wrist1
Royal Velium Frosted Armor	Icewell Keep	WAR,CLR,PAL,SHD,BRD	7678	Royal Velium Frosted Gauntlets	hands
Royal Velium Frosted Armor	Icewell Keep	WAR,CLR,PAL,SHD,BRD	7679	Royal Velium Frosted Greaves	legs
Royal Velium Frosted Armor	Icewell Keep	WAR,CLR,PAL,SHD,BRD	7676	Royal Velium Frosted Boots	feet
Rubicite Armor Set	Cazic Thule	WAR,CLR,PAL,RNG,SHD,BRD,ROG,SHM	7684	Rubicite Boots	feet
Rubicite Armor Set	Cazic Thule	WAR,CLR,PAL,RNG,SHD,BRD,ROG,SHM	7685	Rubicite Bracers	wrist1
Rubicite Armor Set	Cazic Thule	WAR,CLR,PAL,RNG,SHD,BRD,ROG,SHM	7686	Rubicite Breastplate	chest
Rubicite Armor Set	Cazic Thule	WAR,CLR,PAL,RNG,SHD,BRD,ROG,SHM	7687	Rubicite Cloak	back
Rubicite Armor Set	Cazic Thule	WAR,CLR,PAL,RNG,SHD,BRD,ROG,SHM	7688	Rubicite Collar	neck
Rubicite Armor Set	Cazic Thule	WAR,CLR,PAL,RNG,SHD,BRD,ROG,SHM	7689	Rubicite Gauntlets	hands
Rubicite Armor Set	Cazic Thule	WAR,CLR,PAL,RNG,SHD,BRD,ROG,SHM	7690	Rubicite Greaves	legs
Rubicite Armor Set	Cazic Thule	WAR,CLR,PAL,RNG,SHD,BRD,ROG,SHM	7691	Rubicite Helm	head
Rubicite Armor Set	Cazic Thule	WAR,CLR,PAL,RNG,SHD,BRD,ROG,SHM	7692	Rubicite Mask	face
Rubicite Armor Set	Cazic Thule	WAR,CLR,PAL,RNG,SHD,BRD,ROG,SHM	7693	Rubicite Pauldron	shoulders
Rubicite Armor Set	Cazic Thule	WAR,CLR,PAL,RNG,SHD,BRD,ROG,SHM	7694	Rubicite Vambraces	arms
Rubicite Armor Set	Cazic Thule	WAR,CLR,PAL,RNG,SHD,BRD,ROG,SHM	7695	Rubicite Waistband	waist
Ruined Gnoll Chain Armor	Blackburrow	WAR,CLR,PAL,RNG,SHD,BRD,ROG,SHM	7714	Ruined Gnoll Chain Coif	head
Ruined Gnoll Chain Armor	Blackburrow	WAR,CLR,PAL,RNG,SHD,BRD,ROG,SHM	7717	Ruined Gnoll Chain Sleeves	arms
Ruined Gnoll Chain Armor	Blackburrow	WAR,CLR,PAL,RNG,SHD,BRD,ROG,SHM	7712	Ruined Gnoll Chain Bracelet	wrist1
Ruined Gnoll Chain Armor	Blackburrow	WAR,CLR,PAL,RNG,SHD,BRD,ROG,SHM	7715	Ruined Gnoll Chain Gloves	hands
Ruined Gnoll Chain Armor	Blackburrow	WAR,CLR,PAL,RNG,SHD,BRD,ROG,SHM	7716	Ruined Gnoll Chain Pants	legs
Ruined Gnoll Chain Armor	Blackburrow	WAR,CLR,PAL,RNG,SHD,BRD,ROG,SHM	7711	Ruined Gnoll Chain Boots	feet
Ruined Gnoll Leather Armor	Blackburrow	WAR,CLR,PAL,RNG,SHD,DRU,MNK,BRD,ROG,SHM	7721	Ruined Gnoll Leather Skullcap	head
Ruined Gnoll Leather Armor	Blackburrow	WAR,CLR,PAL,RNG,SHD,DRU,MNK,BRD,ROG,SHM	7723	Ruined Gnoll Leather Tunic	chest
Ruined Gnoll Leather Armor	Blackburrow	WAR,CLR,PAL,RNG,SHD,DRU,MNK,BRD,ROG,SHM	7724	Ruined Gnoll Leather Wristbands	wrist1
Ruined Gnoll Leather Armor	Blackburrow	WAR,CLR,PAL,RNG,SHD,DRU,MNK,BRD,ROG,SHM	7719	Ruined Gnoll Leather Gloves	hands
Ruined Gnoll Leather Armor	Blackburrow	WAR,CLR,PAL,RNG,SHD,DRU,MNK,BRD,ROG,SHM	7720	Ruined Gnoll Leather Leggings	legs
Ruined Gnoll Leather Armor	Blackburrow	WAR,CLR,PAL,RNG,SHD,DRU,MNK,BRD,ROG,SHM	7718	Ruined Gnoll Leather Boots	feet
Ruined Scaled Armor	City of Mist	WAR,CLR,PAL,RNG,SHD,BRD,ROG,SHM	7729	Ruined Scaled Boots	feet
Ruined Scaled Armor	City of Mist	WAR,CLR,PAL,RNG,SHD,BRD,ROG,SHM	7730	Ruined Scaled Bracelet	wrist1
Ruined Scaled Armor	City of Mist	WAR,CLR,PAL,RNG,SHD,BRD,ROG,SHM	7731	Ruined Scaled Cape	back
Ruined Scaled Armor	City of Mist	WAR,CLR,PAL,RNG,SHD,BRD,ROG,SHM	7732	Ruined Scaled Coat	chest
Ruined Scaled Armor	City of Mist	WAR,CLR,PAL,RNG,SHD,BRD,ROG,SHM	7733	Ruined Scaled Coif	head
Ruined Scaled Armor	City of Mist	WAR,CLR,PAL,RNG,SHD,BRD,ROG,SHM	7734	Ruined Scaled Gloves	hands
Ruined Scaled Armor	City of Mist	WAR,CLR,PAL,RNG,SHD,BRD,ROG,SHM	7735	Ruined Scaled Mantle	shoulders
Ruined Scaled Armor	City of Mist	WAR,CLR,PAL,RNG,SHD,BRD,ROG,SHM	7736	Ruined Scaled Neckguard	neck
Ruined Scaled Armor	City of Mist	WAR,CLR,PAL,RNG,SHD,BRD,ROG,SHM	7737	Ruined Scaled Pants	legs
Ruined Scaled Armor	City of Mist	WAR,CLR,PAL,RNG,SHD,BRD,ROG,SHM	7738	Ruined Scaled Skirt	waist
Ruined Scaled Armor	City of Mist	WAR,CLR,PAL,RNG,SHD,BRD,ROG,SHM	7739	Ruined Scaled Sleeves	arms
Ruined Scaled Armor	City of Mist	WAR,CLR,PAL,RNG,SHD,BRD,ROG,SHM	7740	Ruined Scaled Visor	face
Ruined Weapons	Kithicor Forest	WAR,CLR,PAL,RNG,SHD,DRU,MNK,BRD,ROG,SHM,NEC,WIZ,MAG,ENC	7741	Ruined Steel Bastard Sword	primary
Ruined Weapons	Kithicor Forest	WAR,CLR,PAL,RNG,SHD,DRU,MNK,BRD,ROG,SHM,NEC,WIZ,MAG,ENC	7743	Ruined Teir`Dal Great Staff	primary
Ruined Weapons	Kithicor Forest	WAR,CLR,PAL,RNG,SHD,DRU,MNK,BRD,ROG,SHM,NEC,WIZ,MAG,ENC	7744	Ruined Teir`Dal Long Sword	primary
Ruined Weapons	Kithicor Forest	WAR,CLR,PAL,RNG,SHD,DRU,MNK,BRD,ROG,SHM,NEC,WIZ,MAG,ENC	7745	Ruined Teir`Dal Rapier	primary
Ruined Weapons	Kithicor Forest	WAR,CLR,PAL,RNG,SHD,DRU,MNK,BRD,ROG,SHM,NEC,WIZ,MAG,ENC	7705	Ruined Battleworn Morning Star	primary
Rune Crafter's Armor	Thurgadin	SHM	7761	Rune Crafter's Helm	head
Rune Crafter's Armor	Thurgadin	SHM	7758	Rune Crafter's Breastplate	chest
Rune Crafter's Armor	Thurgadin	SHM	7762	Rune Crafter's Vambraces	arms
Rune Crafter's Armor	Thurgadin	SHM	7757	Rune Crafter's Bracer	wrist1
Rune Crafter's Armor	Thurgadin	SHM	7759	Rune Crafter's Gauntlets	hands
Rune Crafter's Armor	Thurgadin	SHM	7760	Rune Crafter's Greaves	legs
Rune Crafter's Armor	Thurgadin	SHM	7756	Rune Crafter's Boots	feet
Rune Etched Armor	Plane of Hate	SHM	7763	Rune Etched Boots	feet
Rune Etched Armor	Plane of Hate	SHM	7764	Rune Etched Bracer	wrist1
Rune Etched Armor	Plane of Hate	SHM	7765	Rune Etched Chestplate	chest
Rune Etched Armor	Plane of Hate	SHM	7766	Rune Etched Gauntlets	hands
Rune Etched Armor	Plane of Hate	SHM	7767	Rune Etched Greaves	legs
Rune Etched Armor	Plane of Hate	SHM	7768	Rune Etched Helm	head
Rune Etched Armor	Plane of Hate	SHM	7770	Rune Etched Vambraces	arms
Runed Protector's Armor	Thurgadin	PAL	7866	Runed Protector's Helm	head
Runed Protector's Armor	Thurgadin	PAL	7863	Runed Protector's Breastplate	chest
Runed Protector's Armor	Thurgadin	PAL	7867	Runed Protector's Vambraces	arms
Runed Protector's Armor	Thurgadin	PAL	7862	Runed Protector's Bracer	wrist1
Runed Protector's Armor	Thurgadin	PAL	7864	Runed Protector's Gauntlets	hands
Runed Protector's Armor	Thurgadin	PAL	7865	Runed Protector's Greaves	legs
Runed Protector's Armor	Thurgadin	PAL	7861	Runed Protector's Boots	feet
Runed Scout's Armor	Thurgadin	RNG	7873	Runed Scout's Helm	head
Runed Scout's Armor	Thurgadin	RNG	7870	Runed Scout's Breastplate	chest
Runed Scout's Armor	Thurgadin	RNG	7874	Runed Scout's Vambraces	arms
Runed Scout's Armor	Thurgadin	RNG	7869	Runed Scout's Bracer	wrist1
Runed Scout's Armor	Thurgadin	RNG	7871	Runed Scout's Gauntlets	hands
Runed Scout's Armor	Thurgadin	RNG	7872	Runed Scout's Greaves	legs
Runed Scout's Armor	Thurgadin	RNG	7868	Runed Scout's Boots	feet
Runed Velium Weapons	Dragon Necropolis	WAR,CLR,PAL,RNG,SHD,DRU,MNK,BRD,ROG,SHM	7881	Runed Velium Battlehammer	primary
Runed Velium Weapons	Dragon Necropolis	WAR,CLR,PAL,RNG,SHD,DRU,MNK,BRD,ROG,SHM	7882	Runed Velium Claidhmore	primary
Ry`Gorr Chain Armor	Eastern Wastes	WAR,CLR,PAL,RNG,SHD,BRD,ROG,SHM	7930	Ry`Gorr Battle Mail	chest
Ry`Gorr Chain Armor	Eastern Wastes	WAR,CLR,PAL,RNG,SHD,BRD,ROG,SHM	7931	Ry`Gorr Chain Bracer	wrist1
Ry`Gorr Chain Armor	Eastern Wastes	WAR,CLR,PAL,RNG,SHD,BRD,ROG,SHM	7932	Ry`Gorr Chain Coif	head
Ry`Gorr Chain Armor	Eastern Wastes	WAR,CLR,PAL,RNG,SHD,BRD,ROG,SHM	7933	Ry`Gorr Chain Collar	neck
Ry`Gorr Chain Armor	Eastern Wastes	WAR,CLR,PAL,RNG,SHD,BRD,ROG,SHM	7934	Ry`Gorr Chain Gloves	hands
Ry`Gorr Chain Armor	Eastern Wastes	WAR,CLR,PAL,RNG,SHD,BRD,ROG,SHM	7935	Ry`Gorr Chain Leggings	legs
Ry`Gorr Chain Armor	Eastern Wastes	WAR,CLR,PAL,RNG,SHD,BRD,ROG,SHM	7937	Ry`Gorr Iron Armguards	arms
Sage's Armor	Thurgadin	WIZ	7961	Sage's Crown	head
Sage's Armor	Thurgadin	WIZ	7964	Sage's Robe	chest
Sage's Armor	Thurgadin	WIZ	7965	Sage's Sleeves	arms
Sage's Armor	Thurgadin	WIZ	7960	Sage's Bracelet	wrist1
Sage's Armor	Thurgadin	WIZ	7962	Sage's Gloves	hands
Sage's Armor	Thurgadin	WIZ	7963	Sage's Pantaloons	legs
Sage's Armor	Thurgadin	WIZ	7959	Sage's Boots	feet
Scaled Hierophant Armor	Plane of Hate	SHM	8067	Scaled Hierophant Cloak	back
Scaled Hierophant Armor	Plane of Hate	SHM	8070	Scaled Hierophant Helm	head
Scaled Hierophant Armor	Plane of Hate	SHM	8066	Scaled Hierophant Breastplate	chest
Scaled Hierophant Armor	Plane of Hate	SHM	8065	Scaled Hierophant Bracers	wrist1
Scaled Hierophant Armor	Plane of Hate	SHM	8069	Scaled Hierophant Greaves	legs
Scaled Hierophant Armor	Plane of Hate	SHM	8071	Scaled Hierophant Vambraces	arms
Scaled Hierophant Armor	Plane of Hate	SHM	8068	Scaled Hierophant Gauntlets	hands
Scaled Hierophant Armor	Plane of Hate	SHM	8064	Scaled Hierophant Boots	feet
Scaled Knight's Armor	Skyshrine	PAL	8077	Scaled Knight's Helm	head
Scaled Knight's Armor	Skyshrine	PAL	8074	Scaled Knight's Breastplate	chest
Scaled Knight's Armor	Skyshrine	PAL	8078	Scaled Knight's Vambraces	arms
Scaled Knight's Armor	Skyshrine	PAL	8073	Scaled Knight's Bracer	wrist1
Scaled Knight's Armor	Skyshrine	PAL	8075	Scaled Knight's Gauntlets	hands
Scaled Knight's Armor	Skyshrine	PAL	8076	Scaled Knight's Greaves	legs
Scaled Knight's Armor	Skyshrine	PAL	8072	Scaled Knight's Boots	feet
Scaled Mystic Armor Quests		SHM	8081	Scaled Mystic Breastplate	chest
Scaled Mystic Armor Quests		SHM	8084	Scaled Mystic Greaves	legs
Scaled Mystic Armor Quests		SHM	8083	Scaled Mystic Gauntlets	hands
Scaled Mystic Armor Quests		SHM	8082	Scaled Mystic Cloak	back
Scaled Mystic Armor Quests		SHM	8079	Scaled Mystic Boots	feet
Scaled Mystic Armor Quests		SHM	8080	Scaled Mystic Bracers	wrist1
Scaled Mystic Armor Quests		SHM	8085	Scaled Mystic Helm	head
Scaled Mystic Armor Quests		SHM	8086	Scaled Mystic Vambraces	arms
Sebilite Scale Armor	Old Sebilis	WAR,CLR,PAL,RNG,SHD,BRD,ROG,SHM	8195	Sebilite Scale Belt	waist
Sebilite Scale Armor	Old Sebilis	WAR,CLR,PAL,RNG,SHD,BRD,ROG,SHM	8196	Sebilite Scale Boots	feet
Sebilite Scale Armor	Old Sebilis	WAR,CLR,PAL,RNG,SHD,BRD,ROG,SHM	8197	Sebilite Scale Bracelet	wrist1
Sebilite Scale Armor	Old Sebilis	WAR,CLR,PAL,RNG,SHD,BRD,ROG,SHM	8198	Sebilite Scale Cap	head
Sebilite Scale Armor	Old Sebilis	WAR,CLR,PAL,RNG,SHD,BRD,ROG,SHM	8199	Sebilite Scale Cape	back
Sebilite Scale Armor	Old Sebilis	WAR,CLR,PAL,RNG,SHD,BRD,ROG,SHM	8200	Sebilite Scale Coat	chest
Sebilite Scale Armor	Old Sebilis	WAR,CLR,PAL,RNG,SHD,BRD,ROG,SHM	8201	Sebilite Scale Gloves	hands
Sebilite Scale Armor	Old Sebilis	WAR,CLR,PAL,RNG,SHD,BRD,ROG,SHM	8202	Sebilite Scale Leggings	legs
Sebilite Scale Armor	Old Sebilis	WAR,CLR,PAL,RNG,SHD,BRD,ROG,SHM	8203	Sebilite Scale Mantle	shoulders
Sebilite Scale Armor	Old Sebilis	WAR,CLR,PAL,RNG,SHD,BRD,ROG,SHM	8204	Sebilite Scale Mask	face
Sebilite Scale Armor	Old Sebilis	WAR,CLR,PAL,RNG,SHD,BRD,ROG,SHM	8205	Sebilite Scale Neckguard	neck
Sebilite Scale Armor	Old Sebilis	WAR,CLR,PAL,RNG,SHD,BRD,ROG,SHM	8206	Sebilite Scale Vambraces	arms
Sentient Armor		SHD	8226	Sentient Helm	head
Sentient Armor		SHD	8223	Sentient Breastplate	chest
Sentient Armor		SHD	8229	Sentient Vambraces	arms
Sentient Armor		SHD	8224	Sentient Gauntlets	hands
Sentient Armor		SHD	8225	Sentient Greaves	legs
Sentry Armor	Skyshrine	WAR,CLR,PAL,RNG,SHD,BRD,ROG,SHM,NEC,WIZ,MAG,ENC	8233	Sentry Breastplate	chest
Sentry Armor	Skyshrine	WAR,CLR,PAL,RNG,SHD,BRD,ROG,SHM,NEC,WIZ,MAG,ENC	8238	Sentry Leggings	legs
Sentry Armor	Skyshrine	WAR,CLR,PAL,RNG,SHD,BRD,ROG,SHM,NEC,WIZ,MAG,ENC	8237	Sentry Helmet	head
Sentry Armor	Skyshrine	WAR,CLR,PAL,RNG,SHD,BRD,ROG,SHM,NEC,WIZ,MAG,ENC	8235	Sentry Gauntlets	hands
Sentry Armor	Skyshrine	WAR,CLR,PAL,RNG,SHD,BRD,ROG,SHM,NEC,WIZ,MAG,ENC	8231	Sentry Boots	feet
Sentry Armor	Skyshrine	WAR,CLR,PAL,RNG,SHD,BRD,ROG,SHM,NEC,WIZ,MAG,ENC	8240	Sentry Pauldrons	shoulders
Sentry Armor	Skyshrine	WAR,CLR,PAL,RNG,SHD,BRD,ROG,SHM,NEC,WIZ,MAG,ENC	8234	Sentry Choker	neck
Sentry Armor	Skyshrine	WAR,CLR,PAL,RNG,SHD,BRD,ROG,SHM,NEC,WIZ,MAG,ENC	8236	Sentry Girdle	waist
Sentry Armor	Skyshrine	WAR,CLR,PAL,RNG,SHD,BRD,ROG,SHM,NEC,WIZ,MAG,ENC	8241	Sentry Robe	chest
Sentry Armor	Skyshrine	WAR,CLR,PAL,RNG,SHD,BRD,ROG,SHM,NEC,WIZ,MAG,ENC	8232	Sentry Bracer	wrist1
Sentry Armor	Skyshrine	WAR,CLR,PAL,RNG,SHD,BRD,ROG,SHM,NEC,WIZ,MAG,ENC	8242	Sentry Shield	secondary
Shadow Armor	Skyshrine	ROG	8299	Shadow Crown	head
Shadow Armor	Skyshrine	ROG	8298	Shadow Chestguard	chest
Shadow Armor	Skyshrine	ROG	8306	Shadow Vambraces	arms
Shadow Armor	Skyshrine	ROG	8297	Shadow Bracer	wrist1
Shadow Armor	Skyshrine	ROG	8301	Shadow Gauntlets	hands
Shadow Armor	Skyshrine	ROG	8302	Shadow Greaves	legs
Shadow Armor	Skyshrine	ROG	8296	Shadow Boots	feet
Shadowknight Kael Armor	Kael Drakkel	SHD	6012	Malevolent Crown	head
Shadowknight Kael Armor	Kael Drakkel	SHD	6011	Malevolent Breastplate	chest
Shadowknight Kael Armor	Kael Drakkel	SHD	6016	Malevolent Vambraces	arms
Shadowknight Kael Armor	Kael Drakkel	SHD	6010	Malevolent Bracer	wrist1
Shadowknight Kael Armor	Kael Drakkel	SHD	6013	Malevolent Gauntlets	hands
Shadowknight Kael Armor	Kael Drakkel	SHD	6014	Malevolent Greaves	legs
Shadowknight Kael Armor	Kael Drakkel	SHD	6009	Malevolent Boots	feet
Shadowknight Thurgadin Armor	Thurgadin	SHD	2309	Dark Runed Crown	head
Shadowknight Thurgadin Armor	Thurgadin	SHD	2308	Dark Runed Breastplate	chest
Shadowknight Thurgadin Armor	Thurgadin	SHD	2313	Dark Runed Vambraces	arms
Shadowknight Thurgadin Armor	Thurgadin	SHD	2307	Dark Runed Bracer	wrist1
Shadowknight Thurgadin Armor	Thurgadin	SHD	2310	Dark Runed Gauntlets	hands
Shadowknight Thurgadin Armor	Thurgadin	SHD	2311	Dark Runed Greaves	legs
Shadowknight Thurgadin Armor	Thurgadin	SHD	2306	Dark Runed Boots	feet
Shaman Skyshrine Armor	Skyshrine	SHM	10701	Wolf Caller's Helm	head
Shaman Skyshrine Armor	Skyshrine	SHM	10698	Wolf Caller's Breastplate	chest
Shaman Skyshrine Armor	Skyshrine	SHM	10702	Wolf Caller's Vambraces	arms
Shaman Skyshrine Armor	Skyshrine	SHM	10697	Wolf Caller's Bracer	wrist1
Shaman Skyshrine Armor	Skyshrine	SHM	10699	Wolf Caller's Gauntlets	hands
Shaman Skyshrine Armor	Skyshrine	SHM	10700	Wolf Caller's Greaves	legs
Shaman Skyshrine Armor	Skyshrine	SHM	10696	Wolf Caller's Boots	feet
Shamanistic Shenannigan Armor	Plane of Mischief	SHM	8338	Shamanistic Shenannigan Helm	head
Shamanistic Shenannigan Armor	Plane of Mischief	SHM	8335	Shamanistic Shenannigan Chestplate	chest
Shamanistic Shenannigan Armor	Plane of Mischief	SHM	8332	Shamanistic Shenannigan Arm Guard	arms
Shamanistic Shenannigan Armor	Plane of Mischief	SHM	8334	Shamanistic Shenannigan Bracer	wrist1
Shamanistic Shenannigan Armor	Plane of Mischief	SHM	8331	Shamanistic Shenanigan Gauntlets	hands
Shamanistic Shenannigan Armor	Plane of Mischief	SHM	8337	Shamanistic Shenannigan Greaves	legs
Shamanistic Shenannigan Armor	Plane of Mischief	SHM	8333	Shamanistic Shenannigan Boots	feet
Shining Armor	Kael Drakkel	PAL	8463	Shining Helm	head
Shining Armor	Kael Drakkel	PAL	8460	Shining Breastplate	chest
Shining Armor	Kael Drakkel	PAL	8467	Shining Vambraces	arms
Shining Armor	Kael Drakkel	PAL	8459	Shining Bracer	wrist1
Shining Armor	Kael Drakkel	PAL	8461	Shining Gauntlets	hands
Shining Armor	Kael Drakkel	PAL	8462	Shining Greaves	legs
Shining Armor	Kael Drakkel	PAL	8458	Shining Boots	feet
Shiverback-hide Armor	Plane of Fear	MNK	8497	Shiverback-hide Armbands	arms
Shiverback-hide Armor	Plane of Fear	MNK	8498	Shiverback-hide Boots	feet
Shiverback-hide Armor	Plane of Fear	MNK	8499	Shiverback-hide Gloves	hands
Shiverback-hide Armor	Plane of Fear	MNK	8500	Shiverback-hide Jerkin	chest
Shiverback-hide Armor	Plane of Fear	MNK	8501	Shiverback-hide Leggings	legs
Shiverback-hide Armor	Plane of Fear	MNK	8502	Shiverback-hide Wristbands	wrist1
Silver Full Plate	Crafted	WAR,CLR,PAL,SHD,BRD	8589	Silver Full Plate Boots	feet
Silver Full Plate	Crafted	WAR,CLR,PAL,SHD,BRD	8590	Silver Full Plate Bracer	wrist1
Silver Full Plate	Crafted	WAR,CLR,PAL,SHD,BRD	8592	Silver Full Plate Gauntlets	hands
Silver Full Plate	Crafted	WAR,CLR,PAL,SHD,BRD	8594	Silver Full Plate Greaves	legs
Silver Full Plate	Crafted	WAR,CLR,PAL,SHD,BRD	8595	Silver Full Plate Helm	head
Silver Full Plate	Crafted	WAR,CLR,PAL,SHD,BRD	8597	Silver Full Plate Vambraces	arms
Silver Full Plate Armor	Crafted	WAR,CLR,PAL,SHD,BRD	8588	Silver Full Breastplate	chest
Silver Full Plate Armor	Crafted	WAR,CLR,PAL,SHD,BRD	8589	Silver Full Plate Boots	feet
Silver Full Plate Armor	Crafted	WAR,CLR,PAL,SHD,BRD	8590	Silver Full Plate Bracer	wrist1
Silver Full Plate Armor	Crafted	WAR,CLR,PAL,SHD,BRD	8591	Silver Full Plate Collar	neck
Silver Full Plate Armor	Crafted	WAR,CLR,PAL,SHD,BRD	8592	Silver Full Plate Gauntlets	hands
Silver Full Plate Armor	Crafted	WAR,CLR,PAL,SHD,BRD	8593	Silver Full Plate Girdle	waist
Silver Full Plate Armor	Crafted	WAR,CLR,PAL,SHD,BRD	8594	Silver Full Plate Greaves	legs
Silver Full Plate Armor	Crafted	WAR,CLR,PAL,SHD,BRD	8595	Silver Full Plate Helm	head
Silver Full Plate Armor	Crafted	WAR,CLR,PAL,SHD,BRD	8596	Silver Full Plate Pauldron	shoulders
Silver Full Plate Armor	Crafted	WAR,CLR,PAL,SHD,BRD	8597	Silver Full Plate Vambraces	arms
Silver Full Plate Armor	Crafted	WAR,CLR,PAL,SHD,BRD	8598	Silver Full Plate Visor	face
Silver Full Plate Armor	Crafted	WAR,CLR,PAL,SHD,BRD	8599	Silver Full Splinted Cloak	back
Silver Moon Armor	Plane of Growth	MNK	8613	Silver Moon Headband	head
Silver Moon Armor	Plane of Growth	MNK	8612	Silver Moon Chest Wraps	chest
Silver Moon Armor	Plane of Growth	MNK	8611	Silver Moon Arm Wraps	arms
Silver Moon Armor	Plane of Growth	MNK	8616	Silver Moon Wrist Wraps	wrist1
Silver Moon Armor	Plane of Growth	MNK	3391	Fist of the Silver Moon	hands
Silver Moon Armor	Plane of Growth	MNK	8614	Silver Moon Pants	legs
Silver Moon Armor	Plane of Growth	MNK	8615	Silver Moon Slippers	feet
Silvered Weapons	Crafted	WAR,CLR,PAL,RNG,SHD,DRU,MNK,BRD,ROG,SHM,NEC,WIZ,MAG,ENC	8638	Silvered Battle Axe	primary
Silvered Weapons	Crafted	WAR,CLR,PAL,RNG,SHD,DRU,MNK,BRD,ROG,SHM,NEC,WIZ,MAG,ENC	8639	Silvered Dagger	primary
Silvered Weapons	Crafted	WAR,CLR,PAL,RNG,SHD,DRU,MNK,BRD,ROG,SHM,NEC,WIZ,MAG,ENC	8641	Silvered Javelin	range
Silvered Weapons	Crafted	WAR,CLR,PAL,RNG,SHD,DRU,MNK,BRD,ROG,SHM,NEC,WIZ,MAG,ENC	8642	Silvered Long Sword	primary
Silvered Weapons	Crafted	WAR,CLR,PAL,RNG,SHD,DRU,MNK,BRD,ROG,SHM,NEC,WIZ,MAG,ENC	8643	Silvered Mace	primary
Silvered Weapons	Crafted	WAR,CLR,PAL,RNG,SHD,DRU,MNK,BRD,ROG,SHM,NEC,WIZ,MAG,ENC	8646	Silvered Pick	primary
Silvered Weapons	Crafted	WAR,CLR,PAL,RNG,SHD,DRU,MNK,BRD,ROG,SHM,NEC,WIZ,MAG,ENC	8647	Silvered Rapier	primary
Silvered Weapons	Crafted	WAR,CLR,PAL,RNG,SHD,DRU,MNK,BRD,ROG,SHM,NEC,WIZ,MAG,ENC	8649	Silvered Scimitar	primary
Silvered Weapons	Crafted	WAR,CLR,PAL,RNG,SHD,DRU,MNK,BRD,ROG,SHM,NEC,WIZ,MAG,ENC	8650	Silvered Short Sword	primary
Silvered Weapons	Crafted	WAR,CLR,PAL,RNG,SHD,DRU,MNK,BRD,ROG,SHM,NEC,WIZ,MAG,ENC	8651	Silvered Shuriken	range
Silvered Weapons	Crafted	WAR,CLR,PAL,RNG,SHD,DRU,MNK,BRD,ROG,SHM,NEC,WIZ,MAG,ENC	8652	Silvered Spear	primary
Silvered Weapons	Crafted	WAR,CLR,PAL,RNG,SHD,DRU,MNK,BRD,ROG,SHM,NEC,WIZ,MAG,ENC	8655	Silvered Throwing Axe	range
Silvered Weapons	Crafted	WAR,CLR,PAL,RNG,SHD,DRU,MNK,BRD,ROG,SHM,NEC,WIZ,MAG,ENC	8656	Silvered Throwing Knife	range
Silvered Weapons	Crafted	WAR,CLR,PAL,RNG,SHD,DRU,MNK,BRD,ROG,SHM,NEC,WIZ,MAG,ENC	8657	Silvered Warhammer	primary
Singing Steel Armor	Kunark (Trakanon / Venril Sathir)	BRD	8675	Singing Steel Helm	head
Singing Steel Armor	Kunark (Trakanon / Venril Sathir)	BRD	8672	Singing Steel Breastplate	chest
Singing Steel Armor	Kunark (Trakanon / Venril Sathir)	BRD	8676	Singing Steel Vambraces	arms
Singing Steel Armor	Kunark (Trakanon / Venril Sathir)	BRD	8671	Singing Steel Bracer	wrist1
Singing Steel Armor	Kunark (Trakanon / Venril Sathir)	BRD	8673	Singing Steel Gauntlets	hands
Singing Steel Armor	Kunark (Trakanon / Venril Sathir)	BRD	8674	Singing Steel Greaves	legs
Singing Steel Armor	Kunark (Trakanon / Venril Sathir)	BRD	8670	Singing Steel Boots	feet
Sly Summoners Armor	Plane of Mischief	MAG	8762	Sly Summoners Crown	head
Sly Summoners Armor	Plane of Mischief	MAG	8765	Sly Summoners Robe	chest
Sly Summoners Armor	Plane of Mischief	MAG	8766	Sly Summoners Sleeves	arms
Sly Summoners Armor	Plane of Mischief	MAG	8767	Sly Summoners Wristguard	wrist1
Sly Summoners Armor	Plane of Mischief	MAG	8763	Sly Summoners Gloves	hands
Sly Summoners Armor	Plane of Mischief	MAG	8764	Sly Summoners Pants	legs
Sly Summoners Armor	Plane of Mischief	MAG	8761	Sly Summoners Boots	feet
Small Banded Armor Set		WAR,CLR,PAL,RNG,SHD,BRD,ROG,SHM	8778	Small Banded Mail	chest
Small Banded Armor Set		WAR,CLR,PAL,RNG,SHD,BRD,ROG,SHM	8781	Small Banded Sleeves	arms
Small Banded Armor Set		WAR,CLR,PAL,RNG,SHD,BRD,ROG,SHM	8777	Small Banded Leggings	legs
Small Banded Armor Set		WAR,CLR,PAL,RNG,SHD,BRD,ROG,SHM	8774	Small Banded Gauntlets	hands
Small Banded Armor Set		WAR,CLR,PAL,RNG,SHD,BRD,ROG,SHM	8771	Small Banded Boots	feet
Small Banded Armor Set		WAR,CLR,PAL,RNG,SHD,BRD,ROG,SHM	8770	Small Banded Belt	waist
Small Banded Armor Set		WAR,CLR,PAL,RNG,SHD,BRD,ROG,SHM	8772	Small Banded Bracer	wrist1
Small Banded Armor Set		WAR,CLR,PAL,RNG,SHD,BRD,ROG,SHM	8776	Small Banded Helm	head
Small Banded Armor Set		WAR,CLR,PAL,RNG,SHD,BRD,ROG,SHM	8773	Small Banded Cloak	back
Small Banded Armor Set		WAR,CLR,PAL,RNG,SHD,BRD,ROG,SHM	8779	Small Banded Mantle	shoulders
Small Banded Armor Set		WAR,CLR,PAL,RNG,SHD,BRD,ROG,SHM	8780	Small Banded Mask	face
Small Banded Armor Set		WAR,CLR,PAL,RNG,SHD,BRD,ROG,SHM	8775	Small Banded Gorget	neck
Small Bronze Armor Set	World drop	WAR,CLR,PAL,SHD,BRD	8807	Small Bronze Breastplate	chest
Small Bronze Armor Set	World drop	WAR,CLR,PAL,SHD,BRD	8815	Small Bronze Vambraces	arms
Small Bronze Armor Set	World drop	WAR,CLR,PAL,SHD,BRD	8811	Small Bronze Greaves	legs
Small Bronze Armor Set	World drop	WAR,CLR,PAL,SHD,BRD	8809	Small Bronze Gauntlets	hands
Small Bronze Armor Set	World drop	WAR,CLR,PAL,SHD,BRD	8805	Small Bronze Boots	feet
Small Bronze Armor Set	World drop	WAR,CLR,PAL,SHD,BRD	8810	Small Bronze Girdle	waist
Small Bronze Armor Set	World drop	WAR,CLR,PAL,SHD,BRD	8806	Small Bronze Bracers	wrist1
Small Bronze Armor Set	World drop	WAR,CLR,PAL,SHD,BRD	8812	Small Bronze Helm	head
Small Bronze Armor Set	World drop	WAR,CLR,PAL,SHD,BRD	8814	Small Bronze Pauldron	shoulders
Small Bronze Armor Set	World drop	WAR,CLR,PAL,SHD,BRD	8813	Small Bronze Mask	face
Small Bronze Armor Set	World drop	WAR,CLR,PAL,SHD,BRD	8808	Small Bronze Collar	neck
Small Bronze Armor Set	World drop	WAR,CLR,PAL,SHD,BRD	8995	Small Splinted Bronze Cloak	back
Small Chainmail / Iron Armor Set		WAR,CLR,PAL,RNG,SHD,BRD,ROG,SHM	8819	Small Chainmail Belt	waist
Small Chainmail / Iron Armor Set		WAR,CLR,PAL,RNG,SHD,BRD,ROG,SHM	8821	Small Chainmail Bracelet	wrist1
Small Chainmail / Iron Armor Set		WAR,CLR,PAL,RNG,SHD,BRD,ROG,SHM	8823	Small Chainmail Cape	back
Small Chainmail / Iron Armor Set		WAR,CLR,PAL,RNG,SHD,BRD,ROG,SHM	8818	Small Chain Coif	head
Small Chainmail / Iron Armor Set		WAR,CLR,PAL,RNG,SHD,BRD,ROG,SHM	8825	Small Chainmail Coat	chest
Small Chainmail / Iron Armor Set		WAR,CLR,PAL,RNG,SHD,BRD,ROG,SHM	8828	Small Chainmail Gloves	hands
Small Chainmail / Iron Armor Set		WAR,CLR,PAL,RNG,SHD,BRD,ROG,SHM	8829	Small Chainmail Mantle	shoulders
Small Chainmail / Iron Armor Set		WAR,CLR,PAL,RNG,SHD,BRD,ROG,SHM	8831	Small Chainmail Neckguard	neck
Small Chainmail / Iron Armor Set		WAR,CLR,PAL,RNG,SHD,BRD,ROG,SHM	8877	Small Iron Armplates	arms
Small Chainmail / Iron Armor Set		WAR,CLR,PAL,RNG,SHD,BRD,ROG,SHM	8878	Small Iron Boots	feet
Small Chainmail / Iron Armor Set		WAR,CLR,PAL,RNG,SHD,BRD,ROG,SHM	8879	Small Iron Legplates	legs
Small Chainmail / Iron Armor Set		WAR,CLR,PAL,RNG,SHD,BRD,ROG,SHM	8880	Small Iron Mask	face
Small Cloth Armor Set		WAR,CLR,PAL,RNG,SHD,DRU,MNK,BRD,ROG,SHM,NEC,WIZ,MAG,ENC	8850	Small Cloth Shirt	chest
Small Cloth Armor Set		WAR,CLR,PAL,RNG,SHD,DRU,MNK,BRD,ROG,SHM,NEC,WIZ,MAG,ENC	8851	Small Cloth Sleeves	arms
Small Cloth Armor Set		WAR,CLR,PAL,RNG,SHD,DRU,MNK,BRD,ROG,SHM,NEC,WIZ,MAG,ENC	8847	Small Cloth Pants	legs
Small Cloth Armor Set		WAR,CLR,PAL,RNG,SHD,DRU,MNK,BRD,ROG,SHM,NEC,WIZ,MAG,ENC	8846	Small Cloth Gloves	hands
Small Cloth Armor Set		WAR,CLR,PAL,RNG,SHD,DRU,MNK,BRD,ROG,SHM,NEC,WIZ,MAG,ENC	8848	Small Cloth Sandals	feet
Small Cloth Armor Set		WAR,CLR,PAL,RNG,SHD,DRU,MNK,BRD,ROG,SHM,NEC,WIZ,MAG,ENC	8845	Small Cloth Cord	waist
Small Cloth Armor Set		WAR,CLR,PAL,RNG,SHD,DRU,MNK,BRD,ROG,SHM,NEC,WIZ,MAG,ENC	8853	Small Cloth Wristband	wrist1
Small Cloth Armor Set		WAR,CLR,PAL,RNG,SHD,DRU,MNK,BRD,ROG,SHM,NEC,WIZ,MAG,ENC	8842	Small Cloth Cap	head
Small Cloth Armor Set		WAR,CLR,PAL,RNG,SHD,DRU,MNK,BRD,ROG,SHM,NEC,WIZ,MAG,ENC	8849	Small Cloth Shawl	shoulders
Small Cloth Armor Set		WAR,CLR,PAL,RNG,SHD,DRU,MNK,BRD,ROG,SHM,NEC,WIZ,MAG,ENC	8852	Small Cloth Veil	face
Small Cloth Armor Set		WAR,CLR,PAL,RNG,SHD,DRU,MNK,BRD,ROG,SHM,NEC,WIZ,MAG,ENC	8844	Small Cloth Choker	neck
Small Cloth Armor Set		WAR,CLR,PAL,RNG,SHD,DRU,MNK,BRD,ROG,SHM,NEC,WIZ,MAG,ENC	8843	Small Cloth Cape	back
Small Patchwork Armor Set	Crafted	WAR,CLR,PAL,RNG,SHD,DRU,BRD,ROG,SHM	8919	Small Patchwork Boots	feet
Small Patchwork Armor Set	Crafted	WAR,CLR,PAL,RNG,SHD,DRU,BRD,ROG,SHM	8920	Small Patchwork Cloak	back
Small Patchwork Armor Set	Crafted	WAR,CLR,PAL,RNG,SHD,DRU,BRD,ROG,SHM	8921	Small Patchwork Pants	legs
Small Patchwork Armor Set	Crafted	WAR,CLR,PAL,RNG,SHD,DRU,BRD,ROG,SHM	8922	Small Patchwork Sleeves	arms
Small Patchwork Armor Set	Crafted	WAR,CLR,PAL,RNG,SHD,DRU,BRD,ROG,SHM	8923	Small Patchwork Tunic	chest
Small Raw-Hide Armor Set		WAR,CLR,PAL,RNG,SHD,DRU,MNK,BRD,ROG,SHM	8945	Small Raw-hide Belt	waist
Small Raw-Hide Armor Set		WAR,CLR,PAL,RNG,SHD,DRU,MNK,BRD,ROG,SHM	8946	Small Raw-hide Boots	feet
Small Raw-Hide Armor Set		WAR,CLR,PAL,RNG,SHD,DRU,MNK,BRD,ROG,SHM	8947	Small Raw-hide Cloak	back
Small Raw-Hide Armor Set		WAR,CLR,PAL,RNG,SHD,DRU,MNK,BRD,ROG,SHM	8948	Small Raw-hide Gloves	hands
Small Raw-Hide Armor Set		WAR,CLR,PAL,RNG,SHD,DRU,MNK,BRD,ROG,SHM	8949	Small Raw-hide Gorget	neck
Small Raw-Hide Armor Set		WAR,CLR,PAL,RNG,SHD,DRU,MNK,BRD,ROG,SHM	8950	Small Raw-hide Leggings	legs
Small Raw-Hide Armor Set		WAR,CLR,PAL,RNG,SHD,DRU,MNK,BRD,ROG,SHM	8951	Small Raw-hide Mask	face
Small Raw-Hide Armor Set		WAR,CLR,PAL,RNG,SHD,DRU,MNK,BRD,ROG,SHM	8952	Small Raw-hide Shoulderpads	shoulders
Small Raw-Hide Armor Set		WAR,CLR,PAL,RNG,SHD,DRU,MNK,BRD,ROG,SHM	8953	Small Raw-hide Skullcap	head
Small Raw-Hide Armor Set		WAR,CLR,PAL,RNG,SHD,DRU,MNK,BRD,ROG,SHM	8954	Small Raw-hide Sleeves	arms
Small Raw-Hide Armor Set		WAR,CLR,PAL,RNG,SHD,DRU,MNK,BRD,ROG,SHM	8955	Small Raw-hide Tunic	chest
Small Raw-Hide Armor Set		WAR,CLR,PAL,RNG,SHD,DRU,MNK,BRD,ROG,SHM	8956	Small Raw-hide Wristbands	wrist1
Small Ringmail Armor Set		WAR,CLR,PAL,RNG,SHD,BRD,ROG,SHM	8971	Small Ringmail Belt	waist
Small Ringmail Armor Set		WAR,CLR,PAL,RNG,SHD,BRD,ROG,SHM	8972	Small Ringmail Boots	feet
Small Ringmail Armor Set		WAR,CLR,PAL,RNG,SHD,BRD,ROG,SHM	8973	Small Ringmail Bracelet	wrist1
Small Ringmail Armor Set		WAR,CLR,PAL,RNG,SHD,BRD,ROG,SHM	8974	Small Ringmail Cape	back
Small Ringmail Armor Set		WAR,CLR,PAL,RNG,SHD,BRD,ROG,SHM	8975	Small Ringmail Coat	chest
Small Ringmail Armor Set		WAR,CLR,PAL,RNG,SHD,BRD,ROG,SHM	8976	Small Ringmail Coif	head
Small Ringmail Armor Set		WAR,CLR,PAL,RNG,SHD,BRD,ROG,SHM	8977	Small Ringmail Gloves	hands
Small Ringmail Armor Set		WAR,CLR,PAL,RNG,SHD,BRD,ROG,SHM	8978	Small Ringmail Mantle	shoulders
Small Ringmail Armor Set		WAR,CLR,PAL,RNG,SHD,BRD,ROG,SHM	8979	Small Ringmail Neckguard	neck
Small Ringmail Armor Set		WAR,CLR,PAL,RNG,SHD,BRD,ROG,SHM	8980	Small Ringmail Pants	legs
Small Ringmail Armor Set		WAR,CLR,PAL,RNG,SHD,BRD,ROG,SHM	8981	Small Ringmail Sleeves	arms
Small Ringmail Armor Set		WAR,CLR,PAL,RNG,SHD,BRD,ROG,SHM	8982	Small Ringmail Visor	face
Small Tattered Armor Set	Crafted	WAR,CLR,PAL,RNG,SHD,DRU,BRD,ROG,SHM	9023	Small Tattered Gloves	hands
Small Tattered Armor Set	Crafted	WAR,CLR,PAL,RNG,SHD,DRU,BRD,ROG,SHM	9021	Small Tattered Belt	waist
Small Tattered Armor Set	Crafted	WAR,CLR,PAL,RNG,SHD,DRU,BRD,ROG,SHM	9028	Small Tattered Wristbands	wrist1
Small Tattered Armor Set	Crafted	WAR,CLR,PAL,RNG,SHD,DRU,BRD,ROG,SHM	9027	Small Tattered Skullcap	head
Small Tattered Armor Set	Crafted	WAR,CLR,PAL,RNG,SHD,DRU,BRD,ROG,SHM	9026	Small Tattered Shoulderpads	shoulders
Small Tattered Armor Set	Crafted	WAR,CLR,PAL,RNG,SHD,DRU,BRD,ROG,SHM	9025	Small Tattered Mask	face
Small Tattered Armor Set	Crafted	WAR,CLR,PAL,RNG,SHD,DRU,BRD,ROG,SHM	9024	Small Tattered Gorget	neck
Soft Wicker Armor	Stonebrunt Mountains	WAR,CLR,PAL,RNG,SHD,DRU,MNK,BRD,ROG,SHM	9097	Soft Wicker Belt	waist
Soft Wicker Armor	Stonebrunt Mountains	WAR,CLR,PAL,RNG,SHD,DRU,MNK,BRD,ROG,SHM	9098	Soft Wicker Boots	feet
Soft Wicker Armor	Stonebrunt Mountains	WAR,CLR,PAL,RNG,SHD,DRU,MNK,BRD,ROG,SHM	9099	Soft Wicker Cloak	back
Soft Wicker Armor	Stonebrunt Mountains	WAR,CLR,PAL,RNG,SHD,DRU,MNK,BRD,ROG,SHM	9100	Soft Wicker Gloves	hands
Soft Wicker Armor	Stonebrunt Mountains	WAR,CLR,PAL,RNG,SHD,DRU,MNK,BRD,ROG,SHM	9101	Soft Wicker Gorget	neck
Soft Wicker Armor	Stonebrunt Mountains	WAR,CLR,PAL,RNG,SHD,DRU,MNK,BRD,ROG,SHM	9102	Soft Wicker Helm	head
Soft Wicker Armor	Stonebrunt Mountains	WAR,CLR,PAL,RNG,SHD,DRU,MNK,BRD,ROG,SHM	9103	Soft Wicker Leggings	legs
Soft Wicker Armor	Stonebrunt Mountains	WAR,CLR,PAL,RNG,SHD,DRU,MNK,BRD,ROG,SHM	9104	Soft Wicker Mask	face
Soft Wicker Armor	Stonebrunt Mountains	WAR,CLR,PAL,RNG,SHD,DRU,MNK,BRD,ROG,SHM	9105	Soft Wicker Shoulderpads	shoulders
Soft Wicker Armor	Stonebrunt Mountains	WAR,CLR,PAL,RNG,SHD,DRU,MNK,BRD,ROG,SHM	9106	Soft Wicker Sleeves	arms
Soft Wicker Armor	Stonebrunt Mountains	WAR,CLR,PAL,RNG,SHD,DRU,MNK,BRD,ROG,SHM	9107	Soft Wicker Tunic	chest
Soft Wicker Armor	Stonebrunt Mountains	WAR,CLR,PAL,RNG,SHD,DRU,MNK,BRD,ROG,SHM	9108	Soft Wicker Wristbands	wrist1
Sorcerer's Armor	Plane of Growth	WIZ	9131	Sorcerer's Circlet	head
Sorcerer's Armor	Plane of Growth	WIZ	9134	Sorcerer's Robe	chest
Sorcerer's Armor	Plane of Growth	WIZ	9135	Sorcerer's Sleeves	arms
Sorcerer's Armor	Plane of Growth	WIZ	9136	Sorcerer's Wristband	wrist1
Sorcerer's Armor	Plane of Growth	WIZ	9132	Sorcerer's Gloves	hands
Sorcerer's Armor	Plane of Growth	WIZ	9133	Sorcerer's Pantaloons	legs
Sorcerer's Armor	Plane of Growth	WIZ	9130	Sorcerer's Boots	feet
Spider Fur Armor	Velketor's Labyrinth	WAR,CLR,PAL,RNG,SHD,DRU,MNK,BRD,ROG,SHM,NEC,WIZ,MAG,ENC	9221	Spider Fur Cloak	back
Spider Fur Armor	Velketor's Labyrinth	WAR,CLR,PAL,RNG,SHD,DRU,MNK,BRD,ROG,SHM,NEC,WIZ,MAG,ENC	9220	Spider Fur Belt	waist
Spider Fur Armor	Velketor's Labyrinth	WAR,CLR,PAL,RNG,SHD,DRU,MNK,BRD,ROG,SHM,NEC,WIZ,MAG,ENC	9222	Spider Fur Collar	neck
Spider Fur Armor	Velketor's Labyrinth	WAR,CLR,PAL,RNG,SHD,DRU,MNK,BRD,ROG,SHM,NEC,WIZ,MAG,ENC	9223	Spider Fur Gloves	hands
Spider Fur Armor	Velketor's Labyrinth	WAR,CLR,PAL,RNG,SHD,DRU,MNK,BRD,ROG,SHM,NEC,WIZ,MAG,ENC	9219	Spider Fur-Lined Boots	feet
Spirit Caller's Armor	Kael Drakkel	SHM	9247	Spirit Caller's Helm	head
Spirit Caller's Armor	Kael Drakkel	SHM	9244	Spirit Caller's Breastplate	chest
Spirit Caller's Armor	Kael Drakkel	SHM	9248	Spirit Caller's Vambraces	arms
Spirit Caller's Armor	Kael Drakkel	SHM	9243	Spirit Caller's Bracer	wrist1
Spirit Caller's Armor	Kael Drakkel	SHM	9245	Spirit Caller's Gauntlets	hands
Spirit Caller's Armor	Kael Drakkel	SHM	9246	Spirit Caller's Greaves	legs
Spirit Caller's Armor	Kael Drakkel	SHM	9242	Spirit Caller's Boots	feet
Spirit Weaver's Armor	Plane of Growth	SHM	9258	Spirit Weaver's Coif	head
Spirit Weaver's Armor	Plane of Growth	SHM	9257	Spirit Weaver's Breastplate	chest
Spirit Weaver's Armor	Plane of Growth	SHM	9261	Spirit Weaver's Vambraces	arms
Spirit Weaver's Armor	Plane of Growth	SHM	9256	Spirit Weaver's Bracer	wrist1
Spirit Weaver's Armor	Plane of Growth	SHM	9259	Spirit Weaver's Gauntlets	hands
Spirit Weaver's Armor	Plane of Growth	SHM	9260	Spirit Weaver's Greaves	legs
Spirit Weaver's Armor	Plane of Growth	SHM	9255	Spirit Weaver's Boots	feet
Steel Armor	Vendor	WAR,CLR,PAL,SHD,BRD	6980	Plate Gauntlets	hands
Steel Armor	Vendor	WAR,CLR,PAL,SHD,BRD	6981	Plate Girdle	waist
Steel Armor	Vendor	WAR,CLR,PAL,SHD,BRD	6988	Platemail Helm	head
Steel Armor	Vendor	WAR,CLR,PAL,SHD,BRD	9287	Splinted Cloak	back
Steel Armor	Vendor	WAR,CLR,PAL,SHD,BRD	9374	Steel Bracers	wrist1
Steel Armor	Vendor	WAR,CLR,PAL,SHD,BRD	9375	Steel Breastplate	chest
Steel Armor	Vendor	WAR,CLR,PAL,SHD,BRD	9376	Steel Collar	neck
Steel Armor	Vendor	WAR,CLR,PAL,SHD,BRD	9377	Steel Greaves	legs
Steel Armor	Vendor	WAR,CLR,PAL,SHD,BRD	9381	Steel Mask	face
Steel Armor	Vendor	WAR,CLR,PAL,SHD,BRD	9382	Steel Pauldron	shoulders
Steel Armor	Vendor	WAR,CLR,PAL,SHD,BRD	9386	Steel Vambraces	arms
Steel Armor	Vendor	WAR,CLR,PAL,SHD,BRD	9383	Steel Plate Boots	feet
Steel Armor	Vendor	WAR,CLR,PAL,SHD,BRD	5712	Large Steel Kilt	legs
Steelsilk	Crafted	CLR,PAL,SHD	9390	Steelsilk Boots	feet
Steelsilk	Crafted	CLR,PAL,SHD	9391	Steelsilk Bracers	wrist1
Steelsilk	Crafted	CLR,PAL,SHD	9392	Steelsilk Breastplate	chest
Steelsilk	Crafted	CLR,PAL,SHD	9395	Steelsilk Gauntlets	hands
Steelsilk	Crafted	CLR,PAL,SHD	9396	Steelsilk Greaves	legs
Steelsilk	Crafted	CLR,PAL,SHD	9397	Steelsilk Helm	head
Steelsilk	Crafted	CLR,PAL,SHD	9400	Steelsilk Vambraces	arms
Studded Armor Set	Crafted	WAR,CLR,PAL,RNG,SHD,DRU,MNK,BRD,ROG,SHM	9017	Small Studded Tunic	chest
Studded Armor Set	Crafted	WAR,CLR,PAL,RNG,SHD,DRU,MNK,BRD,ROG,SHM	9012	Small Studded Leggings	legs
Studded Armor Set	Crafted	WAR,CLR,PAL,RNG,SHD,DRU,MNK,BRD,ROG,SHM	9016	Small Studded Sleeves	arms
Studded Armor Set	Crafted	WAR,CLR,PAL,RNG,SHD,DRU,MNK,BRD,ROG,SHM	9008	Small Studded Boots	feet
Studded Armor Set	Crafted	WAR,CLR,PAL,RNG,SHD,DRU,MNK,BRD,ROG,SHM	9009	Small Studded Cloak	back
Studded Armor Set	Crafted	WAR,CLR,PAL,RNG,SHD,DRU,MNK,BRD,ROG,SHM	9010	Small Studded Gloves	hands
Studded Armor Set	Crafted	WAR,CLR,PAL,RNG,SHD,DRU,MNK,BRD,ROG,SHM	9014	Small Studded Shoulderpads	shoulders
Studded Armor Set	Crafted	WAR,CLR,PAL,RNG,SHD,DRU,MNK,BRD,ROG,SHM	9018	Small Studded Wristbands	wrist1
Studded Armor Set	Crafted	WAR,CLR,PAL,RNG,SHD,DRU,MNK,BRD,ROG,SHM	9013	Small Studded Mask	face
Studded Armor Set	Crafted	WAR,CLR,PAL,RNG,SHD,DRU,MNK,BRD,ROG,SHM	9015	Small Studded Skullcap	head
Studded Armor Set	Crafted	WAR,CLR,PAL,RNG,SHD,DRU,MNK,BRD,ROG,SHM	9007	Small Studded Belt	waist
Studded Armor Set	Crafted	WAR,CLR,PAL,RNG,SHD,DRU,MNK,BRD,ROG,SHM	9011	Small Studded Gorget	neck
Studded Armor Set	Crafted	WAR,CLR,PAL,RNG,SHD,DRU,MNK,BRD,ROG,SHM	9469	Studded Tunic	chest
Studded Armor Set	Crafted	WAR,CLR,PAL,RNG,SHD,DRU,MNK,BRD,ROG,SHM	9464	Studded Leggings	legs
Studded Armor Set	Crafted	WAR,CLR,PAL,RNG,SHD,DRU,MNK,BRD,ROG,SHM	9468	Studded Sleeves	arms
Studded Armor Set	Crafted	WAR,CLR,PAL,RNG,SHD,DRU,MNK,BRD,ROG,SHM	9457	Studded Boots	feet
Studded Armor Set	Crafted	WAR,CLR,PAL,RNG,SHD,DRU,MNK,BRD,ROG,SHM	9460	Studded Gloves	hands
Studded Armor Set	Crafted	WAR,CLR,PAL,RNG,SHD,DRU,MNK,BRD,ROG,SHM	9466	Studded Shoulderpads	shoulders
Studded Armor Set	Crafted	WAR,CLR,PAL,RNG,SHD,DRU,MNK,BRD,ROG,SHM	9470	Studded Wristbands	wrist1
Studded Armor Set	Crafted	WAR,CLR,PAL,RNG,SHD,DRU,MNK,BRD,ROG,SHM	9465	Studded Mask	face
Studded Armor Set	Crafted	WAR,CLR,PAL,RNG,SHD,DRU,MNK,BRD,ROG,SHM	9467	Studded Skullcap	head
Studded Armor Set	Crafted	WAR,CLR,PAL,RNG,SHD,DRU,MNK,BRD,ROG,SHM	9456	Studded Belt	waist
Studded Armor Set	Crafted	WAR,CLR,PAL,RNG,SHD,DRU,MNK,BRD,ROG,SHM	9461	Studded Gorget	neck
Studded Armor Set	Crafted	WAR,CLR,PAL,RNG,SHD,DRU,MNK,BRD,ROG,SHM	5728	Large Studded Tunic	chest
Studded Armor Set	Crafted	WAR,CLR,PAL,RNG,SHD,DRU,MNK,BRD,ROG,SHM	5723	Large Studded Leggings	legs
Studded Armor Set	Crafted	WAR,CLR,PAL,RNG,SHD,DRU,MNK,BRD,ROG,SHM	5727	Large Studded Sleeves	arms
Studded Armor Set	Crafted	WAR,CLR,PAL,RNG,SHD,DRU,MNK,BRD,ROG,SHM	5719	Large Studded Boots	feet
Studded Armor Set	Crafted	WAR,CLR,PAL,RNG,SHD,DRU,MNK,BRD,ROG,SHM	5720	Large Studded Cloak	back
Studded Armor Set	Crafted	WAR,CLR,PAL,RNG,SHD,DRU,MNK,BRD,ROG,SHM	5721	Large Studded Gloves	hands
Studded Armor Set	Crafted	WAR,CLR,PAL,RNG,SHD,DRU,MNK,BRD,ROG,SHM	5725	Large Studded Shoulderpads	shoulders
Studded Armor Set	Crafted	WAR,CLR,PAL,RNG,SHD,DRU,MNK,BRD,ROG,SHM	5729	Large Studded Wristbands	wrist1
Studded Armor Set	Crafted	WAR,CLR,PAL,RNG,SHD,DRU,MNK,BRD,ROG,SHM	5724	Large Studded Mask	face
Studded Armor Set	Crafted	WAR,CLR,PAL,RNG,SHD,DRU,MNK,BRD,ROG,SHM	5726	Large Studded Skullcap	head
Studded Armor Set	Crafted	WAR,CLR,PAL,RNG,SHD,DRU,MNK,BRD,ROG,SHM	5718	Large Studded Belt	waist
Studded Armor Set	Crafted	WAR,CLR,PAL,RNG,SHD,DRU,MNK,BRD,ROG,SHM	5722	Large Studded Gorget	neck
Summoner's Armor	Kael Drakkel	MAG	9520	Summoner's Circlet	head
Summoner's Armor	Kael Drakkel	MAG	9523	Summoner's Robe	chest
Summoner's Armor	Kael Drakkel	MAG	9524	Summoner's Sleeves	arms
Summoner's Armor	Kael Drakkel	MAG	9525	Summoner's Warband	wrist1
Summoner's Armor	Kael Drakkel	MAG	9521	Summoner's Gloves	hands
Summoner's Armor	Kael Drakkel	MAG	9522	Summoner's Pantaloons	legs
Summoner's Armor	Kael Drakkel	MAG	9519	Summoner's Boots	feet
Tattered Armor Set	Crafted	WAR,CLR,PAL,RNG,SHD,DRU,MNK,BRD,ROG,SHM	9643	Tattered Gloves	hands
Tattered Armor Set	Crafted	WAR,CLR,PAL,RNG,SHD,DRU,MNK,BRD,ROG,SHM	9639	Tattered Belt	waist
Tattered Armor Set	Crafted	WAR,CLR,PAL,RNG,SHD,DRU,MNK,BRD,ROG,SHM	9669	Tattered Wristbands	wrist1
Tattered Armor Set	Crafted	WAR,CLR,PAL,RNG,SHD,DRU,MNK,BRD,ROG,SHM	9666	Tattered Skullcap	head
Tattered Armor Set	Crafted	WAR,CLR,PAL,RNG,SHD,DRU,MNK,BRD,ROG,SHM	9658	Tattered Shoulderpads	shoulders
Tattered Armor Set	Crafted	WAR,CLR,PAL,RNG,SHD,DRU,MNK,BRD,ROG,SHM	9652	Tattered Mask	face
Tattered Armor Set	Crafted	WAR,CLR,PAL,RNG,SHD,DRU,MNK,BRD,ROG,SHM	9645	Tattered Gorget	neck
Teir'Dal Adamantite Armor Set (Imbued)	Crafted	WAR,CLR,SHD,BRD	9680	Teir`Dal Adamantite Boots	feet
Teir'Dal Adamantite Armor Set (Imbued)	Crafted	WAR,CLR,SHD,BRD	9686	Teir`Dal Adamantite Breastplate	chest
Teir'Dal Adamantite Armor Set (Imbued)	Crafted	WAR,CLR,SHD,BRD	9683	Teir`Dal Adamantite Bracers	wrist1
Teir'Dal Adamantite Armor Set (Imbued)	Crafted	WAR,CLR,SHD,BRD	9689	Teir`Dal Adamantite Cloak	back
Teir'Dal Adamantite Armor Set (Imbued)	Crafted	WAR,CLR,SHD,BRD	9692	Teir`Dal Adamantite Collar	neck
Teir'Dal Adamantite Armor Set (Imbued)	Crafted	WAR,CLR,SHD,BRD	9695	Teir`Dal Adamantite Gauntlets	hands
Teir'Dal Adamantite Armor Set (Imbued)	Crafted	WAR,CLR,SHD,BRD	9698	Teir`Dal Adamantite Girdle	waist
Teir'Dal Adamantite Armor Set (Imbued)	Crafted	WAR,CLR,SHD,BRD	9701	Teir`Dal Adamantite Greaves	legs
Teir'Dal Adamantite Armor Set (Imbued)	Crafted	WAR,CLR,SHD,BRD	9705	Teir`Dal Adamantite Helm	head
Teir'Dal Adamantite Armor Set (Imbued)	Crafted	WAR,CLR,SHD,BRD	9708	Teir`Dal Adamantite Pauldron	shoulders
Teir'Dal Adamantite Armor Set (Imbued)	Crafted	WAR,CLR,SHD,BRD	9711	Teir`Dal Adamantite Vambraces	arms
Teir'Dal Adamantite Armor Set (Imbued)	Crafted	WAR,CLR,SHD,BRD	9714	Teir`Dal Adamantite Visor	face
Teir`Dal Chainmail	Crafted	WAR,CLR,SHD,BRD,ROG,NEC,WIZ,MAG,ENC	9721	Teir`Dal Chainmail Boots	feet
Teir`Dal Chainmail	Crafted	WAR,CLR,SHD,BRD,ROG,NEC,WIZ,MAG,ENC	9722	Teir`Dal Chainmail Bracelet	wrist1
Teir`Dal Chainmail	Crafted	WAR,CLR,SHD,BRD,ROG,NEC,WIZ,MAG,ENC	9724	Teir`Dal Chainmail Gloves	hands
Teir`Dal Chainmail	Crafted	WAR,CLR,SHD,BRD,ROG,NEC,WIZ,MAG,ENC	9725	Teir`Dal Chainmail Leggings	legs
Teir`Dal Chainmail	Crafted	WAR,CLR,SHD,BRD,ROG,NEC,WIZ,MAG,ENC	9728	Teir`Dal Chainmail Sleeves	arms
Teir`Dal Chainmail	Crafted	WAR,CLR,SHD,BRD,ROG,NEC,WIZ,MAG,ENC	9729	Teir`Dal Chainmail Tunic	chest
Tempered Velium Weapons	Dragon Necropolis	WAR,PAL,RNG,SHD,MNK,BRD,ROG	9742	Tempered Velium Battle Axe	primary
Tempered Velium Weapons	Dragon Necropolis	WAR,PAL,RNG,SHD,MNK,BRD,ROG	9744	Tempered Velium Knuckledusters	primary
Tempered Velium Weapons	Dragon Necropolis	WAR,PAL,RNG,SHD,MNK,BRD,ROG	9745	Tempered Velium War Lance	primary
Tempered Velium Weapons	Dragon Necropolis	WAR,PAL,RNG,SHD,MNK,BRD,ROG	9746	Tempered Velium Warsword	primary
Templar's Armor	Kael Drakkel	CLR	9750	Templar's Crown	head
Templar's Armor	Kael Drakkel	CLR	9749	Templar's Chestplate	chest
Templar's Armor	Kael Drakkel	CLR	9753	Templar's Vambraces	arms
Templar's Armor	Kael Drakkel	CLR	9748	Templar's Bracer	wrist1
Templar's Armor	Kael Drakkel	CLR	9751	Templar's Gauntlets	hands
Templar's Armor	Kael Drakkel	CLR	9752	Templar's Leggings	legs
Templar's Armor	Kael Drakkel	CLR	9747	Templar's Boots	feet
Thorny Vine Armor	Plane of Fear	RNG	9823	Thorny Vine Boots	feet
Thorny Vine Armor	Plane of Fear	RNG	9824	Thorny Vine Bracer	wrist1
Thorny Vine Armor	Plane of Fear	RNG	9825	Thorny Vine Chestplate	chest
Thorny Vine Armor	Plane of Fear	RNG	9826	Thorny Vine Gauntlets	hands
Thorny Vine Armor	Plane of Fear	RNG	9827	Thorny Vine Greaves	legs
Thorny Vine Armor	Plane of Fear	RNG	9828	Thorny Vine Helm	head
Thorny Vine Armor	Plane of Fear	RNG	9829	Thorny Vine Vambraces	arms
Tigeraptor Armor		RNG	9855	Tigeraptor Belt	waist
Tigeraptor Armor		RNG	9856	Tigeraptor Boots	feet
Tigeraptor Armor		RNG	9857	Tigeraptor Cloak	back
Tigeraptor Armor		RNG	9858	Tigeraptor Gloves	hands
Tigeraptor Armor		RNG	9859	Tigeraptor Gorget	neck
Tigeraptor Armor		RNG	9861	Tigeraptor Leggings	legs
Tigeraptor Armor		RNG	9862	Tigeraptor Mask	face
Tigeraptor Armor		RNG	9863	Tigeraptor Shoulderpads	shoulders
Tigeraptor Armor		RNG	9864	Tigeraptor Skullcap	head
Tigeraptor Armor		RNG	9865	Tigeraptor Sleeves	arms
Tigeraptor Armor		RNG	9866	Tigeraptor Tunic	chest
Tigeraptor Armor		RNG	9867	Tigeraptor Wristbands	wrist1
Tizmak Armor	Great Divide	WAR,CLR,PAL,RNG,SHD,DRU,MNK,BRD,ROG,SHM	2193	Cured Tizmak Gloves	hands
Tizmak Armor	Great Divide	WAR,CLR,PAL,RNG,SHD,DRU,MNK,BRD,ROG,SHM	2194	Cured Tizmak Surcoat	chest
Tizmak Armor	Great Divide	WAR,CLR,PAL,RNG,SHD,DRU,MNK,BRD,ROG,SHM	9896	Tizmak Leggings	legs
Tizmak Armor	Great Divide	WAR,CLR,PAL,RNG,SHD,DRU,MNK,BRD,ROG,SHM	9897	Tizmak Sleeves	arms
Tizmak Armor	Great Divide	WAR,CLR,PAL,RNG,SHD,DRU,MNK,BRD,ROG,SHM	9898	Tizmak Tunic	chest
Tolan's Darkwood Armor	Kunark (Trakanon / Venril Sathir)	RNG	9909	Tolan's Darkwood Helm	head
Tolan's Darkwood Armor	Kunark (Trakanon / Venril Sathir)	RNG	9906	Tolan's Darkwood Breastplate	chest
Tolan's Darkwood Armor	Kunark (Trakanon / Venril Sathir)	RNG	9910	Tolan's Darkwood Vambraces	arms
Tolan's Darkwood Armor	Kunark (Trakanon / Venril Sathir)	RNG	9905	Tolan's Darkwood Bracer	wrist1
Tolan's Darkwood Armor	Kunark (Trakanon / Venril Sathir)	RNG	9907	Tolan's Darkwood Gauntlets	hands
Tolan's Darkwood Armor	Kunark (Trakanon / Venril Sathir)	RNG	9908	Tolan's Darkwood Greaves	legs
Tolan's Darkwood Armor	Kunark (Trakanon / Venril Sathir)	RNG	9904	Tolan's Darkwood Boots	feet
Troubadour Armor	Kael Drakkel	BRD	10058	Troubadour's Helm	head
Troubadour Armor	Kael Drakkel	BRD	10055	Troubadour's Breastplate	chest
Troubadour Armor	Kael Drakkel	BRD	10059	Troubadour's Vambraces	arms
Troubadour Armor	Kael Drakkel	BRD	10054	Troubadour's Bracer	wrist1
Troubadour Armor	Kael Drakkel	BRD	10056	Troubadour's Gauntlets	hands
Troubadour Armor	Kael Drakkel	BRD	10057	Troubadour's Greaves	legs
Troubadour Armor	Kael Drakkel	BRD	10053	Troubadour's Boots	feet
Twilight Armor	Skyshrine	BRD	4419	Helm of Twilight	head
Twilight Armor	Skyshrine	BRD	1229	Breastplate of Twilight	chest
Twilight Armor	Skyshrine	BRD	10269	Vambraces of Twilight	arms
Twilight Armor	Skyshrine	BRD	1186	Bracer of Twilight	wrist1
Twilight Armor	Skyshrine	BRD	3710	Gauntlets of Twilight	hands
Twilight Armor	Skyshrine	BRD	4155	Greaves of Twilight	legs
Twilight Armor	Skyshrine	BRD	1116	Boots of Twilight	feet
Twisted Nature Armor	Plane of Mischief	DRU	10116	Twisted Nature Crown	head
Twisted Nature Armor	Plane of Mischief	DRU	10115	Twisted Nature Chestguard	chest
Twisted Nature Armor	Plane of Mischief	DRU	10112	Twisted Nature Armband	arms
Twisted Nature Armor	Plane of Mischief	DRU	10114	Twisted Nature Bracer	wrist1
Twisted Nature Armor	Plane of Mischief	DRU	10117	Twisted Nature Gloves	hands
Twisted Nature Armor	Plane of Mischief	DRU	10118	Twisted Nature Leggings	legs
Twisted Nature Armor	Plane of Mischief	DRU	10113	Twisted Nature Boots	feet
Ulthork Hide Armor	Eastern Wastes	WAR,CLR,PAL,RNG,SHD,DRU,MNK,BRD,ROG,SHM	10134	Ulthork Hide Bracer	wrist1
Ulthork Hide Armor	Eastern Wastes	WAR,CLR,PAL,RNG,SHD,DRU,MNK,BRD,ROG,SHM	10138	Ulthork Hide Skullcap	head
Ulthork Hide Armor	Eastern Wastes	WAR,CLR,PAL,RNG,SHD,DRU,MNK,BRD,ROG,SHM	10135	Ulthork Hide Collar	neck
Ulthork Hide Armor	Eastern Wastes	WAR,CLR,PAL,RNG,SHD,DRU,MNK,BRD,ROG,SHM	10136	Ulthork Hide Gloves	hands
Ulthork Hide Armor	Eastern Wastes	WAR,CLR,PAL,RNG,SHD,DRU,MNK,BRD,ROG,SHM	10133	Ulthork Hide Boots	feet
Ulthork Hide Armor	Eastern Wastes	WAR,CLR,PAL,RNG,SHD,DRU,MNK,BRD,ROG,SHM	10137	Ulthork Hide Legs	legs
Ulthork Hide Armor	Eastern Wastes	WAR,CLR,PAL,RNG,SHD,DRU,MNK,BRD,ROG,SHM	10132	Ulthork Hide Arms	arms
Ulthork Hide Armor	Eastern Wastes	WAR,CLR,PAL,RNG,SHD,DRU,MNK,BRD,ROG,SHM	10139	Ulthork Hide Tunic	chest
Valorium Armor	Plane of Fear	PAL	10254	Valorium Boots	feet
Valorium Armor	Plane of Fear	PAL	10255	Valorium Bracers	wrist1
Valorium Armor	Plane of Fear	PAL	10256	Valorium Chestplate	chest
Valorium Armor	Plane of Fear	PAL	10257	Valorium Gauntlets	hands
Valorium Armor	Plane of Fear	PAL	10258	Valorium Greaves	legs
Valorium Armor	Plane of Fear	PAL	10259	Valorium Helmet	head
Valorium Armor	Plane of Fear	PAL	10260	Valorium Vambraces	arms
Velium Hound Fur Armor	Western Wastes	WAR,CLR,PAL,RNG,SHD,DRU,MNK,BRD,ROG,SHM,NEC,WIZ,MAG,ENC	10338	Velium Hound Fur Moccasins	feet
Velium Hound Fur Armor	Western Wastes	WAR,CLR,PAL,RNG,SHD,DRU,MNK,BRD,ROG,SHM,NEC,WIZ,MAG,ENC	10337	Velium Hound Fur Cloak	back
Velium Hound Fur Armor	Western Wastes	WAR,CLR,PAL,RNG,SHD,DRU,MNK,BRD,ROG,SHM,NEC,WIZ,MAG,ENC	10336	Velium Hound Fur Cap	head
Velium Weapons	Dragon Necropolis	WAR,CLR,PAL,RNG,SHD,DRU,MNK,BRD,ROG,SHM,NEC,WIZ,MAG,ENC	10316	Velium Brawl Stick	primary
Velium Weapons	Dragon Necropolis	WAR,CLR,PAL,RNG,SHD,DRU,MNK,BRD,ROG,SHM,NEC,WIZ,MAG,ENC	10318	Velium Claidhmore	primary
Velium Weapons	Dragon Necropolis	WAR,CLR,PAL,RNG,SHD,DRU,MNK,BRD,ROG,SHM,NEC,WIZ,MAG,ENC	10382	Velium War Lance	primary
Velium Weapons	Dragon Necropolis	WAR,CLR,PAL,RNG,SHD,DRU,MNK,BRD,ROG,SHM,NEC,WIZ,MAG,ENC	10387	Velium Warsword	primary
Velium Weapons	Dragon Necropolis	WAR,CLR,PAL,RNG,SHD,DRU,MNK,BRD,ROG,SHM,NEC,WIZ,MAG,ENC	10342	Velium Knuckledusters	primary
Vermiculated Armor	Plane of Fear	DRU	10401	Vermiculated Boots	feet
Vermiculated Armor	Plane of Fear	DRU	10402	Vermiculated Bracelet	wrist1
Vermiculated Armor	Plane of Fear	DRU	10403	Vermiculated Crown	head
Vermiculated Armor	Plane of Fear	DRU	10404	Vermiculated Gloves	hands
Vermiculated Armor	Plane of Fear	DRU	10405	Vermiculated Leggings	legs
Vermiculated Armor	Plane of Fear	DRU	10400	Vermiculated Armplates	arms
Vermiculated Armor	Plane of Fear	DRU	10406	Vermiculated Tunic	chest
Warlock's Armor	Thurgadin	NEC	10500	Warlock's Crown	head
Warlock's Armor	Thurgadin	NEC	10503	Warlock's Robe	chest
Warlock's Armor	Thurgadin	NEC	10504	Warlock's Sleeves	arms
Warlock's Armor	Thurgadin	NEC	10505	Warlock's Wristguard	wrist1
Warlock's Armor	Thurgadin	NEC	10501	Warlock's Gloves	hands
Warlock's Armor	Thurgadin	NEC	10502	Warlock's Pantaloons	legs
Warlock's Armor	Thurgadin	NEC	10499	Warlock's Boots	feet
Warlord's Armor	Kael Drakkel	WAR	10508	Warlord's Breastplate	chest
Warlord's Armor	Kael Drakkel	WAR	10511	Warlord's Greaves	legs
Warlord's Armor	Kael Drakkel	WAR	10509	Warlord's Crown	head
Warlord's Armor	Kael Drakkel	WAR	2227	Custom Warlord's Crown	head
Warlord's Armor	Kael Drakkel	WAR	10512	Warlord's Vambraces	arms
Warlord's Armor	Kael Drakkel	WAR	10507	Warlord's Bracer	wrist1
Warlord's Armor	Kael Drakkel	WAR	10510	Warlord's Gauntlets	hands
Warlord's Armor	Kael Drakkel	WAR	10506	Warlord's Boots	feet
Warrior Kael Armor	Kael Drakkel	WAR	10509	Warlord's Crown	head
Warrior Kael Armor	Kael Drakkel	WAR	10508	Warlord's Breastplate	chest
Warrior Kael Armor	Kael Drakkel	WAR	10512	Warlord's Vambraces	arms
Warrior Kael Armor	Kael Drakkel	WAR	10507	Warlord's Bracer	wrist1
Warrior Kael Armor	Kael Drakkel	WAR	10510	Warlord's Gauntlets	hands
Warrior Kael Armor	Kael Drakkel	WAR	10511	Warlord's Greaves	legs
Warrior Kael Armor	Kael Drakkel	WAR	10506	Warlord's Boots	feet
Warrior Thurgadin Armor	Thurgadin	WAR	1589	Champion's Crown	head
Warrior Thurgadin Armor	Thurgadin	WAR	1588	Champion's Breastplate	chest
Warrior Thurgadin Armor	Thurgadin	WAR	1593	Champion's Vambraces	arms
Warrior Thurgadin Armor	Thurgadin	WAR	1587	Champion's Bracer	wrist1
Warrior Thurgadin Armor	Thurgadin	WAR	1590	Champion's Gauntlets	hands
Warrior Thurgadin Armor	Thurgadin	WAR	1591	Champion's Greaves	legs
Warrior Thurgadin Armor	Thurgadin	WAR	1586	Champion's Boots	feet
Weighted Velium Weapons	Dragon Necropolis	WAR,PAL,RNG,SHD	10547	Weighted Velium Battle Axe	primary
Weighted Velium Weapons	Dragon Necropolis	WAR,PAL,RNG,SHD	10549	Weighted Velium Brawl Stick	primary
Well-Balanced Weapons	East Commonlands	WAR,PAL,RNG,SHD,DRU,BRD,ROG	10550	Well-Balanced Long Sword	primary
Well-Balanced Weapons	East Commonlands	WAR,PAL,RNG,SHD,DRU,BRD,ROG	10551	Well-Balanced Rapier	primary
Well-Balanced Weapons	East Commonlands	WAR,PAL,RNG,SHD,DRU,BRD,ROG	10552	Well-Balanced Scimitar	primary
Well-Balanced Weapons	East Commonlands	WAR,PAL,RNG,SHD,DRU,BRD,ROG	10553	Well-Balanced Two-Handed Axe	primary
Well-Balanced Weapons	East Commonlands	WAR,PAL,RNG,SHD,DRU,BRD,ROG	10554	Well-Balanced Two-Handed Sword	primary
White Lotus Armor	Skyshrine	MNK	10604	White Lotus Headband	head
White Lotus Armor	Skyshrine	MNK	10603	White Lotus Chest Wraps	chest
White Lotus Armor	Skyshrine	MNK	10602	White Lotus Arm Wraps	arms
White Lotus Armor	Skyshrine	MNK	10607	White Lotus Wrist Wraps	wrist1
White Lotus Armor	Skyshrine	MNK	3392	Fist of the White Lotus	hands
White Lotus Armor	Skyshrine	MNK	10605	White Lotus Pants	legs
White Lotus Armor	Skyshrine	MNK	10606	White Lotus Slippers	feet
Wily Warlock Armor	Plane of Mischief	WIZ	10637	Wily Warlock Crown	head
Wily Warlock Armor	Plane of Mischief	WIZ	10641	Wily Warlock Robe	chest
Wily Warlock Armor	Plane of Mischief	WIZ	10642	Wily Warlock Sleeves	arms
Wily Warlock Armor	Plane of Mischief	WIZ	10636	Wily Warlock Bracer	wrist1
Wily Warlock Armor	Plane of Mischief	WIZ	10639	Wily Warlock Gloves	hands
Wily Warlock Armor	Plane of Mischief	WIZ	10640	Wily Warlock Pants	legs
Wind Etched Armor Set	Plane of Sky	PAL	10644	Wind Etched Boots of Ro	feet
Wind Etched Armor Set	Plane of Sky	PAL	10645	Wind Etched Bracers of Ro	wrist1
Wind Etched Armor Set	Plane of Sky	PAL	10646	Wind Etched Gauntlets of Ro	hands
Wind Etched Armor Set	Plane of Sky	PAL	10647	Wind Etched Helm of Ro	head
Withered Leather Armor Set	The Hole	CLR,DRU,SHM	10671	Withered Leather Belt	waist
Withered Leather Armor Set	The Hole	CLR,DRU,SHM	10672	Withered Leather Boots	feet
Withered Leather Armor Set	The Hole	CLR,DRU,SHM	10673	Withered Leather Cloak	back
Withered Leather Armor Set	The Hole	CLR,DRU,SHM	10674	Withered Leather Gloves	hands
Withered Leather Armor Set	The Hole	CLR,DRU,SHM	10675	Withered Leather Gorget	neck
Withered Leather Armor Set	The Hole	CLR,DRU,SHM	10676	Withered Leather Leggings	legs
Withered Leather Armor Set	The Hole	CLR,DRU,SHM	10677	Withered Leather Mask	face
Withered Leather Armor Set	The Hole	CLR,DRU,SHM	10678	Withered Leather Shoulderpads	shoulders
Withered Leather Armor Set	The Hole	CLR,DRU,SHM	10679	Withered Leather Skullcap	head
Withered Leather Armor Set	The Hole	CLR,DRU,SHM	10680	Withered Leather Sleeves	arms
Withered Leather Armor Set	The Hole	CLR,DRU,SHM	10681	Withered Leather Tunic	chest
Withered Leather Armor Set	The Hole	CLR,DRU,SHM	10682	Withered Leather Wristbands	wrist1
Worked Dragon Armor		WAR,CLR,PAL,RNG,SHD,BRD,ROG,SHM	10820	Worked Dragonhide Breastplate	chest
Worked Dragon Armor		WAR,CLR,PAL,RNG,SHD,BRD,ROG,SHM	10823	Worked Dragonhorn Bracers	wrist1
Worked Dragon Armor		WAR,CLR,PAL,RNG,SHD,BRD,ROG,SHM	10827	Worked Dragonspine Vambraces	arms
Worked Dragon Armor		WAR,CLR,PAL,RNG,SHD,BRD,ROG,SHM	10821	Worked Dragonhide Gauntlets	hands
Worked Dragon Armor		WAR,CLR,PAL,RNG,SHD,BRD,ROG,SHM	10826	Worked Dragonskull Helm	head
Worked Dragon Armor		WAR,CLR,PAL,RNG,SHD,BRD,ROG,SHM	10824	Worked Dragonleg Breeches	legs
Worked Dragon Armor		WAR,CLR,PAL,RNG,SHD,BRD,ROG,SHM	10828	Worked Dragonwing Cloak	back
Worked Dragon Armor		WAR,CLR,PAL,RNG,SHD,BRD,ROG,SHM	10829	Worked Dragonwing Mantle	shoulders
Worked Dragon Armor		WAR,CLR,PAL,RNG,SHD,BRD,ROG,SHM	10825	Worked Dragonskin Mask	face
Worked Dragon Armor		WAR,CLR,PAL,RNG,SHD,BRD,ROG,SHM	10819	Worked Dragonhide Belt	waist
Worked Dragon Armor		WAR,CLR,PAL,RNG,SHD,BRD,ROG,SHM	10822	Worked Dragonhorn Boots	feet
Woven Armor Set	Upper Guk	WAR,CLR,PAL,RNG,SHD,DRU,MNK,BRD,ROG,SHM,NEC,WIZ,MAG,ENC	10846	Woven Cap	head
Woven Armor Set	Upper Guk	WAR,CLR,PAL,RNG,SHD,DRU,MNK,BRD,ROG,SHM,NEC,WIZ,MAG,ENC	10847	Woven Cape	back
Woven Armor Set	Upper Guk	WAR,CLR,PAL,RNG,SHD,DRU,MNK,BRD,ROG,SHM,NEC,WIZ,MAG,ENC	10849	Woven Collar	neck
Woven Armor Set	Upper Guk	WAR,CLR,PAL,RNG,SHD,DRU,MNK,BRD,ROG,SHM,NEC,WIZ,MAG,ENC	10853	Woven Girth	waist
Woven Armor Set	Upper Guk	WAR,CLR,PAL,RNG,SHD,DRU,MNK,BRD,ROG,SHM,NEC,WIZ,MAG,ENC	10854	Woven Gloves	hands
Woven Armor Set	Upper Guk	WAR,CLR,PAL,RNG,SHD,DRU,MNK,BRD,ROG,SHM,NEC,WIZ,MAG,ENC	10864	Woven Leggings	legs
Woven Armor Set	Upper Guk	WAR,CLR,PAL,RNG,SHD,DRU,MNK,BRD,ROG,SHM,NEC,WIZ,MAG,ENC	10865	Woven Mantle	shoulders
Woven Armor Set	Upper Guk	WAR,CLR,PAL,RNG,SHD,DRU,MNK,BRD,ROG,SHM,NEC,WIZ,MAG,ENC	10866	Woven Mask	face
Woven Armor Set	Upper Guk	WAR,CLR,PAL,RNG,SHD,DRU,MNK,BRD,ROG,SHM,NEC,WIZ,MAG,ENC	10875	Woven Sleeves	arms
Woven Armor Set	Upper Guk	WAR,CLR,PAL,RNG,SHD,DRU,MNK,BRD,ROG,SHM,NEC,WIZ,MAG,ENC	10876	Woven Tunic	chest
Woven Armor Set	Upper Guk	WAR,CLR,PAL,RNG,SHD,DRU,MNK,BRD,ROG,SHM,NEC,WIZ,MAG,ENC	10878	Woven Wristbands	wrist1
Woven Grass Armor	Skyshrine	DRU	10861	Woven Grass Headband	head
Woven Grass Armor	Skyshrine	DRU	10858	Woven Grass Chestguard	chest
Woven Grass Armor	Skyshrine	DRU	10862	Woven Grass Vambraces	arms
Woven Grass Armor	Skyshrine	DRU	10857	Woven Grass Bracelet	wrist1
Woven Grass Armor	Skyshrine	DRU	10859	Woven Grass Gauntlets	hands
Woven Grass Armor	Skyshrine	DRU	10860	Woven Grass Greaves	legs
Woven Grass Armor	Skyshrine	DRU	10856	Woven Grass Boots	feet
Woven Shadow Armor	Plane of Hate	ROG	10867	Woven Shadow Boots	feet
Woven Shadow Armor	Plane of Hate	ROG	10868	Woven Shadow Bracer	wrist1
Woven Shadow Armor	Plane of Hate	ROG	10869	Woven Shadow Chestplate	chest
Woven Shadow Armor	Plane of Hate	ROG	10870	Woven Shadow Gauntlets	hands
Woven Shadow Armor	Plane of Hate	ROG	10871	Woven Shadow Greaves	legs
Woven Shadow Armor	Plane of Hate	ROG	10872	Woven Shadow Helm	head
Woven Shadow Armor	Plane of Hate	ROG	10873	Woven Shadow Vambraces	arms
Wrapped Velium Weapons	Dragon Necropolis	WAR,CLR,PAL,RNG,SHD,DRU,MNK,ROG,SHM,NEC,WIZ,MAG,ENC	10882	Wrapped Velium Bow	range
Wrapped Velium Weapons	Dragon Necropolis	WAR,CLR,PAL,RNG,SHD,DRU,MNK,ROG,SHM,NEC,WIZ,MAG,ENC	10883	Wrapped Velium Brawl Stick	primary
Wu's Fighting Armor Set	Crafted	MNK	10898	Wu's Fighting Cap	head
Wu's Fighting Armor Set	Crafted	MNK	10899	Wu's Fighting Cloak	back
Wu's Fighting Armor Set	Crafted	MNK	10900	Wu's Fighting Collar	neck
Wu's Fighting Armor Set	Crafted	MNK	10901	Wu's Fighting Gauntlets	hands
Wu's Fighting Armor Set	Crafted	MNK	10902	Wu's Fighting Mantle	shoulders
Wu's Fighting Armor Set	Crafted	MNK	10903	Wu's Fighting Mask	face
Wu's Fighting Armor Set	Crafted	MNK	10904	Wu's Fighting Pantaloons	legs
Wu's Fighting Armor Set	Crafted	MNK	10905	Wu's Fighting Sash	waist
Wu's Fighting Armor Set	Crafted	MNK	10906	Wu's Fighting Shirt	chest
Wu's Fighting Armor Set	Crafted	MNK	10907	Wu's Fighting Sleeves	arms
Wu's Fighting Armor Set	Crafted	MNK	10908	Wu's Fighting Slippers	feet
Wu's Fighting Armor Set	Crafted	MNK	10909	Wu's Fighting Wristbands	wrist1
