planner_item_id	peq_item_id	item_name	icon_id
1	27263	100' of Waterproofed Rope	1140
2	14549	10 Dose Adrenaline Tap	697
3	14536	10 Dose Ant's Potion	698
4	14534	10 Dose Blood of the Wolf	699
5	14542	10 Dose Ethira's Poison Antidote	705
6	14527	10 Dose Greater Null Potion	692
7	14526	10 Dose Greater Potion of Antibody	808
8	14528	10 Dose Greater Potion of Cold	693
9	14529	10 Dose Greater Potion of Heat	694
10	14547	10 Dose Greater Potion of Negation	707
11	14530	10 Dose Greater Potion of Purity	695
12	14493	10 Dose Greater Potion of Vigor	600
13	14539	10 Dose Kilva's Blistering Flesh	702
14	14548	10 Dose Kilva's Skin of Flame	702
15	14543	10 Dose Kithar's Disease Treatment	706
16	14478	10 Dose Minor Null Potion	692
17	14479	10 Dose Minor Potion of Cold	693
18	14480	10 Dose Minor Potion of Heat	694
19	14489	10 Dose Null Potion	692
20	14540	10 Dose Potion of Antiweight	703
21	14541	10 Dose Potion of Aquatic Haunt	704
22	14483	10 Dose Potion of Cohesion	599
23	14490	10 Dose Potion of Cold	693
24	14464	10 Dose Potion of Dulsehound	697
25	14470	10 Dose Potion of Graveyard Dust	585
26	14476	10 Dose Potion of Lesser Power	806
27	14473	10 Dose Potion of Lesser Stability	585
28	14471	10 Dose Potion of Lesser Vigor	600
29	14487	10 Dose Potion of Power	806
30	14532	10 Dose Potion of Rejuvenation	696
31	14546	10 Dose Potion of Spirit Shield	701
32	14468	10 Dose Potion of Stinging Wort	705
33	14545	10 Dose Potion of Unlife Awareness	698
34	14482	10 Dose Potion of Vigor	600
35	14576	10 Dose Potion of the Bone Field	806
36	14570	10 Dose Potion of the Frost	806
37	14571	10 Dose Potion of the Swamp	806
38	14537	10 Dose Serpent's Conviction	700
39	14535	10 Dose Vial of Tamed Mercury	697
40	14533	10 Doses of Greater Rejuvenation	696
41	14531	10 Doses of Lesser Rejuvenation	696
42	10610	1st Piece of Staff	686
43	10611	2nd Piece of Staff	686
44	22536	2x Brewed 2x Stout Dwarven Ale	702
45	10612	3rd Piece of Staff	686
46	10613	4th Piece of Staff	686
47	14297	5 Dose Adrenaline Tap	697
48	14284	5 Dose Ant's Potion	698
49	14282	5 Dose Blood of the Wolf	699
50	14290	5 Dose Ethira's Poison Antidote	705
51	14275	5 Dose Greater Null Potion	692
52	14268	5 Dose Greater Potion of Vigor	600
53	14296	5 Dose Kilva's Skin of Flame	702
54	14253	5 Dose Minor Null Potion	692
55	14289	5 Dose Potion of Aquatic Haunt	704
56	14258	5 Dose Potion of Cohesion	599
57	14265	5 Dose Potion of Cold	693
58	14197	5 Dose Potion of Lesser Stability	585
59	14195	5 Dose Potion of Lesser Vigor	600
60	14293	5 Dose Potion of Unlife Awareness	698
61	14257	5 Dose Potion of Vigor	600
62	14575	5 Dose Potion of the Bone Field	806
63	14298	5 Dose Potion of the Frost	806
64	14299	5 Dose Potion of the Swamp	806
65	14283	5 Dose Vial of Tamed Mercury	697
66	17931	A 'Sparkle' Purse	582
67	12305	A Bar of Ronium	1092
68	18160	A Bardic Letter (Kelethin)	866
69	24551	A Black Crown	653
70	24552	A Black Knight	654
71	24553	A Black Squire	649
72	24550	A Black Throne	651
73	24559	A Blue Crown	653
74	24560	A Blue Knight	654
75	24561	A Blue Squire	649
76	24558	A Blue Throne	651
77	12712	A Bone Key	1078
78	12713	A Bone Necklace	502
79	18116	A Bowyers Guide	778
80	13882	A Box of Bones	836
81	11947	A Broken Vine	813
82	12711	A Bronze Key	1077
83	16544	A Broom	889
84	20881	A Burnt Sash	938
85	12977	A Canine	801
86	12756	A Chant Rock	944
87	12837	A Copper Key	1077
88	12844	A Cracked Femur	905
89	13357	A Cracked Stein	708
90	13355	A Crude Stein	708
91	12309	A Dark Cauldron	1017
92	5404	A Dark Reaver	519
93	13712	A Doll	720
94	6705	a Dusty Ribcage	974
95	12394	A Dusty Sealed Canopic	1018
96	11706	A Faded Salil's Writ Page	870
97	11579	A Farsight Crystal	507
98	12734	A Froglok Hex Doll	1007
99	2410	A Ghoul's Heart	1003
100	25449	A Giant's Broom	889
101	12671	A Giant Blood Sac	820
102	24877	A Gigantic Kromzek Pick	888
103	12339	A Glimmering Fairie Wing	1146
104	12401	A Glowing Skull	1070
105	24870	A Gossamer Wing	908
106	10361	A Gypsy Medallion	566
107	0	A Hallowed Pixie's Rib	514
108	13861	A Jar of Liquid	1006
109	12737	A Koada'Dal Blood Doll	1007
110	9510	A Library Card	867
111	12995	A Locked Chest	836
112	12312	A Locket	1147
113	12727	A Mandible	1125
114	12979	A Metal Pipe	601
115	29656	A Mischievous Dazzler Doll	720
116	5401	A Mithril Two-Handed Sword	519
117	13881	A Nicked Coin	645
118	13361	A Noble's Crest	754
119	18214	A Page of a Poem	504
120	18220	A Page of A Tome	504
121	2414	A Pendant	1043
122	6883	A Rabbit Foot	743
123	11948	A Rare Leaf	795
124	24555	A Red Crown	653
125	24556	A Red Knight	654
126	24557	A Red Squire	649
127	24554	A Red Throne	651
128	14041	A Rolled Up Note	861
129	11949	A Root	1203
130	12896	A Ruby	964
131	12898	A Sapphire	954
132	12982	A Sarnak War Braid	1132
133	12830	A Scarlet Stone	964
134	12846	A Scorpion Telson	1123
135	18079	A Scroll	504
136	12270	A Sealed Letter	682
137	12270	A Sealed Letter	866
138	18835	A Sealed List	866
139	10406	A Shimmering Orb	973
140	10085	A Shining Stone	945
141	16545	A Shovel	891
142	18170	A Singed Scroll	861
143	12826	A Skeleton Fist	743
144	17034	A Skull Chest	609
145	18824	A Slip of Parchment	870
146	9968	A Smelly Sealed Bag	539
147	12349	A Sparkling Sapphire	968
148	10013	A Special Fire Emerald	962
149	14018	A Spider Venom Sac	819
150	16849	A Split Paw	743
151	12191	A Spore Mushroom	854
152	12710	A Steel Key	1081
153	12708	A Stone Key	1079
154	19985	A Strange Dark Fungus	819
155	16548	A Strategic Map of Kithicor	504
156	0	A Tattered Book	865
157	18052	A Tattered Note	504
158	18052	A Tattered Note	504
159	16546	A Torch	547
160	12955	A Tump Stump	978
161	11952	A Twisted Stalk	1222
162	13351	A Very Large Pelt	554
163	1794	A Vile Substance	1158
164	11543	A Weighted Axe	1164
165	13239	A Werebat Wing	791
166	24563	A White Crown	653
167	24564	A White Knight	654
168	24565	A White Squire	649
169	24562	A White Throne	651
170	11950	A Wolf Scale	1233
171	12334	A Wooden Heart	1003
172	9979	A Worn Candle	1127
173	18905	A Worn Rune	504
174	12890	A Yellow Whip	596
175	18314	A captured message	869
176	1863	A chipped fang	1227
177	10538	A fungus eye	885
178	18944	A note	864
179	7331	A shadowed knife	592
180	10534	A skeletal finger	804
181	10533	A skeletal toe	804
182	16548	A Strategic Map of Kithicor	504
183	18052	a tattered note	504
184	4413	Abalone Gorget	626
185	12278	Abandoned Orc Shovel	891
186	31242	Abashi`s Rod of Disempowerment	602
187	0	Abhorrent Powder	1074
188	2187	Abjurer's Earring	756
189	18963	About Ogre Splintmail	504
190	18948	About Seafarer Ringmail	504
191	1715	Abram's Axe of the Stoic	1166
192	14058	Aching Blood	806
193	5656	Acid Etched War Sword	1177
194	14087	Acidic Dissolver	806
195	20736	Acidic Venom	1006
196	1731	Acolyte's Anklet	1124
197	16497	Acorn Oil	1006
198	2366	Acumen Mask	1063
199	14749	Adamantite Armband	521
200	10151	Adamantite Band	878
201	6656	Adamantite Bo Stick	602
202	10471	Adamantite Chain Jointing	620
203	6604	Adamantite Club	737
204	4402	Adamantite Epaulets	798
205	10493	Adamantite Rings	1032
206	20828	Adamantium Bands	873
207	30163	Adamantium Coldain Insignia Ring	614
208	20774	Adamantium Earring	534
209	1467	Adarra's bow of the Unseen	1104
210	1467	Adarra's Bow of the Unseen	1104
211	14454	Adrenaline Tap	697
212	20946	Adumbrate Globe	947
213	1358	Advisor Robe	1126
214	30504	Aegis of Ice	972
215	12238	Aegis of Life	805
216	27716	Aegis of the Wind	758
217	4321	Aerated Pauldrons	798
218	6965	Aged Filthy Bastard Sword	519
219	20967	Aged Nectar	1006
220	27039	Aged Velium Claidhmore	1211
221	14564	Agilmente's Flute of Flight	751
222	9969	Aglthin's Fishing Pole	1143
223	14233	Agrimony	1197
224	13271	Air Tight Box	1144
225	31146	Akkirus' Boots of the Risen	524
226	31143	Akkirus' Bracelet of the Risen	516
227	6881	Akkirus' Chestplate of the Risen	624
228	31140	Akkirus' Crown of the Risen	523
229	31528	Akkirus' Custom Crown of the Risen	523
230	31144	Akkirus' Gauntlets of the Risen	531
231	31145	Akkirus' Greaves of the Risen	540
232	31142	Akkirus' Vambraces of the Risen	622
233	31233	Akkirus` Mask of Warfare	772
234	1271	Al`Kabor's Cap of Binding	641
235	20877	Albino Rattlesnake Eggs	871
236	27708	Aldryn, Blade of the Ocean	890
237	13039	Ale	710
238	1736	Algae Covered Flesh	823
239	19153	Algae Spices	881
240	16508	Alkanet Root	795
241	10160	Alligator Egg	969
242	14947	Alligator Eggs	871
243	13749	Alligator Skin	813
244	10161	Alligator Tooth Earring	800
245	14199	Allize Volew Medicine Bag	739
246	14220	Allspice	1201
247	20530	Alluring Horn	594
248	16992	Alocasia Root	583
249	0	Aloe	1200
250	12357	Aloe Swatch	812
251	16830	Amanita Phalloide	1206
252	10022	Amber	951
253	27222	Amcilla's Talisman	510
254	20750	Amethyst Amulet	752
255	10149	Amethyst Bracelet	520
256	14081	Amnesic Lolium	808
257	2411	Amstaf's Scroll	682
258	30515	Amulet of Insight	1053
259	11646	Amulet of Necropotence	510
260	14556	Amulet of Planar Transference	566
261	20827	Amulet of Woven Hair	754
262	31318	Amulet of the Dreadgazer	754
263	27723	Amulet of the Fae	1043
264	27726	Amulet of the Fang	1043
265	27705	Amulet of the Sphinx Eye	753
266	31330	Amulet of the Storm	1058
267	27710	Amulet of the Void	566
268	5520	Amygdalan Tendril	596
269	13725	An Alligator Tooth	803
270	12899	An Emerald	958
271	12854	An Illegible Note	504
272	12709	An Iron Key	1081
273	0	An Oaken Scimitar	604
274	18143	An Old Delivered Book	865
275	12821	An Outlander's Head	980
276	1781	An encrypted document	682
277	20667	Ancient Sword Blade	890
278	12770	Ancient Coin	645
279	31344	Ancient Fire Etched Flamberge	519
280	24727	Ancient Fishing Pole	749
281	24917	Ancient Leather Boots	633
282	24918	Ancient Leather Bracelet	637
283	24919	Ancient Leather Cap	640
284	24920	Ancient Leather Gloves	636
285	24915	Ancient Leather Leggings	635
286	24916	Ancient Leather Sleeves	634
287	24914	Ancient Leather Tunic	632
288	20477	Ancient Longsword	590
289	18960	Ancient Pattern	504
290	31313	Ancient Pirate's Eyepatch	595
291	20688	Ancient Rock	734
292	1714	Ancient Rusted Key	1079
293	24736	Ancient Seahorse Hide Cloak	661
294	4582	Ancient Shissar Gauntlet	531
295	24924	Ancient Silk Boots	633
296	24927	Ancient Silk Gloves	517
297	24922	Ancient Silk Pantaloons	631
298	24921	Ancient Silk Robe	1126
299	24923	Ancient Silk Sleeves	670
300	24926	Ancient Silk Turban	1121
301	24925	Ancient Silk Wristband	638
302	6950	Ancient Snake Fang	801
303	6948	Ancient Snake Rattle	1122
304	6947	Ancient Snake Skin	813
305	20667	Ancient Sword Blade	890
306	24900	Ancient Tarnished Breastplate	624
307	24910	Ancient Tarnished Chain Boots	844
308	24911	Ancient Tarnished Chain Bracer	620
309	24912	Ancient Tarnished Chain Coif	625
310	24913	Ancient Tarnished Chain Gauntlets	846
311	24908	Ancient Tarnished Chain Leggings	630
312	24909	Ancient Tarnished Chain Sleeves	543
313	24907	Ancient Tarnished Chain Tunic	538
314	24901	Ancient Tarnished Greaves	540
315	24903	Ancient Tarnished Plate Boots	545
316	24904	Ancient Tarnished Plate Bracelet	671
317	24906	Ancient Tarnished Plate Gauntlets	531
318	24905	Ancient Tarnished Plate Helmet	746
319	24902	Ancient Tarnished Vambraces	546
320	12429	Ancient Thin Flute	1022
321	6949	Ancient Venom Sack	818
322	31332	Ancient Wurm Hide Greaves	635
323	31333	Ancient Wurm Hide Robe	931
324	31388	Ancient Wyvern Hide Boots	633
325	31386	Ancient Wyvern Hide Leggings	635
326	31387	Ancient Wyvern Hide Sleeves	634
327	31385	Ancient Wyvern Hide Tunic	632
328	12018	Animal Cookie Mold	1151
329	20923	Animal Figurine	895
330	13486	Animal Shaped Cookie	785
331	13436	Animal Shaped Cookie Cutter	1008
332	16912	Animal Template	861
333	16864	Animated Bait	766
334	9981	Animated Shield	676
335	9977	Animated Sword2	569
336	9975	Animated Sword4	519
337	5717	Anklesmasher	903
338	14441	Ant's Potion	698
339	14055	Anti-Element	806
340	10308	Anti-Poison Amulet	566
341	10350	Antiqued Silver Band	880
342	25084	Antlered Mask	771
343	21518	Antonian Javelin	776
344	21549	Antonian Long Sword	590
345	1245	Apothic Boots	633
346	1239	Apothic Crown	523
347	1243	Apothic Gloves	636
348	1244	Apothic Kilt	843
349	1240	Apothic Robe	930
350	1241	Apothic Sleeves	634
351	1242	Apothic Warband	516
352	20659	Apprentice Ring	1148
353	15902	Apprentice Rune (Azia)	967
354	15903	Apprentice Rune (Beza)	967
355	15917	Apprentice Rune (Complete)	967
356	4260	Apprentice Skullcap - 1st Rank	1070
357	4261	Apprentice Skullcap - 2nd Rank	1070
358	4262	Apprentice Skullcap - 3rd Rank	1070
359	28067	Aqua Goblin Backbone	907
360	28062	Aqua Goblin Blood Vial	1159
361	27662	Aqua Goblin Foot	743
362	28066	Aqua Goblin Head	920
363	27660	Aqua Goblin Headdress	1237
364	27667	Aqua Goblin Tongue	1087
365	16873	Aqualung	1023
366	16017	Aquamarine	946
367	14334	Arantir's Ring	1064
368	5612	Arbitor's Combine Greatsword	519
369	1712	Arcanum of Rosh	778
370	31076	Arch Mage's Boots	633
371	31070	Arch Mage's Crown	523
372	31074	Arch Mage's Gloves	636
373	31075	Arch Mage's Pantaloons	635
374	31071	Arch Mage's Robe	930
375	31072	Arch Mage's Sleeves	634
376	31073	Arch Mage's Warband	516
377	17405	Archeologist Pack	884
378	19125	Arctic King Crab	926
379	19122	Arctic Mussels	998
380	19123	Arctic Scallop	998
381	24818	Arctic Wyvern Belt	564
382	24823	Arctic Wyvern Boots	633
383	24817	Arctic Wyvern Cloak	660
384	24821	Arctic Wyvern Gloves	636
385	24814	Arctic Wyvern Gorget	643
386	28511	Arctic Wyvern Hide	835
387	24822	Arctic Wyvern Leggings	635
388	24813	Arctic Wyvern Mask	771
389	24816	Arctic Wyvern Shoulderpads	668
390	24812	Arctic Wyvern Skullcap	640
391	24819	Arctic Wyvern Sleeves	634
392	24815	Arctic Wyvern Tunic	632
393	24820	Arctic Wyvern Wristbands	637
394	25179	Arena Ticket	867
395	5622	Argent Defender	1176
396	5840	Argent Protector	1176
397	9912	Armadillo Carapace	927
398	13163	Armadillo Hide	680
399	19195	Armadillo Husk	680
400	19194	Armadillo Meat	817
401	19189	Armadillo Simmer Ale	829
402	9915	Armadillo Tooth	802
403	9915	Armadillo Tooth	802
404	18113	Armor and Weapons Guide	778
405	8005	Arrow	598
406	10763	Arrow Shaft Mold	1151
407	12323	Arrow of Acknowledgment	598
408	12326	Arrow of Bravery	598
409	8303	Arrow of Contagion	598
410	12324	Arrow of Defiance	598
411	8300	Arrow of Fire	598
412	12327	Arrow of Fortitude	598
413	8304	Arrow of Frost	598
414	12325	Arrow of Gallantry	598
415	8301	Arrow of Lightning	598
416	8302	Arrow of Poison	598
417	12322	Arrow of Recognition	598
418	8305	Arrow of Stunning	598
419	18279	Art of Idol Sculpting	870
420	27732	Arydryidriyorn	575
421	16835	Ash Hornet Venom	819
422	5517	Ashenbone Abbasi	1165
423	5518	Ashenbone Axe	1164
424	9402	Ashenbone Shield	974
425	0	Ashenbone Warhammer	581
426	7308	Ashenwood Short Spear	740
427	16991	Ashroot	583
428	14927	Ashweed	795
429	8082	Ashwood Bow Staff	601
430	16997	Asmag Weed	911
431	14033	Asp Poison	808
432	16984	Asp Poison Sac	820
433	25485	Assassin's Boots	779
434	25482	Assassin's Bracer	620
435	25484	Assassin's Chain Leggings	630
436	25481	Assassin's Chain Sleeves	543
437	25480	Assassin's Chestguard	538
438	25479	Assassin's Coif	625
439	25483	Assassin's Gauntlets	526
440	2426	Assembled Naginata	736
441	2573	Astral Cloak of the Titans	839
442	2575	Astral Leggings of the Titans	635
443	0	Athropic Sap	808
444	27216	Atpaev's Talisman	510
445	9408	Atramentous Shield	676
446	14057	Atrophic Sap	808
447	20934	Auburn Tessera	734
448	20741	Augmentor's Gem	1136
449	1272	Augmentor's Mask	528
450	12414	Autopsy Apron	564
451	5415	Avenger Battle Axe	568
452	13737	Aviak Charm	1056
453	12157	Aviak Chick Talon	1067
454	16549	Aviak Egg Oil	1006
455	14968	Aviak Eggs	871
456	13339	Aviak Feather	514
457	13160	Aviak Feathers	1146
458	12158	Aviak Talon	1067
459	20915	Avian Key	1146
460	5007	Axe	573
461	22077	Axe Head Mold	1151
462	5658	Axe of Lost Souls	1164
463	31357	Axe of Resistance	569
464	25004	Axe of the Frost	1166
465	11546	Axe of the Iron Back	1166
466	25196	Axe of the Kromzek Kings	1166
467	5365	Axe of the Slayers	1167
468	29330	Ayill's Aged Stone Shield	1244
469	27249	Ayillish's Talisman	510
470	19158	Azure Algae	539
471	20971	Azure Ring	1045
472	14551	Azure Ruby Ring	612
473	1361	Azure Sleeves	669
474	20930	Azure Tessera	734
475	1698	Azurite Focus	946
476	1528	Azzar's Dreadful Hat	1121
477	12204	Baby Joseph Sayer	720
478	13874	Baby Shark Remains	814
479	27714	Back Straps of Mastery	665
480	17005	Backpack	565
481	12089	Backpack Pattern	504
482	17975	Bag for Cutthroat Rings	690
483	1838	Bag of Bread Loaves	557
484	14938	Bag of Caynar Nuts	773
485	24860	Bag of Crushed Herbs	539
486	13887	Bag of Eyes n Bones	690
487	13898	Bag of Ice Necklaces	690
488	20459	Bag of Provisions	557
489	14937	Bag of Sea Salt	881
490	24863	Bag of Seeds	539
491	17354	Bag of Sewn Evil-Eye	689
492	13876	Bag of Shark Remains	690
493	13889	Bag of Snake Parts	690
494	24861	Bag of Sulfur	539
495	13703	Bag of Troll Guts	797
496	17403	Bag of the Tinkerers	557
497	13194	Baking Spirits	788
498	11940	Balanced Fer`Esh	1174
499	11938	Balanced Shan`Tok	1185
500	11942	Balanced Sheer Blade	1186
501	27012	Balanced Velium Warsword	575
502	20116	Ball of Burlap Yarn	1140
503	20677	Ball of Everliving Golem	971
504	14315	Ball of Golem Clay	695
505	24738	Ball of Kelp	734
506	25307	Ball of Velium	507
507	16527	Balm Leaves	795
508	6665	Bamboo Bo Stick	602
509	6908	Bamboo Bokken	601
510	6973	Bamboo Shoot	583
511	1507	Bamboo Splint Boots	545
512	1504	Bamboo Splint Bracelet	620
513	1497	Bamboo Splint Cape	661
514	1495	Bamboo Splint Coat	538
515	1492	Bamboo Splint Coif	625
516	1505	Bamboo Splint Gloves	526
517	1496	Bamboo Splint Mantle	769
518	1494	Bamboo Splint Neckguard	627
519	1506	Bamboo Splint Pants	540
520	1498	Bamboo Splint Skirt	562
521	1499	Bamboo Splint Sleeves	543
522	1493	Bamboo Splint Visor	770
523	6909	Bamboo Tanto Bo	601
524	6907	Bamboo Wakizashi Bo	601
525	2193	Band of Discipline	872
526	14738	Band of Eternal Flame	617
527	10352	Band of Flesh	873
528	13297	Band of Rodcet Nife	675
529	14561	Band of Screaming Winds	1148
530	13184	Band of Tunare	509
531	27713	Band of Wailing Winds	1148
532	13009	Bandages	812
533	3059	Banded Belt	562
534	3064	Banded Boots	545
535	3061	Banded Bracer	620
536	3058	Banded Cloak	661
537	3062	Banded Gauntlets	526
538	3055	Banded Gorget	627
539	3053	Banded Helm	625
540	3063	Banded Leggings	540
541	3056	Banded Mail	538
542	3057	Banded Mantle	769
543	3054	Banded Mask	770
544	12187	Banded Orc Vest	538
545	3060	Banded Sleeves	543
546	12100	Bandit Sash	935
547	17308	Bandoleer of Luclin	561
548	25408	Bangle of the Invoker	1044
549	12015	Barbarian Cookie Mold	1151
550	13249	Barbarian Femur	905
551	12225	Barbarian Head	980
552	12225	Barbarian Head	980
553	7050	Barbarian Hunting Spear	776
554	13248	Barbarian Jaw	906
555	21963	Barbarian Meat	817
556	13233	Barbarian Rib	907
557	13483	Barbarian Shaped Cookie	785
558	13433	Barbarian Shaped Cookie Cutter	1008
559	13247	Barbarian Skull	1070
560	11647	Barbarian Spiritist`s Hammer	581
561	16909	Barbarian Template	861
562	3302	Barbed Armplates	543
563	10516	Barbed Bone Chips	804
564	25029	Barbed Dragonscale Boots	633
565	25028	Barbed Dragonscale Pauldrons	798
566	5402	Barbed Leather Whip	596
567	3303	Barbed Legplates	540
568	25331	Barbed Ringmail	538
569	25334	Barbed Ringmail Gloves	526
570	25333	Barbed Ringmail Leggings	630
571	25337	Barbed Ringmail Shoulderpads	769
572	25332	Barbed Ringmail Sleeves	543
573	10899	Barbed Scale Whip	596
574	27033	Barbed Velium Spear	776
575	14580	Barbequed Erudite	816
576	14771	Bargynn's Digger	1203
577	14757	Bargynn's Torch	559
578	30063	Bark Bindings	1084
579	14519	Bark Potion	696
580	9350	Bark Shield	760
581	13379	Barkeep Compendium	778
582	16590	Barley	539
583	12174	Barma's Tongue	1087
584	3401	Barnacle-covered Pauldron	798
585	12194	Barnacle Breastplate	624
586	12779	Barracuda Bones	794
587	30059	Barracuda Liver	1236
588	12465	Barracuda Tooth	800
589	22761	Barren Flounder	775
590	31214	Barrier of Sound	972
591	4100	Basalt Carapace	927
592	19032	Basalt Drake Scales	733
593	18112	Basic Blacksmithing	778
594	18114	Basic Pottery	778
595	0	Basilisk Bracer	637
596	13164	Basilisk Egg	871
597	14950	Basilisk Eggs	871
598	16985	Basilisk Eye Stalk	819
599	14034	Basilisk Poison	808
600	12160	Basilisk Tongue	1087
601	11535	Basoon Haste Gauntlets	531
602	5004	Bastard Sword	577
603	13069	Bat Fur	792
604	26003	Bat Fur Belt	564
605	13068	Bat Wing	791
606	10108	Batfang Headband	548
607	1525	Bathide Wristband	638
608	6917	Batling Eye	885
609	6640	Baton of Faith	602
610	5838	Baton of Flame	822
611	5726	Baton of Royal Stature	686
612	10107	Batskull Earring	619
613	5003	Battle Axe	569
614	0	Battle Plans	869
615	13815	Battle Staff	601
616	5526	Battle Worn Halberd	736
617	0	Battleworn Canteen	830
618	13462	Batwing Crunchies	785
619	13599	Batwing Pie	1019
620	18808	Bayle List I	866
621	18809	Bayle List II	866
622	18810	Bayle List III	866
623	10009	Bead Necklace	848
624	10311	Beaded Slime Necklace	849
625	2904	Bear-hide Belt	564
626	2903	Bear-hide Boots	525
627	2902	Bear-hide Cape	841
628	2325	Bear-hide Jerkin	632
629	13404	Bear Meat	817
630	0	Bear Parts	817
631	19076	Bear Paw's Pelt	835
632	13472	Bear Sandwich	1020
633	25072	Bear Skins of Rage	632
634	13442	Bear Steaks	816
635	2314	Bearskin Gloves	636
636	17811	Bearskin Potion Bag	727
637	10356	Beartooth Necklace	849
638	14069	Beastchoker	806
639	11559	Beckon	579
640	13447	Beer Braised Bear	815
641	13450	Beer Braised Gator	815
642	13451	Beer Braised Lion	815
643	13448	Beer Braised Mammoth	815
644	13449	Beer Braised Rat	815
645	13446	Beer Braised Wolf	815
646	29117	Beer Stained Coldain Tunic	632
647	12612	Beetle Bake	787
648	13395	Beetle Eye Chest	608
649	13490	Beetle Eye Pie	1019
650	7229	Beetle Stinger	740
651	18037	Before Green	778
652	31077	Beguiler's Crown	511
653	31081	Beguiler's Gloves	636
654	31078	Beguiler's Robe	838
655	31079	Beguiler's Sleeves	634
656	31083	Beguiler's Slippers	666
657	31082	Beguiler's Trousers	635
658	31080	Beguiler's Wristguard	671
659	24746	Behemoth's Fangs	1179
660	2644	Beholder Optic Fluid	600
661	31325	Beldron's Vambraces of Impiety	546
662	13807	Belt Pattern	504
663	17002	Belt Pouch	561
664	12042	Belt Sectional Mold	1151
665	2920	Belt of Concordance	563
666	2921	Belt of Contention	563
667	25858	Belt of Dwarf Slaying	718
668	25060	Belt of Dwarfskulls	564
669	14780	Belt of Fire	564
670	2328	Belt of Flesh Hooks	560
671	6835	Belt of Inconsistency	564
672	2918	Belt of Iniquity	563
673	2917	Belt of Tranquility	563
674	2922	Belt of Transience	563
675	2919	Belt of Virtue	563
676	11957	Belt of the Cenobite	938
677	31334	Belt of the Destroyer	560
678	11673	Belt of the Four Winds	503
679	30072	Belt of the Great Turtle	503
680	2916	Belt of the Pine	563
681	14031	Belt of the River	572
682	1696	Bent Metallic Crystal	1092
683	14221	Benzoin	1199
684	9122	Berinsans Shirt	678
685	1461	Berradin's head	990
686	13045	Berries	1037
687	13493	Berry Pie	1019
688	25074	Berserker's Axe	1164
689	25541	Berserker's Boots	524
690	25538	Berserker's Bracer	516
691	25536	Berserker's Breastplate	624
692	25539	Berserker's Gauntlets	531
693	25540	Berserker's Greaves	540
694	25535	Berserker's Helm	746
695	25537	Berserker's Vambraces	622
696	1558	Berserkers Ring	1148
697	22142	Betherium Bark	1084
698	1550	Bile Etched Obsidian Choker	503
699	30514	Bindings of the Scribe	789
700	18106	Binelen's Quick Treats	778
701	18107	Binelen's Succulence	778
702	22822	Bioluminescent Orb	973
703	20924	Bird Whistle	510
704	16562	Birthday Cake	1065
705	16564	Birthday Cake Slice	1066
706	0	Birthwort	1200
707	16513	Bistort	795
708	25583	Bitter Blade of the Icepaw	590
709	20859	Bitter Honey	1006
710	13023	Bixie Berry Buns	1021
711	12676	Bixie Berry Pie	783
712	13464	Bixie Crunchies	785
713	20843	Bixie Essence	823
714	13499	Bixie Parts	817
715	14029	Bixie Stinger	1123
716	14029	Bixie Stinger	1123
717	20722	Bixie Sword Blade	591
718	13934	Bixie Wing	910
719	31426	Bjek's Head	920
720	3611	Black Alloy Girdle	563
721	3615	Black Alloy Medallion	753
722	28226	Black Bart's Spiced Rum	706
723	31202	Black Bear Pelt Cloak	842
724	0	Black Bees	1018
725	25091	Black Blade of Tormenting	1171
726	13107	Black Burrow Stout	827
727	4410	Black Chitin Leggings	540
728	1789	A Black Cod Card	651
729	1672	Black Dire Pelt	556
730	22118	Black Dye	1154
731	22132	Black Extract	1154
732	20728	Black Face Paint	1006
733	6817	Black Flower of Functionality	721
734	1678	Black Fur Boots	525
735	9508	A Black Gift Box	836
736	20988	Black Griffon Feather	1146
737	10116	Black Headband	938
738	13227	Black Heart	1003
739	16556	Black Henbane	1197
740	25574	Black Ice Boots	844
741	25549	Black Ice Leggings	610
742	25550	Black Ice Sleeves	669
743	25573	Black Ice Wrist Guard	671
744	3304	Black Iron Girdle	563
745	10353	Black Iron Medallion	753
746	1530	Black Lace Sash	572
747	1048	Black Leather Cloak	656
748	25805	Black Marble	956
749	20773	Black Nebulous Sapphire	963
750	22847	Black Panther Skin	556
751	24842	Black Pantherskin Belt	564
752	24847	Black Pantherskin Boots	633
753	24841	Black Pantherskin Cloak	660
754	24845	Black Pantherskin Gloves	636
755	24838	Black Pantherskin Gorget	643
756	24846	Black Pantherskin Leggings	635
757	24837	Black Pantherskin Mask	771
758	24840	Black Pantherskin Shoulderpads	668
759	24836	Black Pantherskin Skullcap	640
760	24843	Black Pantherskin Sleeves	634
761	24839	Black Pantherskin Tunic	632
762	24844	Black Pantherskin Wristbands	637
763	10012	Black Pearl	767
764	14673	Black Pearl Electrum Choker	1046
765	14675	Black Pearl Platinum Ring	1047
766	30336	Black Pearl Velium Ring	1047
767	31413	Black Rock Maul of Crushing	581
768	14933	Black Root	583
769	10036	Black Sapphire	965
770	14701	Black Sapphire Electrum Earring	1042
771	14703	Black Sapphire Platinum Necklace	1043
772	14700	Black Sapphire Silvered Necklace	1043
773	30350	Black Sapphire Velium Necklace	1043
774	12199	Black Shadow Tunic	538
775	20783	Black Silk Cape	842
776	2319	Black Silk Gloves	636
777	20777	Black Sky Diamond	965
778	30247	Black Steel Wrap	719
779	1598	Black Stone Candlestick	1128
780	31251	Black Symbol	967
781	31262	Black Tear	734
782	13400	Black Tome with Silver Runes	777
783	13586	Black Training Tunic*	678
784	5238	Black Wolf Armplates	543
785	5242	Black Wolf Boots	844
786	5239	Black Wolf Bracers	620
787	5236	Black Wolf Cape	661
788	5233	Black Wolf Collar	627
789	5231	Black Wolf Crown	523
790	5240	Black Wolf Gloves	846
791	5241	Black Wolf Legplates	845
792	5234	Black Wolf Mail	538
793	5232	Black Wolf Mask	506
794	5235	Black Wolf Pauldrons	668
795	13758	Black Wolf Skin	556
796	27413	Black Wolf Tooth	800
797	5237	Black Wolf Waistband	562
798	12141	Black Wood Chip	1084
799	13202	Blackbox B Series	1144
800	13218	Blackbox Fragment	1031
801	13212	Blackbox XIIC	1144
802	13344	Blackbox XIVD	1144
803	13213	Blackbox XVIIC	1144
804	13211	Blackbox XXVIC	1144
805	13209	Blackbox XXVIIC	1144
806	12249	Blackburrow Braids	556
807	17970	Blackburrow Cask	979
808	13027	Blackburrow Gnoll Pelt	556
809	13028	Blackburrow Gnoll Skin	556
810	12239	Blackburrow Swig	979
811	3606	Blackened Alloy Armplates	543
812	3616	Blackened Alloy Bastard Sword	577
813	3610	Blackened Alloy Boots	844
814	3607	Blackened Alloy Bracers	620
815	3600	Blackened Alloy Coif	523
816	3601	Blackened Alloy Collar	627
817	3608	Blackened Alloy Gloves	846
818	3609	Blackened Alloy Legplates	845
819	3617	Blackened Alloy Longsword	590
820	3602	Blackened Alloy Mail	538
821	3603	Blackened Alloy Spaulder	668
822	3605	Blackened Alloy Waistband	562
823	25603	Blackened Crystalline Robe	1126
824	2090	Blackened Diamond	767
825	3047	Blackened Iron Armplates	543
826	5358	Blackened Iron Bastard Sword	577
827	3051	Blackened Iron Boots	844
828	3048	Blackened Iron Bracers	620
829	3042	Blackened Iron Collar	627
830	0	Blackened Iron Crown	523
831	10328	Blackened Iron Eye Totem	894
832	3049	Blackened Iron Gloves	846
833	3050	Blackened Iron Legplates	845
834	3043	Blackened Iron Mail	538
835	3044	Blackened Iron Spaulder	668
836	3046	Blackened Iron Waistband	562
837	8880	Blackened Mithril Boots	844
838	20398	Blackened Panther	915
839	14672	Blackened Pearl Silver Ring	1047
840	13238	Blackened Sapphire	963
841	13459	Blackened Teir'Dal	915
842	13237	Blackened Wand	809
843	6624	Blackjack	737
844	31348	Blackstar, Mace of Night	1249
845	24624	Blackstone Maul	903
846	30060	Bladder of Acidic Ooze	1236
847	12617	Bladder of Lizard Milk	717
848	14244	Bladderwrack	1198
849	11664	BladeStorm, Katana of Steel Sleet	890
850	22143	Blade Leaf	1197
851	2072	Blade core-5th fold	1138
852	2072	Blade core-5th fold	1138
853	2072	Blade core-5th fold	1138
854	2071	Blade core-4th fold	1138
855	2072	Blade core-5th fold	1138
856	5430	Blade of Abrogation	603
857	25210	Blade of Carnage	1165
858	7201	Blade of Falling Stars	762
859	7240	Blade of Fiery Lamentations	575
860	2412	Blade of Nobility	732
861	11912	Blade of Passage	1178
862	3583	Blade of Shadowed Flame	576
863	10910	Blade of Strategy	590
864	10909	Blade of Tactics	590
865	5623	Blade of Xalgoz	1176
866	5155	Blade of the Black Dragon Eye	575
867	7243	Blade of the Earthcaller	575
868	5161	Blade of the Green Dragon Eye	575
869	30509	Blade of the Seneschal	590
870	30380	Blade of the Swarm	588
871	2083	Blade skin-10th fold	1138
872	2074	Blade skin-1st fold	1138
873	2075	Blade skin-2nd fold	1138
874	2076	Blade skin-3rd fold	1138
875	2077	Blade skin-4th fold	1138
876	2078	Blade skin-5th fold	1138
877	2079	Blade skin-6th fold	1138
878	2080	Blade skin-7th fold	1138
879	2081	Blade skin-8th fold	1138
880	2082	Blade skin-9th fold	1138
881	5315	Bladed Thulian Claws	975
882	0	Bladesman's Sword	1168
883	0	Bladesman's Axe	1164
884	0	Bladesman's Sword	1168
885	11632	Bladestopper	606
886	6843	Blam Stick	1194
887	1852	Blank Rune	972
888	18006	Blank Scroll Sheets	504
889	11615	Blazing Boots of Fennin Ro	524
890	11616	Blazing Bracer of Fennin Ro	516
891	11614	Blazing Breastplate of Fennin Ro	621
892	11613	Blazing Gauntlets of Fennin Ro	529
893	11612	Blazing Greaves of Fennin Ro	540
894	11617	Blazing Helm of Fennin Ro	550
895	4299	Blazing Vambraces	546
896	10376	Blazing Wand	809
897	16587	Bleeding Brain	1029
898	19984	Bleeding Kromzek	1029
899	13910	Blessed Oil Flask	584
900	5761	Blessed Parchment	870
901	8942	Blessed Ring of Nife	512
902	6339	Blessed Silver Wand	810
903	11628	Blight, Hammer of the Scourge	581
904	1235	Blighted Armband	637
905	1238	Blighted Boots	633
906	1236	Blighted Gloves	636
907	1584	Blighted Mare Hide	556
908	0	Blighted Mare Hide Satchel	739
909	1233	Blighted Robe	1126
910	1232	Blighted Skullcap	640
911	1234	Blighted Sleeves	634
912	1237	Blighted Trousers	655
913	25117	Bllizent's Fang	740
914	25117	Bllizent's Fang	740
915	10486	Block of Adamantite	1138
916	10488	Block of Brellium	1138
917	16901	Block of Clay	1135
918	10430	Enchanted Block of Brellium	1138
919	10480	Block of High Quality Ore	1138
920	24872	Block of Living Granite	767
921	16897	Block of Magic Clay	1135
922	10465	Block of Medium Quality Ore	1135
923	10484	Block of Mithril	1138
924	10503	Block of Ore	1135
925	20665	Block of Permafrost	1138
926	10458	Block of Skyiron	1135
927	22097	Block of Velium	1138
928	2507	Blockcutter Gloves	518
929	2635	Blood Crusted Dirk	592
930	2639	Blood Crusted Kobold Mace	578
931	2638	Blood Crusted Leather Boots	633
932	2642	Blood Crusted Leather Bracer	637
933	6921	Blood Crusted Two-Handed Sword	519
934	2640	Blood Crusted Whip	596
935	1752	Blood Cured Wraps	572
936	4528	Blood Ember Boots	524
937	4525	Blood Ember Bracer	516
938	4523	Blood Ember Breastplate	624
939	4526	Blood Ember Gauntlets	531
940	4527	Blood Ember Greaves	540
941	4522	Blood Ember Helm	746
942	4524	Blood Ember Vambraces	622
943	11645	Blood Fire	576
944	1072	Blood Flecked Obsidian Shard	968
945	25244	Blood Flowers	721
946	7209	Blood Fork	742
947	31104	Blood Lord's Boots	524
948	31101	Blood Lord's Bracer	516
949	31099	Blood Lord's Breastplate	624
950	31098	Blood Lord's Crown	523
951	31102	Blood Lord's Gauntlets	531
952	31103	Blood Lord's Greaves	540
953	31100	Blood Lord's Vambraces	622
954	24636	Blood Orchid Katana	890
955	7249	Blood Point	591
956	5391	Blood Riven Axe	568
957	25324	Blood Runed Boots	545
958	25327	Blood Runed Gauntlets	531
959	25326	Blood Runed Girdle	549
960	25321	Blood Runed Greaves	540
961	25569	Blood Runed Scimitar	604
962	25568	Blood Runed Short Sword	580
963	20762	Blood Sky Amethyst	947
964	20703	Blood Sky Emerald	962
965	4322	Blood Sky Face Plate	770
966	20713	Blood Sky Ruby	950
967	1299	Blood Soaked Plasmatic Priest Robe	931
968	12364	Blood Spirit	704
969	1910	Blood Splattered Veil	677
970	18313	Blood Stained Note	864
971	18313	Blood Stained Note (Klunga's Blood)	864
972	22509	Blood Temper	698
973	16978	Blood Thorn Extract	1157
974	30249	Blood Wolf Harness	719
975	14381	Blood of Kyrenna	1157
976	11800	Blood of Velious	697
977	14324	Blood of the Dhampyre	696
978	14439	Blood of the Wolf	699
979	0	Bloodsoaked Note	504
980	10551	Bloodblack Wand	810
981	2563	Bloodclaw Battle Axe	569
982	2560	Bloodclaw Dagger	592
983	2567	Bloodclaw Long Sword	590
984	2561	Bloodclaw Rapier	762
985	2565	Bloodclaw Scimitar	604
986	22753	Bloodfin Trout	775
987	3092	Bloodforge Armplates	543
988	3096	Bloodforge Boots	844
989	3093	Bloodforge Bracers	620
990	3094	Bloodforge Gauntlets	846
991	13314	Bloodforge Hammer	567
992	3090	Bloodforge Helm	523
993	3095	Bloodforge Legplates	845
994	3091	Bloodforge Mail	538
995	14824	Bloodgill Scales	1232
996	10196	Bloodied Piece of Parchment	870
997	11558	Bloodmoon	781
998	29676	Bloodshrine Necklace	752
999	20996	Bloodsky Sapphire	963
1000	1279	Bloodsoaked Raiment	665
1001	30021	Bloodstained Fang	801
1002	20712	Bloodstained Hilt	973
1003	20444	Bloodstained Key	1080
1004	3309	Bloodstained Mantle	769
1005	3308	Bloodstained Tunic	538
1006	1536	Bloodstar Pendant	1049
1007	10019	Bloodstone	947
1008	10072	Bloodstone Earring	1048
1009	1410	Bloodstone Eyepatch	595
1010	10039	Bloodstone Ring	674
1011	25129	Bloody Claw of Draazak	743
1012	25128	Bloody Claw of Jerigozia	743
1013	25127	Bloody Claw of Veredenia	743
1014	30032	Bloody Cougar Bone	905
1015	7111	Bloody Dirk	589
1016	27712	Bloody Griffon-Hide Wrist Guard	560
1017	7110	Bloody Mantle	668
1018	31421	A Bloody Protector of Zek's Head	920
1019	13110	Bloody Shank	592
1020	1790	A Blue Cod Card	651
1021	14337	Blue Crystal Staff	602
1022	22503	Blue Diamond	966
1023	30361	Blue Diamond Electrum Earring	1042
1024	23541	Blue Diamond Powder	1015
1025	22109	Blue Dye	1160
1026	6814	Blue Flower of Functionality	721
1027	9506	A Blue Gift Box	836
1028	10115	Blue Headband	937
1029	13681	Blue Jr Apprentice Robe*	838
1030	12329	Blue Orc Head	920
1031	1139	Blue Resistance Stone	963
1032	10135	Blue Sash of Order	937
1033	22136	Blue Slumber Fungus	854
1034	13682	Blue Sr Apprentice Robe*	838
1035	13508	Blue Training Robe*	838
1036	14229	Blue Vervain Bulb	1085
1037	2530	Blue Wicker Belt	564
1038	2535	Blue Wicker Boots	633
1039	2529	Blue Wicker Cloak	660
1040	2533	Blue Wicker Gloves	636
1041	2526	Blue Wicker Gorget	643
1042	2524	Blue Wicker Helm	640
1043	2534	Blue Wicker Leggings	635
1044	2525	Blue Wicker Mask	771
1045	2528	Blue Wicker Shoulderpads	668
1046	2531	Blue Wicker Sleeves	634
1047	2527	Blue Wicker Tunic	632
1048	2532	Blue Wicker Wristbands	637
1049	24606	Blued Flower Katana	890
1050	6403	Blued Two-Handed Hammer	581
1051	20769	Bluish Stone	953
1052	13423	A Blurred Map	864
1053	31369	Blydreln's Bane	581
1054	6200	Bo Staff of Trorsmang	601
1055	6664	Bo Stick	602
1056	22754	Boar Carp	786
1057	17021	Body Bag	690
1058	16581	Bog Juice	831
1059	3550	Bolster Belt of the Gracious	560
1060	11666	Bone-Clasped Girdle	718
1061	10854	Bone Amulet of Blade Turning	502
1062	10104	Bone Armplates	543
1063	19037	Bone Barbs	1032
1064	5312	Bone Bladed Claymore	603
1065	25095	Bone Bracelet of Condemnation	1040
1066	12694	Bone Chips	804
1067	12694	Bone Chips	804
1068	6378	Bone Crafted Key	1078
1069	1318	Bone Fingered Gloves	517
1070	24768	Bone Fragment	804
1071	12442	Bone Granite Powder	1074
1072	0	Bone Handled Sword	575
1073	10106	Bone Legplates	540
1074	4313	Bone Mask of the Jarsath	528
1075	11661	Bone Razor	575
1076	25298	Bone Ring of Condemnation	1148
1077	9304	Bone Shield	974
1078	7018	Bone Spear	776
1079	10139	Bone Talisman	905
1080	10332	Bone Totem	895
1081	20037	Bone finger key	1078
1082	2367	Bonechipped Mask	528
1083	13127	Bones	804
1084	16514	Boneset	795
1085	5774	Boneshear	591
1086	6358	Bonethunder Staff	602
1087	17503	Book of Ancient Restoration	777
1088	1689	Book of Celestial Fists	865
1089	17501	Book of Dark Bindings	777
1090	10536	Book of Darkness	777
1091	25585	Book of Dawn	778
1092	10537	Book of Frost	777
1093	17325	Book of Mischief	865
1094	14745	Book of Obulus	789
1095	18302	Book of Scale	865
1096	28016	Book of Souls	789
1097	25035	Book of Strategy	777
1098	25038	Book of Tactics	777
1099	18202	Book of Turmoil	778
1100	25584	Book of Twilight	778
1101	14718	Book of the Rings	789
1102	19188	Boot Beer	633
1103	12071	Boot Mold	1151
1104	13812	Boot Pattern	504
1105	25097	Boots of Bladecalling	764
1106	12181	Boots of Brawn	844
1107	25527	Boots of Conjuration	633
1108	25064	Boots of Dark Passage	524
1109	31468	Boots of Deep Thought	525
1110	6827	Boots of Distraction	545
1111	31048	Boots of Forbidden Rites	524
1112	3156	Boots of Ro	524
1113	31467	Boots of Silent Striding	764
1114	25499	Boots of Stability	524
1115	31408	Boots of Superiority	525
1116	31139	Boots of Twilight	524
1117	14829	Boots of Zorash	545
1118	25520	Boots of the Bonecaster	633
1119	31327	Boots of the Dead Dream	779
1120	31336	Boots of the Destroyer	633
1121	30513	Boots of the Huntsman	633
1122	25411	Boots of the Invoker	633
1123	31188	Boots of the Myrmidon	524
1124	4921	Boots of the Reliant	524
1125	31820	Boots of the Righteous	524
1126	25197	Boots of the Storm	545
1127	31806	Boots of the Untamed	524
1128	25043	Boots of the Vindicator	545
1129	17981	Bootstrutter's Framed Pack	565
1130	1420	Borannin's Seal	644
1131	16598	Bottle	704
1132	17984	Bottle Crate	608
1133	0	Bottle of Bee Beer	702
1134	14308	Bottle of Drake Breath	696
1135	13016	Bottle of Kalish	831
1136	30271	Bottle of Karsin Acid	704
1137	3892	Bottle of Liquid Deklium	694
1138	13087	Bottle of Milk	856
1139	12965	Bottle of Swirling Smoke	1006
1140	20981	Bottled Djinni	1006
1141	13231	Bottom of Broken Staff	601
1142	13698	Bottom of a Fractured Rune	967
1143	31335	Bow of the Destroyer	597
1144	25033	Bow of the Huntsman	597
1145	25559	Bow of the Icepaw	597
1146	31213	Bow of the Silver Fang	1104
1147	8408	Bow of the Underfoot	1104
1148	16954	Bowl Sketch	861
1149	24745	Bowl of Watery Protection	1082
1150	17941	Box For Bones	608
1151	17930	Empty Box	608
1152	12376	Box Full of Tiny Bones	1144
1153	17985	A Box With Pawprints	608
1154	11703	Box of Abu-Kar	609
1155	13389	Box of Beetle Eyes	608
1156	13777	Box of Lute Strings	609
1157	17082	Box of Nil Space	608
1158	20748	Box of Winds	608
1159	1500	Box of the Guilty	1144
1160	17100	Box of the Void	1144
1161	12246	Box with Two Heads	608
1162	29066	Boysenberry pie	1019
1163	13280	Bracelet of Beetlekind	521
1164	12804	Bracelet of Cessation	509
1165	1274	Bracelet of Clarification	1040
1166	12803	Bracelet of Distortion	520
1167	12805	Bracelet of Exertion	521
1168	25572	Bracelet of Frostbite	521
1169	31393	Bracelet of Protection	671
1170	12806	Bracelet of Quiescence	1044
1171	25042	Bracelet of Sacrifice	1040
1172	25065	Bracelet of Swirling Smoke	512
1173	10360	Bracelet of Woven Grass	508
1174	31314	Bracelet of the Deep Sea	508
1175	31384	Bracelet of the Sky	620
1176	27727	Bracelet of the Spirits	560
1177	6823	Bracelet of the Twisted Mind	1072
1178	12007	Bracer Sectional Mold	1151
1179	29686	Bracer of Benevolence	637
1180	1727	Bracer of Hammerfal	671
1181	25061	Bracer of Midnight	1040
1182	3153	Bracer of Ro	516
1183	30258	Bracer of Scale	671
1184	11978	Bracer of Scavenging	671
1185	25496	Bracer of Stability	516
1186	31136	Bracer of Twilight	516
1187	14712	Bracer of Vajeen	671
1188	1524	Bracer of the Forlorn	516
1189	11911	Bracer of the Hidden	671
1190	31185	Bracer of the Myrmidon	516
1191	31817	Bracer of the Righteous	516
1192	31803	Bracer of the Untamed	516
1193	2301	Bracers of Battle	637
1194	13337	Bracers of Erollisi	637
1195	31045	Bracers of Forbidden Rites	516
1196	4925	Bracers of the Reverent	516
1197	19183	Brackish Othmir Ale	827
1198	19130	Glob of Slush Water	584
1199	10180	Brahhms Horn	807
1200	2579	Braid of Golden Hair	572
1201	30108	Braided Beard of the Coldain	1001
1202	1364	Braided Cinch Cord	572
1203	20450	Braided Grass Amulet	1053
1204	1367	Braided Ivy Cords	668
1205	14062	Brain Freeze	808
1206	1554	Brain of Cazic Thule	1205
1207	14111	Brain of the Ishva Mal	1018
1208	19142	Branch of Planar Oak	601
1209	19140	Branch of Sylvan Oak	601
1210	13034	Brandy	826
1211	10351	Brass Earring	757
1212	5632	Brass Goblin Flamberge	519
1213	20008	Brass Key	1081
1214	20803	Brass Knuckles	505
1215	13053	Brass Ring	615
1216	27205	Bratavar's Talisman	510
1217	1753	Brawler's Belt	563
1218	5366	Brazen Brass Kilij	604
1219	14304	Brazier of Elemental Summoning	600
1220	13440	Bread Tin	1036
1221	12025	Bread Tin Mold	1151
1222	22028	Breastplate Mold	1151
1223	5222	Breastplate of Afflation	624
1224	6825	Breastplate of Distraction	621
1225	25206	Breastplate of Eradication	624
1226	31043	Breastplate of Forbidden Rites	624
1227	3151	Breastplate of Ro	624
1228	31405	Breastplate of Superiority	624
1229	31134	Breastplate of Twilight	624
1230	31183	Breastplate of the Myrmidon	624
1231	31815	Breastplate of the Righteous	624
1232	31801	Breastplate of the Untamed	624
1233	1685	Breath of Gwan	1155
1234	5156	Breath of Harmony	882
1235	11808	Breath of Ro	836
1236	11801	Breath of Solusek	688
1237	27310	Breezeboot's Frigid Gnasher	730
1238	2441	Brell's Blessed Stout	703
1239	24987	Brell's Divine Strategy	865
1240	2742	Brell's Girdle	563
1241	6648	Brell's Keg Popper	1194
1242	10470	Brellium Chain Jointing	620
1243	10473	Brellium Rings	1032
1244	18108	Brewer's Limericks	778
1245	1535	Brewer's Mesh Cloak	657
1246	0	Briar Thistle	1123
1247	11556	Briarzephyr	1169
1248	10507	Brick of Blue Ore	1135
1249	31034	Brigand's Boots	524
1250	31031	Brigand's Bracer	516
1251	31029	Brigand's Chestguard	624
1252	31028	Brigand's Circlet	523
1253	31032	Brigand's Gauntlets	531
1254	31033	Brigand's Greaves	540
1255	31030	Brigand's Vambraces	622
1256	3307	Brigandine Tunic	538
1257	29680	Brightwood Spear	776
1258	13947	Brilliant Sword of Faith	519
1259	16846	Brimstone	1138
1260	4282	Bristle Silk Cap	639
1261	4287	Bristle Silk Cape	656
1262	4291	Bristle Silk Gloves	517
1263	4292	Bristle Silk Knickerbockers	631
1264	4284	Bristle Silk Neckerchief	500
1265	4288	Bristle Silk Sash	572
1266	4286	Bristle Silk Shawl	665
1267	4289	Bristle Silk Sleeves	670
1268	4293	Bristle Silk Stockings	666
1269	4285	Bristle Silk Tunic	678
1270	4283	Bristle Silk Veil	677
1271	4290	Bristle Silk Wristband	638
1272	1417	Brita's Napkin	870
1273	0	Brittle Bone	905
1274	12739	Brittle Iksar Skull	1070
1275	5008	Broad Sword	605
1276	30267	Broken Axe	568
1277	6842	Broken Blam Stick	1194
1278	16013	Broken Block of Ore	1031
1279	12320	Broken Bow Part A	1084
1280	12321	Broken Bow Part B	1084
1281	29684	Broken Disk	913
1282	10509	Broken Force Module	1076
1283	10511	Broken Frost Module	1015
1284	13159	Broken Heirloom Necklace	1147
1285	19075	Broken Minotaur Lord's Horn	807
1286	20922	Broken Mirror	1129
1287	20513	Broken Sacrificial Blade	574
1288	6203	Brokenskull Club	738
1289	5032	Bronze Axe	573
1290	5029	Bronze Bastard Sword	577
1291	5028	Bronze Battle Axe	569
1292	4212	Bronze Boots	524
1293	4209	Bronze Bracers	516
1294	4778	Bronze Brazier	1082
1295	4204	Bronze Breastplate	624
1296	5033	Bronze Broad Sword	605
1297	4203	Bronze Collar	626
1298	7012	Bronze Dagger	592
1299	20935	Bronze Disc	647
1300	6023	Bronze Flail	741
1301	4210	Bronze Gauntlets	531
1302	4207	Bronze Girdle	549
1303	4211	Bronze Greaves	540
1304	5031	Bronze Halberd	736
1305	4201	Bronze Helm	550
1306	6911	Bronze Jutte	763
1307	6903	Bronze Katana	890
1308	30981	Bronze Knuckles	975
1309	6904	Bronze Kusarigama	781
1310	5027	Bronze Long Sword	590
1311	6019	Bronze Mace	578
1312	7015	Bronze Main Gauche	763
1313	4202	Bronze Mask	772
1314	6024	Bronze Morning Star	741
1315	6905	Bronze Naginata	776
1316	4205	Bronze Pauldron	798
1317	7013	Bronze Rapier	762
1318	5034	Bronze Scimitar	604
1319	5035	Bronze Scythe	579
1320	6923	Bronze Shackle Key	1079
1321	5026	Bronze Short Sword	580
1322	7016	Bronze Shortened Spear	740
1323	7014	Bronze Spear	776
1324	10325	Bronze Spider Totem	894
1325	5721	Bronze Statue of Bathezid	1231
1326	6906	Bronze Tachi	1169
1327	6900	Bronze Tanto	591
1328	6910	Bronze Tonfa	601
1329	5037	Bronze Two Handed Battle Axe	568
1330	6021	Bronze Two Handed Hammer	567
1331	5030	Bronze Two Handed Sword	519
1332	26801	Bronze Ulak	1180
1333	4208	Bronze Vambraces	622
1334	6902	Bronze Wakizashi	890
1335	6025	Bronze Warclub	738
1336	6022	Bronze Warhammer	567
1337	6901	Bronze Yari	1187
1338	1868	Bronzewood Staff	602
1339	6360	Broom of Trilon	889
1340	18978	Brother's Fallen	778
1341	31223	Brother Xave's Headband	1124
1342	19160	Brown Algae	539
1343	4409	Brown Chitin Protector	927
1344	1049	Brown Leather Gloves	636
1345	22114	Brown Rust Dye	1154
1346	16579	Brownie Parts	925
1347	30356	Brute Hide	554
1348	10080	Brutechopper	568
1349	29009	Bucket of Pure Water	1016
1350	9001	Buckler	759
1351	22059	Buckler Mold	1151
1352	6812	Buckler of Doom	759
1353	31462	Buckler of Insight	542
1354	27212	Bufa's Talisman	510
1355	16524	Bugbane	795
1356	19033	Bull Elephant Tooth	802
1357	13219	Bull Smasher	567
1358	28519	Bulthar Hide	554
1359	30067	Bulthar Trunk	807
1360	14019	A Bunch of Optic Nerves	794
1361	10639	A Bundle of Staves	978
1362	16843	Bundle of Wormwood	583
1363	8061	Bundled Bone Arrow Shafts	1110
1364	8062	Bundled Ceramic Arrow Shafts	1110
1365	8063	Bundled Steel Arrow Shafts	1012
1366	8060	Bundled Wooden Arrow Shafts	1012
1367	5369	Bunker Battle Blade	519
1368	12196	Bunker Cell #1	790
1369	16518	Burdock Root	795
1370	1854	Burin	801
1371	1175	Burlap Coldain Prayer Shawl	662
1372	17883	Burlap Satchel	690
1373	10299	Burned Out Lightstone	507
1374	28008	Burning Embers	1084
1375	7041	Burning Rapier	762
1376	6353	Burnished Wooden Stave	602
1377	20881	A Burnt Sash	938
1378	6683	Burnt Wood Staff	602
1379	5652	Burynai Digmaster's Claw	975
1380	2725	Burynai Hide Boots	633
1381	2722	Burynai Hide Bracelets	637
1382	2719	Burynai Hide Cap	640
1383	2726	Burynai Hide Choker	643
1384	2729	Burynai Hide Cloak	660
1385	2723	Burynai Hide Gloves	636
1386	2727	Burynai Hide Mask	771
1387	2724	Burynai Hide Pants	635
1388	2728	Burynai Hide Shoulder Pads	668
1389	2721	Burynai Hide Sleeves	634
1390	2720	Burynai Hide Tunic	632
1391	11927	Burynai Leg Ripper	1189
1392	1193	Burynai Legion Gi	942
1393	10411	Burynaibane Charm	502
1394	7335	Burynaibane Spider Fang	801
1395	12660	Busted Froglok Slave Shackles	620
1396	13908	Busted Prayer Beads	848
1397	13278	Butcher Knife	592
1398	10178	Butler Syncalls Fang	800
1399	8524	CLASS 1 Bone Hooked Arrow	598
1400	8518	CLASS 1 Bone Point Arrow	598
1401	8536	CLASS 1 Ceramic Point Arrow	598
1402	8506	CLASS 1 Wood Hooked Arrow	598
1403	8500	CLASS 1 Wood Point Arrow	598
1404	8512	CLASS 1 Wood Silver Tip Arrow	598
1405	8525	CLASS 2 Bone Hooked Arrow	598
1406	8519	CLASS 2 Bone Point Arrow	598
1407	8543	CLASS 2 Ceramic Hooked Arrow	598
1408	8549	CLASS 2 Ceramic Silver Tip Arrow	598
1409	8567	CLASS 2 Steel Silver Tip Arrow	598
1410	8507	CLASS 2 Wood Hooked Arrow	598
1411	8501	CLASS 2 Wood Point Arrow	598
1412	8526	CLASS 3 Bone Hooked Arrow	598
1413	8520	CLASS 3 Bone Point Arrow	598
1414	8544	CLASS 3 Ceramic Hooked Arrow	598
1415	8550	CLASS 3 Ceramic Silver Tip Arrow	598
1416	8568	CLASS 3 Steel Silver Tip Arrow	598
1417	8502	CLASS 3 Wood Point Arrow	598
1418	8527	CLASS 4 Bone Hooked Arrow	598
1419	8545	CLASS 4 Ceramic Hooked Arrow	598
1420	8551	CLASS 4 Ceramic Silver Tip Arrow	598
1421	8569	CLASS 4 Steel Silver Tip Arrow	598
1422	8503	CLASS 4 Wood Point Arrow	598
1423	8552	CLASS 5 Ceramic Silver Tip Arrow	598
1424	8570	CLASS 5 Steel Silver Tip Arrow	598
1425	8504	CLASS 5 Wood Point Arrow	598
1426	8553	CLASS 6 Ceramic Silver Tip Arrow	598
1427	8571	CLASS 6 Steel Silver Tip Arrow	598
1428	8505	CLASS 6 Wood Point Arrow	598
1429	12609	Cabilis Pale Ale	824
1430	21185	Cabilis Scale Belt	562
1431	21190	Cabilis Scale Boots	545
1432	21187	Cabilis Scale Bracelet	620
1433	21179	Cabilis Scale Cap	625
1434	21184	Cabilis Scale Cape	661
1435	21182	Cabilis Scale Coat	538
1436	21188	Cabilis Scale Gloves	526
1437	21181	Cabilis Scale Gorget	627
1438	21189	Cabilis Scale Leggings	540
1439	21183	Cabilis Scale Mantle	769
1440	21180	Cabilis Scale Mask	770
1441	21186	Cabilis Scale Sleeves	543
1442	12355	Cactus Pie	1019
1443	14828	Cactus Quills	1033
1444	12680	Cactus Tart	783
1445	6407	Caduceus of Sacrament	741
1446	13439	Cake Round	1013
1447	12022	Cake Round Mold	1151
1448	16959	Cake Round Sketch	861
1449	14068	Calcium Rot	806
1450	31246	Camii`s Bracer of Vigor	521
1451	11175	Can o` Whoop Ass	766
1452	13497	Candied Spider	926
1453	12277	Candle of Bravery	1128
1454	9982	Candle of the Plaguebringers	1128
1455	0	Candy Corn	1687
1456	6614	Cane of Harmony	601
1457	6622	Cane of the Tranquil	601
1458	30035	Canteen of Slush Water	584
1459	12897	Canyoneer Pike	1181
1460	13801	Cap Pattern	504
1461	2474	Cap of the Insubstantial	639
1462	1407	Cape of Midnight Mist	656
1463	12281	Cape of Underfoot	658
1464	30034	Capt. Nalot's Triple Strength Rum	703
1465	13817	Capt. Orlin's Spiced Ale	824
1466	18064	Captain of the Sea	778
1467	0	Card of Bristlebane	650
1468	27224	Cargalia's Talisman	510
1469	1231	Carmine Boots	633
1470	1229	Carmine Gloves	636
1471	1230	Carmine Pants	635
1472	1226	Carmine Robe	931
1473	1227	Carmine Sleeves	634
1474	20959	Carmine Spiroc Feather	1146
1475	1228	Carmine Trinket	1044
1476	1225	Carmine Turban	1121
1477	4405	Carnal Pauldrons	798
1478	10011	Carnelian	960
1479	14086	Carnivore Mortis	806
1480	2506	Carrion Beetle Leggings	635
1481	14317	Carrion Queen Liver	797
1482	13977	Carrot	921
1483	8810	Carved Ashwood Recurve Bow	597
1484	8810	Carved Ashwood Recurve Bow	597
1485	8810	Carved Ashwood Recurve Bow	597
1486	8840	Carved Darkwood 1-Cam Bow	597
1487	8840	Carved Darkwood 1-Cam Bow	597
1488	8840	Carved Darkwood 1-Cam Bow	597
1489	8841	Carved Darkwood Compound Bow	597
1490	8841	Carved Darkwood Compound Bow	597
1491	8841	Carved Darkwood Compound Bow	597
1492	8839	Carved Darkwood Recurve Bow	597
1493	8839	Carved Darkwood Recurve Bow	597
1494	8839	Carved Darkwood Recurve Bow	597
1495	26007	Carved Dragonbone Spear	776
1496	8804	Carved Elm Recurve Bow	597
1497	8804	Carved Elm Recurve Bow	597
1498	8804	Carved Elm Recurve Bow	597
1499	8804	Carved Elm Recurve Bow	597
1500	10144	Carved Ivory Mask	528
1501	8821	Carved Oak 1-Cam Bow	597
1502	8821	Carved Oak 1-Cam Bow	597
1503	8821	Carved Oak 1-Cam Bow	597
1504	8820	Carved Oak Recurve Bow	597
1505	8820	Carved Oak Recurve Bow	597
1506	8820	Carved Oak Recurve Bow	597
1507	0	Carved Prexus Totem	895
1508	27050	Carved Velium Brawl Stick	1175
1509	27031	Carved Velium Spear	776
1510	17880	Large Sewing Kit	608
1511	13411	Case of Jumjum Juice	608
1512	12365	Case of Spirits	608
1513	16580	Cask	979
1514	0	Cask of Bee Beer	979
1515	5082	Cast-Iron Long Sword	590
1516	6042	Cast-Iron Mace	578
1517	7032	Cast-Iron Rapier	762
1518	6041	Cast-Iron Warhammer	567
1519	1756	Cast Iron Stein	708
1520	0	Cast Velium Knuckledusters	1179
1521	13969	Caster Beads	848
1522	16829	Castorbean	1199
1523	10026	Cat's Eye Agate	955
1524	14619	Cat Eye Platinum Necklace	1056
1525	30308	Cat Eye Velium Necklace	1056
1526	12372	Cat Skull Cap	1070
1527	5058	Cat o' Nine Tails	596
1528	12248	Catacomb Curls	554
1529	13102	Catch-A-Lot Bait	766
1530	13998	Catman Skin	834
1531	14970	Cauldron Prawn	926
1532	19031	Cauldron Shell	998
1533	22756	Cauldron Trout	775
1534	14977	Cave Guppy	775
1535	22563	Caynar Nut Brown Ale	703
1536	19999	Caynar Nut Stuffed Trout	815
1537	14332	Cazic's Skin	555
1538	7505	Cazic Quill	574
1539	31351	Cekenar's Claw	975
1540	14238	Celandine Herb	1201
1541	9650	Celestial Essence	1158
1542	29333	Celestial Essence Robe	838
1543	10652	Celestial Fists	971
1544	1683	Celestial Fists	865
1545	9731	Celestial Solvent	1155
1546	23542	Celestial Temper	1160
1547	14373	Cell Key	1081
1548	20288	Centurion Relgle's Head	920
1549	5064	Ceramic Dirk	574
1550	7487	Ceramic Lined Still	1006
1551	16947	Ceramic Lining	609
1552	16964	Ceramic Lining Sketch	861
1553	20757	Ceramic Mask	528
1554	20838	Ceremonial Belt	548
1555	25086	Ceremonial Giant War Sword	1178
1556	25041	Ceremonial Helm	746
1557	4583	Ceremonial Iksar Chestplate	624
1558	29211	Ceremonial Wedding Sword	590
1559	25089	Cerulean Gauntlets	531
1560	25071	Cerulean Greaves	540
1561	25070	Cerulean Vambraces	622
1562	3001	Chain Coif	625
1563	10491	Chain Jointing	620
1564	22224	Chainmail Boot Pattern	504
1565	3009	Chainmail Bracelet	620
1566	22041	Chainmail Bracelet Pattern	504
1567	3006	Chainmail Cape	661
1568	22038	Chainmail Cloak Pattern	504
1569	3004	Chainmail Coat	538
1570	22033	Chainmail Coif Pattern	504
1571	22042	Chainmail Glove Pattern	504
1572	3010	Chainmail Gloves	526
1573	3005	Chainmail Mantle	769
1574	22037	Chainmail Mantle Pattern	504
1575	3003	Chainmail Neckguard	627
1576	22035	Chainmail Neckguard Pattern	504
1577	22043	Chainmail Pant Pattern	504
1578	3007	Chainmail Skirt	562
1579	22039	Chainmail Skirt Pattern	504
1580	22040	Chainmail Sleeve Pattern	504
1581	22036	Chainmail Tunic Pattern	504
1582	22034	Chainmail Veil Pattern	504
1583	12274	Chalice of Conquest	688
1584	10608	Chalice of Kings	1248
1585	12496	Chalp Diagram	504
1586	31090	Champion's Boots	524
1587	31087	Champion's Bracer	516
1588	31085	Champion's Breastplate	624
1589	31084	Champion's Crown	746
1590	31088	Champion's Gauntlets	531
1591	31089	Champion's Greaves	540
1592	0	Champion's Mancatcher	736
1593	31086	Champion's Vambraces	622
1594	30042	Chapter P	869
1595	1729	Charasis Tome	778
1596	1730	Charasis Tome Copy	778
1597	22125	Charcoal	733
1598	19045	Charger Hoof Chips	1031
1599	10617	Charm and Sacrifice	778
1600	29609	Charred Black Staff	602
1601	17996	Charred Bone Box	608
1602	14102	Charred Bone Chips	804
1603	20362	Charred Bone Key	1078
1604	12669	Charred Bone Shards	907
1605	4307	Charred Boots	844
1606	7036	Charred Dagger	592
1607	4306	Charred Gauntlets	846
1608	4305	Charred Guardian Breastplate	624
1609	9311	Charred Guardian Shield	805
1610	10083	Charred Pearl	953
1611	10084	Charred Ruby	964
1612	1684	Charred Scale	1234
1613	5633	Charred Tulwar	1169
1614	26024	Chelaki Tail	596
1615	31324	Chestplate of Fiery Might	624
1616	6879	Chestplate of Stability	624
1617	25044	Chestplate of Vindication	624
1618	4926	Chestplate of the Constant	624
1619	4404	Chestplate of the Dark Flame	624
1620	26002	Chetari Bonecrafted Shield	974
1621	26001	Chetari Wardstaff	887
1622	19039	Chief's Tongue	1087
1623	1092	Chief Ry`Gorr's Head	996
1624	11966	Chieftain's Headress	548
1625	1673	Child's Tear	1160
1626	30017	Chill Dagger	592
1627	29118	Chilled Scythe	579
1628	20467	Chilled Tundra Root	583
1629	25627	Chipped Amber	951
1630	25819	Chipped Black Marble	956
1631	25618	Chipped Black Pearl	767
1632	25641	Chipped Black Sapphire	965
1633	25624	Chipped Bloodstone	947
1634	10105	Chipped Bone Bracelet	505
1635	10102	Chipped Bone Collar	501
1636	14510	Chipped Bone Rod	810
1637	25642	Chipped Diamond	966
1638	25634	Chipped Emerald	958
1639	25638	Chipped Fire Emerald	962
1640	25636	Chipped Fire Opal	960
1641	25623	Chipped Hematite	767
1642	25628	Chipped Jade	952
1643	25625	Chipped Jasper	949
1644	25827	Chipped Onyx Sapphire	965
1645	25635	Chipped Opal	959
1646	25640	Chipped Ruby	964
1647	25639	Chipped Sapphire	963
1648	25626	Chipped Star Rose Quartz	950
1649	25637	Chipped Star Ruby	961
1650	25608	Chipped Velium Amulet	1043
1651	25643	Chipped Wolf's Eye Agate	767
1652	3305	Chitin Shell Armor	538
1653	9351	Chitin Shell Shield	970
1654	16571	Chocolate Cookies	1086
1655	19992	Chocolate Marr Cherries	911
1656	16572	Chocolate Muffins	1105
1657	14979	Chokai Bass	775
1658	14735	Choker of Majdd	502
1659	1742	Choker of the Wretched	501
1660	5706	Chokidai Hide Pauldrons	798
1661	4919	Chokidai Hide Spaulders	668
1662	5827	Chokidai Jerky	6416
1663	14065	Choking Asmag	806
1664	1224	Chord of Vines	572
1665	16818	Chromadrac Wing	908
1666	20527	Chromodrac Gut	853
1667	2059	Chronium Plate	1036
1668	13906	Chrono Cyclone	649
1669	10146	Chrysoberyl Talisman	752
1670	2058	Chunk of Chronium Ore	1138
1671	28020	Chunk of Ice	946
1672	13085	Chunk of Meat	817
1673	10060	Chunk of Metal Ore	767
1674	13124	Chunk of Ogre Flesh	817
1675	20690	Chunk of Tundra	1095
1676	3886	Chunk of Tynnonium	1138
1677	17991	Cinched Stomach Pouch	582
1678	5066	Cinctured Whip	596
1679	16836	Cinder Hornet Pollen	1076
1680	16847	Cinnabar	1138
1681	14954	Cinnamon Sticks	978
1682	22702	Circle Hook	522
1683	14328	Circle of Stones	500
1684	20860	Circlet of Brambles	505
1685	25052	Circlet of Cerulean Smoke	937
1686	25521	Circlet of Conjuration	1124
1687	14779	Circlet of Fire	511
1688	2358	Circlet of Mist	1124
1689	14730	Circlet of Shadow	523
1690	29400	Circlet of Shadows	523
1691	31394	Circlet of Silver Skies	511
1692	31417	Circlet of Suffering	523
1693	31322	Circlet of Summer	523
1694	25037	Circlet of Tallon	523
1695	25034	Circlet of Vallon	523
1696	1867	Circlet of the Falinkan	511
1697	25405	Circlet of the Invoker	1124
1698	0	Circlet of the Struggle	1057
1699	10258	Clarifying Spores	854
1700	31379	Claw of Lightning	971
1701	5636	Claw of Phara Dar	975
1702	29647	Clawed Griffin Sword	1211
1703	1172	Clawed Guardian Bracer	520
1704	10403	Clawed Knuckle-Ring	872
1705	2086	Clay/water mixture	1090
1706	2359	Clay Bracelet	505
1707	9030	Clay Guardian Shield	606
1708	10330	Clay Totem	895
1709	2087	Clay coated blade	890
1710	5011	Claymore	603
1711	20689	Clean Lakewater	584
1712	20698	Cleansed Spirit of Antonica	507
1713	20697	Cleansed Spirit of Faydwer	507
1714	20699	Cleansed Spirit of Kunark	507
1715	0	Cleansing Pumice	507
1716	13806	Cloak Pattern	504
1717	12041	Cloak Sectional Mold	1151
1718	6811	Cloak of Confusion	842
1719	22819	Cloak of Crystalline Waters	658
1720	11621	Cloak of Flames	658
1721	5729	Cloak of Imperception	840
1722	2915	Cloak of Jaggedpine	663
1723	2322	Cloak of Leaves	657
1724	2322	Cloak of Leaves	657
1725	1627	Cloak of Piety	658
1726	1546	Cloak of Scales	657
1727	2408	Cloak of Shadows	657
1728	31397	Cloak of Silver Eyes	661
1729	1278	Cloak of Spiroc Feathers	658
1730	31366	Cloak of Thorns	840
1731	31390	Cloak of Venom	662
1732	2192	Cloak of the Assassin	656
1733	1326	Cloak of the Cave Bear	841
1734	25207	Cloak of the Falling Stars	842
1735	1551	Cloak of the Fearsome	841
1736	31471	Cloak of the Fire Storm	658
1737	1526	Cloak of the Forlorn	656
1738	2400	Cloak of the Ice Bear	839
1739	25023	Cloak of the Maelstrom	659
1740	25612	Cloak of the Ry`Gorr Oracles	839
1741	24752	Cloak of the Seacaller	660
1742	31376	Cloak of the Sky	659
1743	2317	Cloak of the Undead Eye	842
1744	22763	Clockwork Koi	775
1745	9111	Clockwork Oil Extract	599
1746	12359	Clockwork Oil Stout	584
1747	29512	Clockwork Watchman Boots	524
1748	29509	Clockwork Watchman Bracer	516
1749	29507	Clockwork Watchman Breastplate	624
1750	29510	Clockwork Watchman Gauntlets	531
1751	29511	Clockwork Watchman Greaves	540
1752	29506	Clockwork Watchman Helm	550
1753	29508	Clockwork Watchman Vambraces	622
1754	1001	Cloth Cap	639
1755	1006	Cloth Cape	656
1756	1003	Cloth Choker	500
1757	1176	Cloth Coldain Prayer Shawl	665
1758	1007	Cloth Cord	572
1759	1010	Cloth Gloves	517
1760	1011	Cloth Pants	631
1761	1012	Cloth Sandals	666
1762	1005	Cloth Shawl	665
1763	1004	Cloth Shirt	678
1764	1008	Cloth Sleeves	670
1765	1002	Cloth Veil	677
1766	1009	Cloth Wristband	638
1767	14514	Cloudy Potion	585
1768	10094	Cloudy Stone of Veeshan	956
1769	14240	Clover	1073
1770	6001	Club	737
1771	30071	Club of the Ice Ocean	1194
1772	14235	Clubmoss	1202
1773	13090	Clump of Dough	1090
1774	12335	A Clump of Gorilla Hair	794
1775	12714	A Coarse Iron Needle	574
1776	19121	Cobalt Abalone	998
1777	4521	Cobalt Boots	524
1778	4518	Cobalt Bracer	516
1779	4516	Cobalt Breastplate	624
1780	22766	Cobalt Cod	775
1781	19173	Cobalt Cup Cakes	784
1782	24806	Cobalt Drake Belt	564
1783	24811	Cobalt Drake Boots	633
1784	24805	Cobalt Drake Cloak	660
1785	24809	Cobalt Drake Gloves	636
1786	24802	Cobalt Drake Gorget	643
1787	28517	Cobalt Drake Hide	835
1788	24810	Cobalt Drake Leggings	635
1789	24801	Cobalt Drake Mask	771
1790	24804	Cobalt Drake Shoulderpads	668
1791	24800	Cobalt Drake Skullcap	640
1792	24807	Cobalt Drake Sleeves	634
1793	24803	Cobalt Drake Tunic	632
1794	24808	Cobalt Drake Wristbands	637
1795	4519	Cobalt Gauntlets	531
1796	4520	Cobalt Greaves	540
1797	4515	Cobalt Helm	746
1798	19126	Cobalt Rock Crab	926
1799	4517	Cobalt Vambraces	622
1800	11935	Cockatrice Beak	1098
1801	12787	Cockatrice Egg	969
1802	19180	Cod Oil	1006
1803	12316	Code of Zan Fi	789
1804	14769	Coercion Implant	752
1805	29513	Cogs	731
1806	12691	A Coin	646
1807	20516	Coin Depicting Innoruuk	645
1808	17511	A Coin Pouch	582
1809	10790	Coin of Tash	646
1810	1518	Cold Iron Boots	524
1811	1515	Cold Iron Bracers	516
1812	1511	Cold Iron Breastplate	624
1813	1510	Cold Iron Collar	626
1814	1516	Cold Iron Gauntlets	531
1815	1513	Cold Iron Girdle	549
1816	1517	Cold Iron Greaves	540
1817	1508	Cold Iron Helm	550
1818	1509	Cold Iron Mask	772
1819	6355	Cold Iron Morning Star	741
1820	1512	Cold Iron Pauldron	798
1821	1522	Cold Iron Shackle	620
1822	1514	Cold Iron Vambraces	546
1823	29007	Cold Plate of Beef and Bread	783
1824	25591	Cold Steel Boots	545
1825	25587	Cold Steel Breastplate	624
1826	25590	Cold Steel Gauntlets	531
1827	25589	Cold Steel Greaves	611
1828	25592	Cold Steel Helmet	628
1829	25588	Cold Steel Vambraces	546
1830	28512	Cold Water Barracuda Meat	817
1831	30149	Coldain Crossbow	597
1832	30081	Coldain Head	990
1833	9725	Coldain Heater	831
1834	30369	Coldain Hero's Insignia Ring	617
1835	18981	Coldain History: Volume I	789
1836	18982	Coldain History: Volume II	789
1837	18983	Coldain History: Volume III	789
1838	18984	Coldain History: Volume IV	789
1839	18985	Coldain History: Volume V	789
1840	18986	Coldain History: Volume VI	789
1841	30135	Coldain Hunting Blanket	553
1842	30137	Coldain Hunting Knife	591
1843	19976	Coldain Ice Beer	703
1844	30168	Coldain Military Wristguard	620
1845	25182	Coldain Pickles	1018
1846	25027	Coldain Skin Boots	633
1847	25026	Coldain Skin Gloves	636
1848	30140	Coldain Smithing Hammer	567
1849	17863	Coldain Tanners Kit	892
1850	30263	Coldain Velium-Pick	888
1851	30217	Coldain Velium Dagger	592
1852	30216	Coldain Velium Great Staff	602
1853	30210	Coldain Velium Long Sword	590
1854	30215	Coldain Velium Morning Star	741
1855	30219	Coldain Velium Rapier	762
1856	30213	Coldain Velium Scimitar	604
1857	30212	Coldain Velium Short Sword	580
1858	30218	Coldain Velium Spear	776
1859	22564	Coldain Velium Temper	1160
1860	30211	Coldain Velium Two Handed Sword	519
1861	30214	Coldain Velium Warhammer	581
1862	29674	Coldstone Wreath	1072
1863	16863	Collapsible Fishing Pole	1143
1864	17162	Collapsible Mixing Bowl	858
1865	17164	Collapsible Spit	1014
1866	3572	Collar of Might	627
1867	12367	Collar of Neshika	643
1868	10359	Collar of Undead Protection	502
1869	1721	Collar of the Storm	560
1870	0	Collector's Kerran Doll	720
1871	0	Collector's Kromrif Signet	645
1872	13571	Colorfully Patched Tunic*	678
1873	7300	Combine Dagger	592
1874	6312	Combine Great Staff	602
1875	5303	Combine Long Sword	590
1876	6311	Combine Morning Star	741
1877	7311	Combine Rapier	762
1878	5313	Combine Scimitar	604
1879	5305	Combine Short Sword	580
1880	7301	Combine Spear	776
1881	5304	Combine Two Handed Sword	519
1882	6303	Combine Warhammer	581
1883	28012	Combined Parchment	868
1884	14228	Comfrey	795
1885	12000	Compass	750
1886	2084	Complete raw blade	890
1887	2085	Complete shaped blade	890
1888	30047	Completed Map of Iceclad	869
1889	0	Completed Soul Trap	609
1890	17041	Component Chest	608
1891	17020	Component Mortar	857
1892	13342	Conch Shell	1139
1893	28513	Conch Shell Horn	998
1894	17504	Concordance of Research	777
1895	14746	Cone of the Mystics	973
1896	2344	Confession Document	682
1897	18183	Conium's Notebook Part One	865
1898	18184	Conium's Notebook Part Two	865
1899	16981	Constrict Suspension	599
1900	12062	Container Base Mold	1151
1901	12069	Container Lid Mold	1151
1902	10266	Container of Infectious Reagents	1144
1903	0	Contraption Parts	1027
1904	13482	Cookies	785
1905	20751	Copper Air Band	748
1906	10010	Copper Amulet	754
1907	10004	Copper Band	748
1908	30131	Copper Coldain Insignia Ring	748
1909	20936	Copper Disc	647
1910	13733	Copper Ring (Ring of Opolla)	748
1911	0	Copper Sheet	1036
1912	12839	A Coppernickel Key	1077
1913	10603	Copy of Notes	504
1914	25817	Coral Crescent	953
1915	28051	Coral Statue of Tarew	895
1916	7316	Coral Trident	1163
1917	16851	Cork	1038
1918	24928	Corroded Breastplate	624
1919	24938	Corroded Chain Boots	844
1920	24939	Corroded Chain Bracer	620
1921	24940	Corroded Chain Coif	625
1922	24941	Corroded Chain Gauntlets	846
1923	24936	Corroded Chain Leggings	630
1924	24937	Corroded Chain Sleeves	543
1925	24935	Corroded Chain Tunic	538
1926	24931	Corroded Plate Boots	545
1927	24932	Corroded Plate Bracer	671
1928	24934	Corroded Plate Gauntlets	531
1929	24929	Corroded Plate Greaves	540
1930	24933	Corroded Plate Helmet	746
1931	24930	Corroded Plate Vambraces	546
1932	14070	Corrosive Solvent	806
1933	20842	Corrosive Venom	1006
1934	31430	Corrupted Fauns Skin	554
1935	14367	Corrupted Ghoulbane	519
1936	31429	Corrupted Panther Skin	556
1937	31428	Corrupted Unicorns Skin	556
1938	30019	Cougar Claw Earring	800
1939	30020	Cougarskin Boots	633
1940	30027	Cougarskin Mask	771
1941	30028	Cougarskin Sleeves	634
1942	14365	Cough Elixir	584
1943	1777	Courier's Head	989
1944	5735	Courier`s Potion	1159
1945	26025	Cowl of Mortality	625
1946	10703	Coyote Pelt	555
1947	9130	Coyote Skull	744
1948	16826	Coyotetail	1198
1949	10906	Cracked Branch	602
1950	26027	Cracked Claw of Zlandicar	975
1951	2173	Cracked Corrupt Guard Helm	506
1952	9309	Cracked Darkwood Shield	805
1953	19135	Cracked Dragon Bone	601
1954	17927	Cracked Emerald	958
1955	13310	A Cracked Flute	751
1956	13132	Cracked Giant Scarab Carapace	927
1957	20634	Cracked Glass Key	1081
1958	20992	Cracked Leather Belt	564
1959	20796	Cracked Leather Eyepatch	595
1960	3896	Cracked Mirror of Self-Loathing	1147
1961	1075	Cracked Paineel Shield	805
1962	12790	Cracked Shell	1139
1963	6018	Cracked Staff	601
1964	4177	Crafted Bracers	516
1965	4174	Crafted Breastplate	624
1966	4178	Crafted Gauntlets	531
1967	4179	Crafted Greaves	540
1968	4173	Crafted Helm	550
1969	4175	Crafted Pauldron	798
1970	4180	Crafted Plate Boots	524
1971	4176	Crafted Vambraces	622
1972	27080	Crafted Velium Battle Axe	1166
1973	27049	Crafted Velium Brawl Stick	1175
1974	27040	Crafted Velium Claidhmore	1211
1975	27090	Crafted Velium Knuckledusters	1179
1976	27028	Crafted Velium Spear	776
1977	27060	Crafted Velium War Lance	742
1978	27008	Crafted Velium Warsword	575
1979	14079	Cranial Cryofrost	808
1980	29327	Craslith	519
1981	17979	Crate for Tonics	608
1982	1776	Crate full of Ore	608
1983	13925	Crate of Defective Arrows	723
1984	13971	Crate of Rotten Carrots	723
1985	12336	A Crate of Tonic	608
1986	9846	Crazy Cleric Arm Plate	622
1987	9850	Crazy Cleric Boots	524
1988	9844	Crazy Cleric Breastplate	624
1989	29657	A Crazy Cleric Doll	720
1990	9848	Crazy Cleric Gauntlets	531
1991	9849	Crazy Cleric Greaves	540
1992	9845	Crazy Cleric Helm	523
1993	9847	Crazy Cleric Wrist Guard	516
1994	12845	Creeper Cabbage	922
1995	16971	Creeper Ivy	1145
1996	1612	Crescent Arm Wraps	634
1997	22825	Crescent Blades of Luclin	1179
1998	1614	Crescent Fighting Gloves	636
1999	1611	Crescent Gi	838
2000	1610	Crescent Headband	938
2001	1615	Crescent Pants	635
2002	1616	Crescent Slippers	633
2003	24867	Crest of the Drixie	1002
2004	24868	Crest of the Faerie Dragons	1002
2005	24865	Crest of the Fauns	1002
2006	24866	Crest of the Sifaye	1002
2007	24869	Crest of the Unicorn	1002
2008	24864	Crest of the Wood Nymphs	1002
2009	30250	Crested Blood Wolf Harness	719
2010	4300	Crested Helm	745
2011	9310	Crested Mistmoore Shield	976
2012	4302	Crested Spaulders	798
2013	27215	Crial's Talisman	510
2014	18451	Crier's Scroll	863
2015	14518	Crimson Potion	695
2016	11695	Crimson Ring of Desinence	617
2017	27706	Crimson Ring of the Djinni	872
2018	11641	Crimson Robe of Alendine	930
2019	13692	Crimson Sr Apprentice Robe*	931
2020	20931	Crimson Tessera	734
2021	13585	Crimson Training Tunic*	678
2022	13585	Crimson Training Tunic*	678
2023	14083	Crippling Peptide	808
2024	7315	Crookstinger	575
2025	14309	Crookstinger Poison	697
2026	8940	Cros Treewind's Staff	601
2027	28265	Crossbone Cape	652
2028	13901	Crow's Special Brew	586
2029	6830	Crown of Distraction	511
2030	20764	Crown of Elemental Mastery	511
2031	31042	Crown of Forbidden Rites	523
2032	31807	Crown of Harmony	523
2033	2191	Crown of Hatred	511
2034	4504	Crown of King Tranix	523
2035	2321	Crown of Leaves	511
2036	1746	Crown of Narandi	747
2037	31372	Crown of Resiliance	523
2038	10913	Crown of Rile	511
2039	25493	Crown of Stability	523
2040	25514	Crown of the Bonecaster	511
2041	1519	Crown of the Forlorn	523
2042	10142	Crown of the Froglok Kings	511
2043	25194	Crown of the Kromzek Kings	523
2044	31182	Crown of the Myrmidon	746
2045	13799	Crows Special Brew	702
2046	20825	Crude Wooden Flute	751
2047	25151	Crunchy Coldain Head	990
2048	12773	Crunchy Crawlers	926
2049	12705	Crusader's Coffin	1142
2050	5125	Crusader's Khukri	1174
2051	18457	Crusades of the High Scale	865
2052	27537	Crushbone Battle Beads	848
2053	13318	Crushbone Belt	564
2054	13319	Crushbone Shoulderpads	668
2055	25833	Crushed Black Marble	956
2056	25834	Crushed Chrysolite	957
2057	25831	Crushed Coral	953
2058	25842	Crushed Diamond Dust	966
2059	12945	Crushed Diamonds	1075
2060	19050	Crushed Dufrenite	733
2061	25835	Crushed Emerald	958
2062	25838	Crushed Flame Emerald	962
2063	25837	Crushed Flame Opal	960
2064	25829	Crushed Jaundice Gem	951
2065	25840	Crushed Lava Ruby	964
2066	25830	Crushed Nephrite	952
2067	25841	Crushed Onyx Sapphire	965
2068	25836	Crushed Opal	959
2069	20457	Crushed Pot	1031
2070	25839	Crushed Sea Sapphire	963
2071	25832	Crushed Topaz	954
2072	28506	Crustacean Shell Boots	524
2073	28503	Crustacean Shell Bracers	516
2074	28501	Crustacean Shell Breastplate	624
2075	28504	Crustacean Shell Gauntlets	531
2076	28505	Crustacean Shell Greaves	540
2077	28500	Crustacean Shell Helm	550
2078	28507	Crustacean Shell Shield	542
2079	28502	Crustacean Shell Vambraces	622
2080	1215	Cryosilk Amice	668
2081	1219	Cryosilk Bracelet	637
2082	1211	Cryosilk Cap	640
2083	1213	Cryosilk Choker	643
2084	1216	Cryosilk Cloak	660
2085	1220	Cryosilk Gloves	636
2086	1222	Cryosilk Lined Shoes	633
2087	1221	Cryosilk Pantaloons	635
2088	1214	Cryosilk Robe	838
2089	1217	Cryosilk Sash	564
2090	1218	Cryosilk Sleeves	634
2091	1212	Cryosilk Veil	677
2092	9401	Cryosilk Webshield	973
2093	5738	Crypt Master`s Conjuring Stone	767
2094	7226	Cryptrobber's Knife	575
2095	7306	Crysknife	575
2096	25288	Crystal Chitin Armplates	622
2097	25289	Crystal Chitin Boots	545
2098	25284	Crystal Chitin Chestguard	927
2099	25291	Crystal Chitin Circlet	1124
2100	25290	Crystal Chitin Gauntlets	529
2101	25286	Crystal Chitin Leggings	540
2102	25287	Crystal Chitin Shield	972
2103	10839	Crystal Claw of Veeshan	890
2104	25601	Crystal Covered Shroud	838
2105	25096	Crystal Crown of Confusion	511
2106	11638	Crystal Dragon Eye	958
2107	14035	Crystal Eritus	808
2108	25645	Crystal Fiber	596
2109	25650	Crystal Grinder	1182
2110	20033	Crystal Key	1080
2111	25649	Crystal Lined Slippers	764
2112	27702	Crystal Mask	771
2113	16823	Crystal Nightshade	1200
2114	10363	Crystal Ring	616
2115	25296	Crystal Rod of Confusion	810
2116	25282	Crystal Spider Eyes	507
2117	25607	Crystal Webshield	973
2118	10387	Crystal of Seeing	507
2119	2659	Crystalized Web Silk	972
2120	25613	Crystalline Belt	719
2121	5502	Crystalline Blade	580
2122	22771	Crystalline Cave Fish	775
2123	30261	Crystalline Claw Dagger	1214
2124	30236	Crystalline Eye	1129
2125	10218	Crystalline Orb	507
2126	25602	Crystalline Robes	838
2127	5642	Crystalline Short Sword	1174
2128	25306	Crystalline Silk	782
2129	25553	Crystalline Silk Belt	533
2130	25651	Crystalline Silk Cap	640
2131	25656	Crystalline Silk Cloak	660
2132	25653	Crystalline Silk Collar	643
2133	1830	Crystalline Silk Fiber	823
2134	25660	Crystalline Silk Gloves	517
2135	25655	Crystalline Silk Mantle	668
2136	25652	Crystalline Silk Mask	677
2137	25558	Crystalline Silk Mask (Lore)	772
2138	11636	Crystalline Silk Mesh	782
2139	25648	Crystalline Silk Net	782
2140	25661	Crystalline Silk Pantaloons	635
2141	25657	Crystalline Silk Sash	932
2142	25654	Crystalline Silk Shirt	714
2143	25658	Crystalline Silk Sleeves	634
2144	25662	Crystalline Silk Slippers	666
2145	25663	Crystalline Silk Swatch	823
2146	1829	Crystalline Silk Thread	851
2147	25659	Crystalline Silk Wristbands	637
2148	11610	Crystalline Spear	740
2149	25285	Crystalline Spider Fang	763
2150	25554	Crystalline Torque	535
2151	25696	Crystallized Blade	590
2152	16986	Crystallized Marrow	804
2153	14524	Crystallized Pumice	507
2154	29222	Crystallized Shadow Belt	548
2155	29220	Crystallized Shadow Boots	780
2156	29225	Crystallized Shadow Bracer	637
2157	29242	Crystallized Shadow Claymore	519
2158	29248	Crystallized Shadow Dagger	592
2159	29226	Crystallized Shadow Gloves	636
2160	29227	Crystallized Shadow Helm	640
2161	29221	Crystallized Shadow Leggings	845
2162	29241	Crystallized Shadow Long Sword	590
2163	29250	Crystallized Shadow Rapier	762
2164	29244	Crystallized Shadow Scimitar	604
2165	29243	Crystallized Shadow Short Sword	580
2166	29224	Crystallized Shadow Sleeves	669
2167	29249	Crystallized Shadow Spear	776
2168	29246	Crystallized Shadow Star	741
2169	29223	Crystallized Shadow Tunic	621
2170	29245	Crystallized Shadow Warhammer	581
2171	29203	Crystallized Shadows	733
2172	16976	Crystallized Sulfur	1074
2173	25646	Crystallized Sword	590
2174	25647	Crystallized Two Handed Sword	519
2175	31231	Crystasia`s Crystal Ring	880
2176	12170	Crytil's Tongue	1087
2177	31822	Culler	1529
2178	13488	Cup Cakes	784
2179	13089	Cup of Flour	881
2180	7483	Cured Leather Tubing	572
2181	1185	Cured Silk Cloak	660
2182	1182	Cured Silk Collar	643
2183	1183	Cured Silk Gi	714
2184	1189	Cured Silk Handwraps	812
2185	1180	Cured Silk Headband	640
2186	1190	Cured Silk Leggings	635
2187	1184	Cured Silk Mantle	668
2188	1181	Cured Silk Mask	677
2189	1191	Cured Silk Sandals	666
2190	1186	Cured Silk Sash	932
2191	1187	Cured Silk Sleeves	634
2192	1188	Cured Silk Wristbands	637
2193	30255	Cured Tizmak Gloves	636
2194	30254	Cured Tizmak Surcoat	632
2195	4276	Curscale Belt	572
2196	4281	Curscale Boots	666
2197	12674	Curscale Buckler	759
2198	4275	Curscale Cape	656
2199	4272	Curscale Choker	500
2200	4279	Curscale Gloves	517
2201	4280	Curscale Leggings	631
2202	4274	Curscale Shawl	665
2203	4270	Curscale Skullcap	639
2204	4277	Curscale Sleeves	670
2205	4271	Curscale Snout Mount	677
2206	4273	Curscale Tunic	678
2207	12788	Cursed Clover of Viesar	1073
2208	0	Cursed Dye	1159
2209	12406	Cursed Wafers	1086
2210	22079	Curved Blade Mold	1151
2211	31525	Custom Blood Lord's Crown	523
2212	31519	Custom Champion's Crown	746
2213	2612	Custom Cowl of Mortality	625
2214	31518	Custom Crown of Forbidden Rites	523
2215	2611	Custom Crown of the Kromzek Kings	523
2216	31529	Custom Crown of the Myrmidon	746
2217	31515	Custom Dark Runed Crown	523
2218	2610	Custom Frostreaver's Velium Crown	523
2219	31527	Custom Helm of Twilight	746
2220	31520	Custom Malevolent Crown	523
2221	31517	Custom Resonant Helm	746
2222	31516	Custom Runed Protector's Helm	746
2223	31526	Custom Scaled Knight's Helm	746
2224	31521	Custom Shining Helm	746
2225	31523	Custom Templar's Crown	523
2226	31522	Custom Troubadour's Helm	746
2227	31524	Custom Warlord's Crown	523
2228	1886	Cutlassfish Oil	1158
2229	9921	Cutthroat Golden Tooth	803
2230	1903	Cutthroat Insignia Ring	674
2231	30065	Cutting Shells	998
2232	16987	Cyclamine Corm	1000
2233	14036	Cyclan Butil	808
2234	14085	Cyclic Vertigo	808
2235	10570	Cyclops Charm	1056
2236	13927	Cyclops Eye	859
2237	12308	Cyclops skull	1070
2238	16543	Cyclops Toes	1094
2239	12308	Cyclops skull	1070
2240	31861	Da Oogly Stick	602
2241	3679	Dabner's Staff of Recall	601
2242	14815	Daelione's Implant	951
2243	31338	Dagarn's Tail	596
2244	11674	Dagas	576
2245	7001	Dagger	592
2246	9997	Dagger*	592
2247	22074	Dagger Blade Mold	1151
2248	12692	Dagger Hilt	732
2249	7323	Dagger of Dropping	592
2250	7252	Dagger of Frost	1214
2251	13169	Dagger of Marnek	574
2252	12742	Dai Nozok skull canopic	1018
2253	18837	A Daily Log	504
2254	30501	Dain Frostreaver's Head	990
2255	19982	Dain`s Choice Porter	703
2256	1153	Dainty Gloves	517
2257	17201	Dakoit Coin Purse	582
2258	22668	Damaged Annals	861
2259	13999	Damaged Catman Skin	834
2260	28046	Damaged Goblin Crown	523
2261	6924	Damaged Gorilla Hide	554
2262	13921	Damaged Militia Helm	550
2263	1335	Damask Amice	668
2264	1331	Damask Cap	640
2265	1336	Damask Cape	660
2266	1333	Damask Collar	643
2267	1340	Damask Gloves	636
2268	1341	Damask Leggings	635
2269	1334	Damask Robe	838
2270	1337	Damask Sash	564
2271	1338	Damask Sleeves	634
2272	1332	Damask Veil	677
2273	1339	Damask Wristbands	637
2274	16520	Damiana	795
2275	14976	Danak Grouper	775
2276	1682	Danl's Reference	1004
2277	13166	Dareb's Skull	1070
2278	4263	Dark Binder Skullcap	1070
2279	22110	Dark Blue Dye	1160
2280	10518	Dark Bone Chips	804
2281	10564	Dark Boned Bracelet	505
2282	13742	Dark Circlet	938
2283	27731	Dark Cloak of the Sky	659
2284	13846	Dark Elf Decapitated Head	989
2285	12245	Dark Elf Head	989
2286	13422	Dark Elf Parts	817
2287	30143	Dark Ember	903
2288	13676	Dark Gold Sr Apprentice Robe*	942
2289	22104	Dark Green Dye	1156
2290	3310	Dark Mail Gauntlets	530
2291	20447	Dark Metal Coin	647
2292	3624	Dark Muslin Amice	668
2293	3620	Dark Muslin Cap	640
2294	3622	Dark Muslin Collar	643
2295	3629	Dark Muslin Gloves	636
2296	3630	Dark Muslin Leggings	635
2297	3626	Dark Muslin Sash	564
2298	3627	Dark Muslin Sleeves	634
2299	3623	Dark Muslin Tunic	838
2300	3621	Dark Muslin Veil	677
2301	3628	Dark Muslin Wristbands	637
2302	12953	Dark Oak Shillelagh	602
2303	13597	Dark Purple Robe*	928
2304	22107	Dark Red Dye	1157
2305	5762	Dark Root Ink	1006
2306	31006	Dark Runed Boots	524
2307	31003	Dark Runed Bracer	516
2308	31001	Dark Runed Breastplate	624
2309	31000	Dark Runed Crown	746
2310	31004	Dark Runed Gauntlets	531
2311	31005	Dark Runed Greaves	540
2312	0	Dark Runed Pauldron	798
2313	31002	Dark Runed Vambraces	622
2314	11478	Dark Rust Boots	844
2315	11479	Dark Rust Bracer	516
2316	4317	Dark Scale Greaves	540
2317	5703	Dark Scale Sleeves	546
2318	12258	Dark Shield of Ebon	759
2319	14377	Dark Shroud	656
2320	25051	Dark Spear of Venom	740
2321	20957	Dark Spiroc Feather	1146
2322	13552	Dark Stained Purple Robe*	928
2323	13587	Dark Stained Training Robe*	713
2324	13587	Dark Stained Training Robe*	713
2325	20808	Dark Wood	1084
2326	22113	Dark Yellow Dye	1158
2327	16979	Darkbone Marrow	804
2328	10558	Darkbone Skull	1070
2329	1544	Darkbrood Mask	770
2330	3146	Darkforge Boots	844
2331	3143	Darkforge Bracer	620
2332	3141	Darkforge Breastplate	538
2333	3144	Darkforge Gauntlets	846
2334	3145	Darkforge Greaves	845
2335	3140	Darkforge Helm	523
2336	3142	Darkforge Vambraces	543
2337	31821	Darkmetal Falchion	1178
2338	6500	Darkmetal Holy Water Sprinkler	741
2339	7051	Darksea Harpoon	776
2340	5764	Darksight Dagger	574
2341	20767	Darkstone Emerald	958
2342	2190	Darkwar Mask	772
2343	9201	Darkwood Aegis	758
2344	8084	Darkwood Bow Staff	601
2345	6048	Darkwood Staff	601
2346	17703	Darkwood Trunk	609
2347	11648	DawnFire, Morning Star of Light	741
2348	31346	Dawncaller, Blade of the Morning	577
2349	11555	Dawnchaser	776
2350	25426	Dazzling Circlet	511
2351	25430	Dazzling Gloves	636
2352	25427	Dazzling Robe	838
2353	25428	Dazzling Sleeves	634
2354	25432	Dazzling Slippers	666
2355	25431	Dazzling Trousers	635
2356	25429	Dazzling Wristguard	671
2357	12464	Deadbone Barley	539
2358	6623	Deadwood Stave	601
2359	16559	Death Cap	1206
2360	10217	Death Scarab Gland	1136
2361	6641	Deathbringer's Rod	887
2362	13794	Deathfist Pawn Scalp	555
2363	13917	Deathfist Shoulderpads	668
2364	13916	Deathfist Slashed Belt	564
2365	5627	Deathwatch Sword	519
2366	12285	Decayed Breastplate	624
2367	12286	Decayed Chainmail	538
2368	12283	Decayed Helm	523
2369	12296	Decayed Left Boot	844
2370	12290	Decayed Left Bracer	620
2371	12292	Decayed Left Gauntlet	846
2372	12294	Decayed Left Legplate	540
2373	12288	Decayed Left Vambrace	543
2374	12295	Decayed Right Boot	844
2375	12289	Decayed Right Bracer	620
2376	12291	Decayed Right Gauntlet	846
2377	12293	Decayed Right Legplate	540
2378	12287	Decayed Right Vambrace	543
2379	12284	Decayed Visor	770
2380	13325	Decaying Heart	820
2381	25383	Deceiver's Boots	524
2382	25380	Deceiver's Bracer	516
2383	25378	Deceiver's Chestguard	624
2384	25377	Deceiver's Crown	523
2385	25381	Deceiver's Gauntlets	531
2386	25382	Deceiver's Greaves	540
2387	25379	Deceiver's Vambraces	622
2388	30818	Decisive Boots of the Kin	779
2389	17054	Deck of Spontaneous Generation	836
2390	1567	Declaration of War	866
2391	14371	Decrepit Hide	555
2392	14366	Decrepit Sheath	726
2393	0	Deep Fungus Mold	797
2394	5377	Deep Six Cutlass	604
2395	4549	Deepwater Boots	524
2396	4546	Deepwater Bracer	516
2397	4544	Deepwater Breastplate	624
2398	4547	Deepwater Gauntlets	531
2399	12311	Deepwater Goblin Net	677
2400	4548	Deepwater Greaves	540
2401	5414	Deepwater Harpoon	736
2402	4543	Deepwater Helm	746
2403	0	Deepwater Ink	696
2404	4545	Deepwater Vambraces	622
2405	25080	Defiance	1186
2406	12868	Defiled Drape of the Brood	929
2407	14044	Degenerated Guk Weed	1233
2408	27242	Del Sapara's Talisman	510
2409	31425	Delar's Head	920
2410	29635	Delgin's Sceptre	821
2411	18136	Delius Thyme's Diary Pg. 74	504
2412	18137	Delius Thyme's Diary Pg. 75	504
2413	18138	Delius Thyme's Diary Pg. 76	504
2414	18142	Delivered Note	778
2415	16842	Delphinium	1196
2416	14053	Delusional Swiftness	808
2417	17966	Deluxe Sewing Kit	892
2418	17877	Deluxe Toolbox	730
2419	1688	Demon Fangs	801
2420	27724	Denon's Horn of Disaster	594
2421	6576	Dented Battleshield	542
2422	3314	Dented Brass Mask	772
2423	31423	Derakor's Head	920
2424	27245	Derasinel's Talisman	510
2425	20901	Desert Tarantula Chitin	927
2426	5796	Desiccated Halfling Mask	771
2427	22759	Despair Chub	775
2428	29677	Despair Needle	574
2429	9025	Devlas Ilkvel	676
2430	14224	Dhea	1155
2431	5728	Di'Zok Signet of Service	1045
2432	5708	Di'zok Imperial Katana	890
2433	5719	Di'zok Wristsnapper	578
2434	10346	Di`zok Begirding	674
2435	5806	Di`zok Escape Staff	686
2436	0	Di`zok Insignia	648
2437	5714	Di`zok Oracle Shillelagh	686
2438	5730	Di`zok Sceptre of Authority	822
2439	18878	Diablerie	778
2440	18879	Diablerie II	778
2441	10037	Diamond	966
2442	16884	Diamond Dust	1075
2443	14705	Diamond Electrum Mask	1063
2444	6674	Diamond Encrusted Staff	602
2445	11570	Diamond Rod	821
2446	13907	Diamond Vale	652
2447	29210	Diamond Wedding Band	1064
2448	10165	Diamondine Earring	534
2449	20943	Diaphanous Globe	947
2450	14071	Dilapidating Ash	808
2451	17305	Dimensional Hole	884
2452	25019	Dire Wolf-Hide Cloak	658
2453	19975	Dire Wolf Pale Ale	827
2454	30018	Direwolf Fur Cloak	660
2455	30029	Direwolf Fur Hood	640
2456	18146	Dirge of the ForgeFire	778
2457	1465	Dirk of the Dain	574
2458	1094	Dirk of the Traitor	574
2459	18765	Dirt Covered Letter	504
2460	13551	Dirt Soiled Robe*	713
2461	13515	Dirt Stained Tunic*	678
2462	28042	Dirt of Underfoot	767
2463	18438	Dirty Goblin Parchment	504
2464	13522	Dirty Gold Felt Robe*	941
2465	13536	Dirty Green Tunic*	678
2466	13526	Dirty Patched Fur Tunic*	678
2467	1423	Dirty Pot	1017
2468	13596	Dirty Purple Robe*	928
2469	13504	Dirty Training Tunic*	678
2470	1431	Disciple Symbol of Brell Serilis	566
2471	1438	Disciple Symbol of Cazic Thule	566
2472	1370	Disciple Symbol of Innoruuk	1049
2473	1565	Disciple Symbol of Quellious	850
2474	1571	Disciple Symbol of Tunare	852
2475	10264	Diseased Bone Marrow	907
2476	14785	Diseased Tongue	1087
2477	13949	Diseased Wolf Pelt	553
2478	29626	Dispelling device	652
2479	30061	Dissolving Liquid	699
2480	0	Distilled Spirits	824
2481	1597	Divinatory Concoction	585
2482	16578	Divine Crystalline Glaze	692
2483	20735	Divine Honeycomb	1069
2484	1766	Diviner's Bowl	1248
2485	10366	Djarns Amethyst Ring	612
2486	20815	Djinni Aura	823
2487	20784	Djinni Blood	1006
2488	14553	Djinni Finger Ring	872
2489	20955	Djinni Statuette	894
2490	20765	Djinni Stave	601
2491	20980	Djinni War Blade	603
2492	31227	Do`Vassir`s Gauntlets of Might	530
2493	16828	Dogbane	1201
2494	1463	Doldigun's head	990
2495	25595	Doljonijiarnimorinar	1166
2496	4570	Donal's Boots of Mourning	524
2497	4567	Donal's Bracer of Mourning	516
2498	4565	Donal's Chestplate of Mourning	624
2499	4568	Donal's Gauntlets of Mourning	531
2500	4564	Donal's Helm of Mourning	746
2501	4569	Donal's Leggings of Mourning	540
2502	4566	Donal's Vambraces of Mourning	622
2503	30147	Doogle's Signature Souvenir Mug	709
2504	19978	Doogle's Spiced Rum	1029
2505	5356	Double-Bladed Bone Axe	568
2506	27070	Double Recurved Velium Bow	1104
2507	27070	Double Recurved Velium Bow	1104
2508	20798	Dove Slippers	761
2509	27251	Draazak's Talisman	510
2510	12766	Drachling Silk	782
2511	11937	Drachnid Leg Tip	807
2512	12878	Drachnid Silk	782
2513	11981	Drachnid Thyxl	767
2514	11936	Drachnid Web Sack	1236
2515	29334	Dragon's Eye Sage Ring	1064
2516	20854	Dragon-hide Mantle	668
2517	22770	Dragon Bay Snapper	775
2518	1784	Dragon Blood	698
2519	11606	Dragon Bone Bracelet	505
2520	7204	Dragon Claw Main Gauche	1214
2521	19136	Dragon Claw Sliver	591
2522	1887	Dragon Crafted Urn	688
2523	19139	Dragon Egg	969
2524	11584	Dragon Hero Bracer	516
2525	7219	Dragon Horn Ykesha	577
2526	22807	Dragon Meat	817
2527	1157	Dragon Scaled Mask	1063
2528	12950	Dragon Scales	1088
2529	12950	Dragon Scales	1088
2530	11651	Dragon Scripture Tablet	862
2531	31354	Dragon Skin Bracelet	638
2532	6673	Dragon Spine Staff	1083
2533	0	Dragon Steak	816
2534	19995	Dragon Steaks	816
2535	29050	Dragon Tooth Choker	560
2536	1785	Dragonbane Herb	1197
2537	1889	Dragonbone Dust	1075
2538	1889	Dragonbone Dust	1075
2539	25049	Dragonhide Belt	719
2540	5837	Dragonrib Club	738
2541	29320	Dragons Blood Earring	534
2542	29332	Dragons Tear Earring	544
2543	5842	Dragonspine Rapier	762
2544	16530	Dragonwart	795
2545	1888	Dragonwing Skin	823
2546	13942	Dragoon Dirk	574
2547	2708	Drake-Hide Amice	668
2548	2706	Drake-Hide Mask	771
2549	2343	Drake-hide Leggings	635
2550	2342	Drake-hide Sleeves	634
2551	19137	Drake Egg	969
2552	19179	Drake Egg Oil	1006
2553	20834	Drake Fang	800
2554	14566	Drake Fang Amulet	1043
2555	22811	Drake Meat	817
2556	14372	Drake Spine	804
2557	2338	Drakescale Belt	564
2558	30237	Drakkel Forged Bastard Sword	577
2559	30238	Drakkel Forged Sledgehammer	903
2560	30240	Drakkel Icegrinder	903
2561	30239	Drakkel Icereaver	519
2562	1835	Drakkel Wolf Whisker	794
2563	25067	Drakkel Wolfhide Gloves	636
2564	25066	Drakkel Wolfhide Leggings	635
2565	12407	Drape of the Brood	929
2566	12867	Drape of the Seacasters	929
2567	12946	Dread Diamond	966
2568	14107	Dread Forged Shield	976
2569	1529	Dreadful Cap	1121
2570	4974	Dreadscale Boots	779
2571	4971	Dreadscale Bracer	620
2572	4969	Dreadscale Breastplate	538
2573	4972	Dreadscale Gauntlets	846
2574	4973	Dreadscale Greaves	630
2575	4968	Dreadscale Helm	523
2576	4975	Dreadscale Mask	770
2577	4970	Dreadscale Vambraces	543
2578	12640	Drench Flower	721
2579	12614	Dried Froglok Leg	1068
2580	13510	Dried Grass Tunic*	678
2581	20701	Dried Leather	532
2582	12399	A Dried Tongue	1087
2583	19035	Driftwood Pipe	904
2584	17406	Driftwood Treasure Chest	836
2585	24876	Drixie Remains	817
2586	28670	Droga Jail Key	1081
2587	7242	Drogan Obsidian Dagger	575
2588	6475	Drogan Warlord's Insignia	976
2589	2733	Drolvarg Mantle	668
2590	13829	Drom's Champagne	831
2591	22528	Drop of Grease	1153
2592	22517	Drop of Mercury	585
2593	24737	Drums of the Beast	1152
2594	22700	Dry Hook	522
2595	12036	Dual-Edged Blade Mold	1151
2596	11687	Duennan Shielding Ring	1052
2597	10073	Dufrenite	957
2598	20964	Dulcet Nectar	1006
2599	6575	Dull Black Ore	767
2600	30265	Dull Bladed Axe	568
2601	10517	Dull Bone Chips	804
2602	20442	Dull Bone Key	1078
2603	12449	Dull Cutting Disk	734
2604	10631	Dull Diamond	966
2605	20926	Dull Dragon Scale	1136
2606	10634	Dull Emerald	958
2607	13347	Dull Pearl Necklace	851
2608	10633	Dull Ruby	964
2609	10632	Dull Sapphire	963
2610	20826	Dull Stone	1095
2611	7047	Dull Wooden Spear	776
2612	22183	Duskglow Vine	1200
2613	0	Spell: Dustdevil	504
2614	2067	Dusted Starmetal Block	1138
2615	11958	Dustscryer's Crystal Ball	507
2616	1404	Dusty Bloodstained Gloves	636
2617	11953	Dusty Breastplate	624
2618	6706	A Dusty Broken Shield	542
2619	6707	A Dusty Broken Sword	603
2620	1473	Dusty Burlap Cape	656
2621	1470	Dusty Burlap Collar	500
2622	1474	Dusty Burlap Cord	572
2623	1477	Dusty Burlap Gloves	517
2624	1468	Dusty Burlap Hood	639
2625	1478	Dusty Burlap Pants	631
2626	1479	Dusty Burlap Sandals	666
2627	1472	Dusty Burlap Shawl	665
2628	1471	Dusty Burlap Shirt	678
2629	1475	Dusty Burlap Sleeves	670
2630	1469	Dusty Burlap Veil	677
2631	1476	Dusty Burlap Wristband	638
2632	30984	A Dusty Iksar Skull	1070
2633	18264	Dusty Kobold Scroll	504
2634	6704	A Dusty Old Backbone	907
2635	6703	Dusty Old Finger Bones	804
2636	6702	A Dusty Old Jawbone	906
2637	6701	A Dusty Old Leg Bone	905
2638	6700	A Dusty Old Skull	1070
2639	17081	Dusty Ransacker's Pack	884
2640	4294	Dusty Rusted Shackles	1235
2641	4295	Dusty Rusted Vambraces	543
2642	14382	Dusty Tome	778
2643	13514	Dusty Tunic*	678
2644	13332	Dwarf Bones	804
2645	13458	Dwarf Chops	815
2646	13839	Dwarf Decapitated Head	990
2647	12136	Dwarf Head	990
2648	13414	Dwarf Meat	817
2649	13120	Dwarf Pickles	1018
2650	12137	Dwarf Skull	1070
2651	13036	Dwarven Ale	703
2652	5300	Dwarven Axe	569
2653	23373	Dwarven Battle Shield	676
2654	23373	Dwarven Battle Shield	676
2655	22516	Dwarven Blood	1157
2656	4419	Dwarven Plate Breastplate	624
2657	21373	Dwarven Chain Boots	545
2658	21370	Dwarven Chain Bracelet	620
2659	21367	Dwarven Chain Cloak	661
2660	21362	Dwarven Chain Coif	625
2661	21371	Dwarven Chain Gloves	526
2662	21364	Dwarven Chain Gorget	627
2663	21372	Dwarven Chain Leggings	540
2664	21365	Dwarven Chain Mail	538
2665	21366	Dwarven Chain Mantle	769
2666	21368	Dwarven Chain Skirt	562
2667	21369	Dwarven Chain Sleeves	543
2668	21363	Dwarven Chain Veil	770
2669	6315	Dwarven Mace	578
2670	4459	Dwarven Plate Boots	524
2671	4427	Dwarven Plate Boots	524
2672	4456	Dwarven Plate Bracers	516
2673	4424	Dwarven Plate Bracers	516
2674	4451	Dwarven Plate Breastplate	624
2675	4450	Dwarven Plate Collar	626
2676	4418	Dwarven Plate Collar	626
2677	4457	Dwarven Plate Gauntlets	531
2678	4425	Dwarven Plate Gauntlets	531
2679	4422	Dwarven Plate Girdle	549
2680	4422	Dwarven Plate Girdle	549
2681	4458	Dwarven Plate Greaves	540
2682	4426	Dwarven Plate Greaves	540
2683	4448	Dwarven Plate Helm	550
2684	4416	Dwarven Plate Helm	550
2685	4420	Dwarven Plate Pauldron	798
2686	4420	Dwarven Plate Pauldron	798
2687	4455	Dwarven Plate Vambraces	622
2688	4423	Dwarven Plate Vambraces	622
2689	4449	Dwarven Plate Visor	772
2690	4417	Dwarven Plate Visor	772
2691	3301	Dwarven Ringmail Tunic	538
2692	6617	Dwarven Sap	1188
2693	20479	Dwarven Smiths Hammer	567
2694	10477	Dwarven Smithy Hammer	567
2695	4421	Dwarven Splinted Cloak	663
2696	4421	Dwarven Splinted Cloak	663
2697	5301	Dwarven Two-Handed Axe	568
2698	12111	Dwarven Wire	1140
2699	3312	Dwarven Work Boots	779
2700	2501	Dweamorvine Garland	1072
2701	29586	E'cian Ice Scales	1234
2702	1538	Earring of Bashing	752
2703	5702	Earring of Blazing Energy	1042
2704	5815	Earring of Cleansing	514
2705	10302	Earring of Disease Reflection	1050
2706	14559	Earring of Displacement	544
2707	14714	Earring of Essence	1042
2708	5746	Earring of Everfount	1042
2709	10303	Earring of Fire Reflection	1048
2710	10304	Earring of Frost Reflection	1042
2711	10587	Earring of Grachnist	756
2712	10305	Earring of Magic Reflection	618
2713	10306	Earring of Poison Reflection	522
2714	5814	Earring of Purity	618
2715	5813	Earring of Twisted Leaves	1072
2716	5812	Earring of Woven Bark	1071
2717	1744	Earring of the Frozen Skull	619
2718	31370	Earring of the Icecaster	534
2719	31470	Earring of the Living Flame	619
2720	12782	Earth Dragon Crystal	507
2721	18959	Earth Stained Note	504
2722	20488	Earthcaller	2875
2723	5531	Earthen Blade	1164
2724	2357	Earthen Boots	633
2725	22511	Earthen Temper	703
2726	5667	Earthshaker	519
2727	2714	Earthshaker's Mantle	668
2728	12611	Earthworm Munch	787
2729	7037	Ebon Dagger	592
2730	9106	Ebon Drake Backbone	905
2731	10985	Ebon Drake Bile	1003
2732	11086	Ebon Drake Scales	1234
2733	10979	Ebon Drake Wing	791
2734	10980	Ebon Drakeling Bile	1003
2735	10974	Ebon Drakeling Scales	1234
2736	13904	Ebon Lotus	650
2737	6611	Ebon Mace	578
2738	11956	Ebon Razor	847
2739	1871	Ebon Scythe	579
2740	20780	Ebon Shard	967
2741	20929	Ebon Tessera	734
2742	10515	Ebon Wand	809
2743	7048	Ebon War Spear	776
2744	11677	Ebonsting	574
2745	6689	Ebonwood Cudgel	578
2746	5405	Ebony Bladed Sword	590
2747	1116	Ebony Headband	938
2748	14247	Echinacea	1196
2749	5625	Edge of Cabilis	519
2750	5649	Edge of the Nightwalker	890
2751	2060	Edge of the Taskmaster	590
2752	13498	Edible Goo	926
2753	20983	Efreeti Battle Axe	1164
2754	20976	Efreeti Belt	564
2755	20875	Efreeti Dirk	575
2756	20792	Efreeti Great Staff	602
2757	25560	Efreeti Ice Staff	811
2758	20858	Efreeti Long Sword	590
2759	20816	Efreeti Mace	578
2760	20870	Efreeti Magi Staff	811
2761	20739	Efreeti Scimitar	604
2762	20817	Efreeti Standard	578
2763	20951	Efreeti Statuette	895
2764	20711	Efreeti War Axe	1167
2765	20861	Efreeti War Bow	597
2766	20845	Efreeti War Club	738
2767	20830	Efreeti War Horn	594
2768	20846	Efreeti War Maul	903
2769	20705	Efreeti War Shield	606
2770	20831	Efreeti War Spear	740
2771	20753	Efreeti War Staff	601
2772	20779	Efreeti Wind Staff	602
2773	20725	Efreeti Zweihander	519
2774	22541	Egg Nog	856
2775	22542	Egg Nog XXX	856
2776	20440	Elaborate Scimitar	1169
2777	1694	Elbaite Focus	962
2778	29614	Elder's Earring	522
2779	2713	Elder Shaman's Ceremonial Bracelet	560
2780	4577	Elder Spiritist's Boots	524
2781	4574	Elder Spiritist's Bracer	516
2782	4572	Elder Spiritist's Breastplate	624
2783	4575	Elder Spiritist's Gauntlets	531
2784	4576	Elder Spiritist's Greaves	540
2785	4571	Elder Spiritist's Helm	746
2786	4573	Elder Spiritist's Vambraces	622
2787	14226	Elderberry	911
2788	5408	Electrum-Bladed Wakizashi	890
2789	5408	Electrum-Bladed Wakizashi	890
2790	14641	Electrum Amber Earring	1050
2791	16501	Electrum Bar	1091
2792	14621	Electrum Bloodstone Necklace	1049
2793	10358	Electrum Bracelet	520
2794	14633	Electrum Carnelian Wedding Ring	1059
2795	14617	Electrum Cat Eye Bracelet	1055
2796	14677	Electrum Fire Wedding Ring	1059
2797	21074	Electrum Full Breastplate	624
2798	21082	Electrum Full Plate Boots	524
2799	21079	Electrum Full Plate Bracer	516
2800	21073	Electrum Full Plate Collar	626
2801	21080	Electrum Full Plate Gauntlets	531
2802	21077	Electrum Full Plate Girdle	549
2803	21081	Electrum Full Plate Greaves	540
2804	21071	Electrum Full Plate Helm	550
2805	21075	Electrum Full Plate Pauldron	798
2806	21078	Electrum Full Plate Vambraces	622
2807	21072	Electrum Full Plate Visor	772
2808	21076	Electrum Full Splinted Cloak	663
2809	14613	Electrum Hematite Choker	1046
2810	14629	Electrum Jasper Earring	1050
2811	14605	Electrum Lapis Lazuli Earring	1042
2812	14601	Electrum Malachite Bracelet	1040
2813	14625	Electrum Onyx Pendant	1058
2814	14669	Electrum Opal Amulet	1053
2815	14653	Electrum Pearl Choker	1054
2816	14661	Electrum Peridot Bracelet	1040
2817	14637	Electrum Star Amulet	1053
2818	14681	Electrum Star Ruby Ring	1061
2819	14609	Electrum Turquoise Engagement Ring	1045
2820	5054	Elegant Darkwood Katana	890
2821	28032	Element of Earth	767
2822	28009	Element of Fire	964
2823	28006	Element of Water	963
2824	28033	Element of Wind	966
2825	28043	Elemental Binder	511
2826	17502	Elemental Grimoire	777
2827	2465	Elf-Hide Gloves	636
2828	2465	Elf-hide Gloves	636
2829	16528	Elf Leaf	795
2830	12235	Elf Pickles	1018
2831	12701	Elf Skull	1070
2832	1262	Elliptical Veil	677
2833	8081	Elm Bow Staff	601
2834	22515	Elven Blood	1157
2835	3272	Elven Chain Coif	625
2836	3273	Elven Chain Veil	770
2837	21480	Elven Chainmail Boots	545
2838	3280	Elven Chainmail Bracelet	620
2839	3277	Elven Chainmail Cape	661
2840	3281	Elven Chainmail Gloves	526
2841	3282	Elven Chainmail Leggings	540
2842	3276	Elven Chainmail Mantle	769
2843	3274	Elven Chainmail Neckguard	627
2844	3278	Elven Chainmail Skirt	562
2845	3279	Elven Chainmail Sleeves	543
2846	3275	Elven Chainmail Tunic	538
2847	10478	Elven Smithy Hammer	567
2848	13155	Elven Trail Mix	1145
2849	13460	Elven Veal	817
2850	13035	Elven Wine	825
2851	29280	Embalmers Skinning Knife	592
2852	16990	Embalming Dust	1075
2853	12410	Embalming Fluid	717
2854	18231	embalming fluid mixture	504
2855	14582	Embroidered Bag of Bone Necklaces	582
2856	14583	Embroidered Bag of Bronze Symbols	582
2857	1401	Embroidered Black Cape	656
2858	1362	Embroidered Black Sleeves	670
2859	1198	Embroidered Coldain Prayer Shawl	659
2860	1833	Embroidered Shawl Pattern	504
2861	9724	Embroidering Needle	1123
2862	10029	Emerald	958
2863	31412	Emerald Bastardsword of Purity	1190
2864	1580	Emerald Cloak of the Faydark	663
2865	22823	Emerald Dragon Scales	1088
2866	11635	Emerald Dragonscale Tunic	621
2867	14665	Emerald Electrum Bracelet	1040
2868	12767	Emerald Orange	1037
2869	22499	Emerald Orange Schnapps	824
2870	12768	Emerald Palm Root	583
2871	10045	Emerald Ring	1041
2872	13322	Emerald Shard	958
2873	20962	Emerald Spiroc Feather	1146
2874	31257	Emerald Symbol	967
2875	31268	Emerald Tear	734
2877	16825	Emeraldberry Cyanide	1074
2878	12319	Emissary Head	986
2879	17939	Empty Bag	690
2880	17865	Empty Crest Case	608
2881	7112	Empty Crystal Sphere	507
2882	17992	Empty Curskin Bag	565
2883	17936	Empty Fish Sack	690
2884	17408	Empty Fusible Ore Crate	724
2885	17512	Empty Gem Bag	690
2886	10263	Empty Infectious Vial	1006
2887	10626	Empty Ink Vial	585
2888	1892	Empty Jar	1006
2889	17326	An Empty Pot of Gold	1082
2890	12135	Empty Potion of Marr	788
2891	17957	Empty Pouch	582
2892	17864	Empty Seed Collection Bag	539
2893	17938	Empty Shark Bag	690
2894	17039	Empty Tin Box	1144
2895	17039	Empty Tin Box	609
2896	10062	Empty Vial	585
2897	4403	Enameled Black Chestplate	624
2898	6401	Enameled Black Mace	578
2899	2046	Encased Velium Etched Rune	566
2900	2046	Encased Velium etched rune	566
2901	10442	Enchanted Adamantite Jointing	620
2902	10446	Enchanted Adamantite Rings	1032
2903	21550	Enchanted Antonian Long Sword	590
2904	21550	Enchanted Antonian Long Sword	590
2905	10447	Enchanted Block of Adamantite	1138
2906	10430	Enchanted Block of Brellium	1138
2907	10453	Enchanted Block of Mithril	1138
2908	10433	Enchanted Brellium Jointing	620
2909	10432	Enchanted Brellium Rings	1032
2910	10470	Brellium Chain Jointing	620
2911	20455	Enchanted Clay	1135
2912	10618	Enchanted Diamond	966
2913	21293	Enchanted Dwarven Breastplate	624
2914	21301	Enchanted Dwarven Plate Boots	524
2915	21298	Enchanted Dwarven Plate Bracers	516
2916	21292	Enchanted Dwarven Plate Collar	626
2917	21299	Enchanted Dwarven Plate Gauntlets	531
2918	21296	Enchanted Dwarven Plate Girdle	549
2919	21300	Enchanted Dwarven Plate Greaves	540
2920	21290	Enchanted Dwarven Plate Helm	550
2921	21294	Enchanted Dwarven Plate Pauldron	798
2922	21297	Enchanted Dwarven Plate Vambraces	622
2923	21291	Enchanted Dwarven Plate Visor	772
2924	21295	Enchanted Dwarven Splinted Cloak	663
2925	16505	Enchanted Electrum Bar	1091
2926	21484	Enchanted Elven Chain Boots	545
2927	21054	Enchanted Elven Chain Cape	661
2928	21049	Enchanted Elven Chain Coif	625
2929	21053	Enchanted Elven Chain Mantle	769
2930	21051	Enchanted Elven Chain Neckguard	627
2931	21052	Enchanted Elven Chain Tunic	538
2932	21050	Enchanted Elven Chain Veil	770
2933	21057	Enchanted Elven Chainmail Bracelet	620
2934	21058	Enchanted Elven Chainmail Gloves	526
2935	21059	Enchanted Elven Chainmail Leggings	540
2936	21055	Enchanted Elven Chainmail Skirt	503
2937	21056	Enchanted Elven Chainmail Sleeves	543
2938	10621	Enchanted Emerald	958
2939	5214	Enchanted Fine Steel Morning Star	741
2940	5216	Enchanted Fine Steel Rapier	762
2941	10444	Enchanted Folded Adamantite Sheet	1036
2942	10428	Enchanted Folded Brellium Sheet	1036
2943	10437	Enchanted Folded Sheet Metal	1036
2944	10452	Enchanted Folded Sheet of Mithril	1036
2945	21110	Enchanted Full Breastplate (electrum)	624
2946	21110	Enchanted Full Breastplate (gold)	624
2947	21110	Enchanted Full Breastplate (platinum)	624
2948	21110	Enchanted Full Breastplate (silver)	624
2949	21118	Enchanted Full Plate Boots (electrum)	524
2950	21118	Enchanted Full Plate Boots (gold)	524
2951	21118	Enchanted Full Plate Boots (platinum)	524
2952	21118	Enchanted Full Plate Boots (silver)	524
2953	21115	Enchanted Full Plate Bracers (electrum)	516
2954	21115	Enchanted Full Plate Bracers (gold)	516
2955	21115	Enchanted Full Plate Bracers (platinum)	516
2956	21115	Enchanted Full Plate Bracers (silver)	516
2957	21109	Enchanted Full Plate Collar (electrum)	626
2958	21109	Enchanted Full Plate Collar (gold)	626
2959	21109	Enchanted Full Plate Collar (platinum)	626
2960	21109	Enchanted Full Plate Collar (silver)	626
2961	21116	Enchanted Full Plate Gauntlets (electrum)	531
2962	21116	Enchanted Full Plate Gauntlets (gold)	531
2963	21116	Enchanted Full Plate Gauntlets (platinum)	531
2964	21116	Enchanted Full Plate Gauntlets (silver)	531
2965	21113	Enchanted Full Plate Girdle (electrum)	549
2966	21113	Enchanted Full Plate Girdle (gold)	549
2967	21113	Enchanted Full Plate Girdle (platinum)	549
2968	21113	Enchanted Full Plate Girdle (silver)	549
2969	21117	Enchanted Full Plate Greaves (electrum)	540
2970	21117	Enchanted Full Plate Greaves (gold)	540
2971	21117	Enchanted Full Plate Greaves (platinum)	540
2972	21117	Enchanted Full Plate Greaves (silver)	540
2973	21107	Enchanted Full Plate Helm (electrum)	550
2974	21107	Enchanted Full Plate Helm (gold)	550
2975	21107	Enchanted Full Plate Helm (platinum)	550
2976	21107	Enchanted Full Plate Helm (silver)	550
2977	21111	Enchanted Full Plate Pauldron (electrum)	798
2978	21111	Enchanted Full Plate Pauldron (gold)	798
2979	21111	Enchanted Full Plate Pauldron (platinum)	798
2980	21111	Enchanted Full Plate Pauldron (silver)	798
2981	21114	Enchanted Full Plate Vambraces (electrum)	622
2982	21114	Enchanted Full Plate Vambraces (gold)	622
2983	21114	Enchanted Full Plate Vambraces (platinum)	622
2984	21114	Enchanted Full Plate Vambraces (silver)	622
2985	21108	Enchanted Full Plate Visor (electrum)	772
2986	21108	Enchanted Full Plate Visor (gold)	772
2987	21108	Enchanted Full Plate Visor (platinum)	772
2988	21108	Enchanted Full Plate Visor (silver)	772
2989	21112	Enchanted Full Splinted Cloak (electrum)	663
2990	21112	Enchanted Full Splinted Cloak (gold)	663
2991	21112	Enchanted Full Splinted Cloak (platinum)	663
2992	21112	Enchanted Full Splinted Cloak (silver)	663
2993	2354	Enchanted Gloves	636
2994	16506	Enchanted Gold Bar	1091
2995	24729	Enchanted Kelp Gauntlets	636
2996	24725	Enchanted Kelp Leggings	655
2997	10449	Enchanted Lrg. Brick of Adamantite	1138
2998	10434	Enchanted Lrg. Brick of Brellium	1138
2999	10455	Enchanted Lrg. Brick of Mithril	1138
3000	10473	Brellium Rings	1032
3001	10443	Enchanted Mithril Chain Jointing	620
3002	10451	Enchanted Mithril Rings	1032
3003	16507	Enchanted Platinum Bar	1092
3004	10620	Enchanted Ruby	964
3005	10619	Enchanted Sapphire	963
3006	21523	Enchanted Seafarers Cutlass	604
3007	21512	Enchanted Seafarers Dirk	1214
3008	21513	Enchanted Seafarers Harpoon	776
3009	10438	Enchanted Sheet Metal	1036
3010	10429	Enchanted Sheet of Brellium	1036
3011	16504	Enchanted Silver Bar	1092
3012	10431	Enchanted Sm. Brick of Brellium	1138
3013	21485	Enchanted Teir`Dal Chain Boots	545
3014	21068	Enchanted Teir`Dal Chain Bracelet	620
3015	21065	Enchanted Teir`Dal Chain Cape	661
3016	21060	Enchanted Teir`Dal Chain Coif	625
3017	21069	Enchanted Teir`Dal Chain Gloves	526
3018	21070	Enchanted Teir`Dal Chain Leggings	540
3019	21064	Enchanted Teir`Dal Chain Mantle	769
3020	21062	Enchanted Teir`Dal Chain Neckguard	627
3021	21067	Enchanted Teir`Dal Chain Sleeves	543
3022	21063	Enchanted Teir`Dal Chain Tunic	538
3023	21061	Enchanted Teir`Dal Chain Veil	770
3024	21066	Enchanted Teir`Dal Chainmail Skirt	562
3025	5203	Enchanted Teir`Dal Great Staff	601
3026	22099	Enchanted Velium Bar	1092
3027	1713	Enchanted Velium Mask	528
3028	1850	Enchanted Velium Powder	1075
3029	17861	An Enchanters Sack	689
3030	11571	Encyclopedia Necrotheurgia	789
3031	1545	Engineer's Ring	616
3032	25062	Engraved Bone Pauldrons	798
3033	5701	Engraved Di'Zok Deathbringer	581
3034	1681	Engraved Ring	617
3035	0	Engraved Sarnak Koatchet	1180
3036	25047	Engraved Skull Amulet	528
3037	27030	Engraved Velium Spear	776
3038	27013	Engraved Velium Warsword	575
3039	27030	Engraved Velium Spear	776
3040	2396	Enraged Goblin Beads	850
3041	1625	Enshrouded Veil	677
3042	27250	Entariz's Talisman	510
3043	1774	Envelope with dust sample	868
3044	1677	Envy	1183
3045	1815	Equestrielle's Eye	1130
3046	13830	Ernele's Champagne	831
3047	24945	Eroded Leather Boots	633
3048	24946	Eroded Leather Bracelet	637
3049	24947	Eroded Leather Cap	640
3050	24948	Eroded Leather Gloves	636
3051	24943	Eroded Leather Leggings	635
3052	24944	Eroded Leather Sleeves	634
3053	24942	Eroded Leather Tunic	632
3054	13118	Erud's Tonic	856
3055	1120	Erudehide Tunic	632
3056	17806	Erudite Sewing Kit	892
3057	27722	Ervaj's Flute of Flight	751
3058	27226	Esorpa's Talisman	510
3059	11683	Espri	1169
3060	2700	Essence Blade	575
3061	9963	Essence Emerald	958
3062	2698	Essence Lens	1129
3063	2699	Essence Mace	578
3064	2748	Essence Pearl	534
3065	2842	Essence Ring	616
3066	14721	Essence of Dol	960
3067	7886	Essence of Fire	1076
3068	0	Essence of Gukta	698
3069	22520	Essence of Moonlight	695
3070	2498	Essence of Nature	767
3071	14088	Essence of Rallos	808
3072	11805	Essence of Rathe	836
3073	22518	Essence of Shadow	956
3074	22527	Essence of Sunlight	1158
3075	22532	Essence of Winter	585
3076	10623	Essence of a Ghost	528
3077	10624	Essence of a Vampire	1075
3078	1754	Etched Chitin Shield	1246
3079	2559	Etched Iron Boots	524
3080	2555	Etched Iron Bracers	516
3081	2551	Etched Iron Breastplate	624
3082	2550	Etched Iron Collar	626
3083	2557	Etched Iron Gauntlets	531
3084	2553	Etched Iron Girdle	549
3085	2558	Etched Iron Greaves	540
3086	2548	Etched Iron Helm	550
3087	2549	Etched Iron Mask	772
3088	2552	Etched Iron Pauldron	798
3089	2554	Etched Iron Vambraces	622
3090	2347	Etched Ivory Charm	566
3091	1856	Etched Rune	967
3092	1855	Etched Rune Pattern	504
3093	0	Etched Signet	1002
3094	5757	Etched Steel Baton	732
3095	27079	Etched Velium Battle Axe	1166
3096	27021	Etched Velium Battlehammer	567
3097	27054	Etched Velium Brawl Stick	1175
3098	27061	Etched Velium War Lance	742
3099	27004	Etched Velium Warsword	575
3100	20836	Ethereal Amber	951
3101	20801	Ethereal Amethyst	960
3102	1728	Ethereal Bladed Naginata	736
3103	20982	Ethereal Emerald	958
3104	4887	Ethereal Mist Boots	524
3105	4884	Ethereal Mist Bracers	516
3106	4882	Ethereal Mist Chestplate	624
3107	4885	Ethereal Mist Gauntlets	531
3108	4886	Ethereal Mist Greaves	540
3109	4881	Ethereal Mist Helm	746
3110	4883	Ethereal Mist Vambraces	622
3111	20743	Ethereal Opal	959
3112	20737	Ethereal Ruby	964
3113	20754	Ethereal Sapphire	963
3114	16975	Ethereal Suspension	599
3115	20723	Ethereal Topaz	954
3116	14447	Ethira's Poison Antidote	705
3117	14239	Eucalyptus Leaf	1073
3118	11554	Evensong	741
3119	12220	Everburn Candle	1127
3120	22126	Evergreen Extract	1156
3121	12851	Evergreen Ivy Ringband	849
3122	22119	Evergreen Leaf	795
3123	14975	Evergreen Salmon	775
3124	16536	Evil Eye Eyestalk	820
3126	10170	Evil Eye Lens	1129
3127	12811	Excavator Claws	743
3128	6925	Excellent Gorilla Hide	554
3129	30359	Excellent Sabertooth Tiger Hide	834
3130	25109	Excellent Siren Scales	799
3131	0	Exceptional Ratman Blood	1157
3132	5407	An Executioner's Axe	1164
3133	5606	Executioner's Blade	1181
3134	2468	Executioners Hood	664
3135	14776	Exiled Iksar Head	1070
3136	15910	Expert Rune (Azia)	967
3137	15911	Expert Rune (Beza)	967
3138	15921	Expert Rune (Complete)	967
3139	8004	Explorer Survival Knife	591
3140	27086	Exquisite Velium Battle Axe	1166
3141	27026	Exquisite Velium Battlehammer	567
3142	27056	Exquisite Velium Brawl Stick	1175
3143	27046	Exquisite Velium Claidhmore	1211
3144	27076	Exquisite Velium Reinforced Bow	1104
3145	27035	Exquisite Velium Spear	776
3146	27066	Exquisite Velium War Lance	742
3147	27016	Exquisite Velium Warsword	575
3148	1547	Eye of Cazic Thule	1130
3149	10309	Eye of Disvan	507
3150	13151	Eye of Fright	885
3151	10526	Eye of Guk	885
3152	20656	Eye of Innoruuk	1130
3153	10525	Eye of Jin	885
3154	1687	Eye of Kaiaren	917
3155	10524	Eye of Kor	885
3156	14716	Eye of Melnor	955
3157	1745	Eye of Narandi	1131
3158	10220	Eye of Petrifin	886
3159	12881	Eye of RokGus	953
3160	11795	Eye of Serilis	943
3161	13180	Eye of Shadow	885
3162	13321	Eye of Stormhammer	958
3163	10523	Eye of Urd	885
3164	31400	Eye of the Rigtorgn	507
3165	16516	Eyebright	795
3166	14059	Eyeburn Solution	808
3167	30008	Eyepatch of Plunder	595
3168	25031	Eyepatch of the Shadows	595
3169	7508	Eyerazzia	762
3170	29623	Eysa's Token	863
3171	1743	Faceguard of Bentos the Hero	528
3172	31375	Facesmasher	567
3173	10192	Faceted Hyacinth	965
3174	10193	Faceted Hyacinth Telesm	752
3175	13542	Faded Blue Robe*	838
3176	13534	Faded Brown Tunic*	678
3177	1056	Faded Cloak	840
3178	13590	Faded Gold Training Tunic*	678
3179	11706	A Faded Salil's Writ Page	870
3180	13506	Faded Tunic*	678
3181	11701	A Faded Velishoul's Tome Page	870
3182	29232	Fading Shadow Claymore	519
3183	29238	Fading Shadow Dagger	592
3184	29231	Fading Shadow Long Sword	590
3185	29240	Fading Shadow Rapier	762
3186	29234	Fading Shadow Scimitar	604
3187	29233	Fading Shadow Short Sword	580
3188	29239	Fading Shadow Spear	776
3189	29237	Fading Shadow Staff	602
3190	29236	Fading Shadow Star	741
3191	29235	Fading Shadow Warhammer	581
3192	6978	Fading Soul Orb	507
3193	14565	Fae Amulet	1043
3194	20710	Fae Pauldrons	798
3195	20446	Faelin`s Ring	1060
3196	13345	Faerie Princess Wing	910
3197	13143	Faerie Wing	910
3198	14043	Faerix Spores	1201
3199	20810	Faintly Glowing Diamond	966
3200	27728	Fairy-Hide Mantle	668
3201	12107	Fairy Drake Dust	1076
3202	12106	Fairy Dust	1075
3203	5379	Falchion of the Koada'Vie	580
3204	29610	Falgiron Staff	602
3205	5725	Fancy Velvet Mantle	668
3206	10855	Fang Amulet of Calling	802
3207	30054	Fang of the Garou	807
3208	1349	Fang of the Wolf	801
3209	7501	Fanged Skull Stiletto	575
3210	11675	Fangol	1167
3211	25582	Fatecaller	1166
3212	24609	Fatesealer	973
3213	0	Fatty Walrus Meat	817
3214	22830	Faun Flute	751
3215	30224	Faun Hoof	1139
3216	22831	Faun Meat	817
3217	12933	Faydark Ringmail Boots	545
3218	12930	Faydark Ringmail Bracer	620
3219	12926	Faydark Ringmail Coat	538
3220	12924	Faydark Ringmail Coif	625
3221	12925	Faydark Ringmail Collar	627
3222	12931	Faydark Ringmail Gloves	526
3223	12927	Faydark Ringmail Mantle	769
3224	12932	Faydark Ringmail Pants	540
3225	12928	Faydark Ringmail Skirt	562
3226	12929	Faydark Ringmail Sleeves	543
3227	19970	Faydwer Porter	979
3228	22544	Faydwer Schnapps	824
3229	19966	Faydwer Shaker	979
3230	5160	Fayguard Bladecatcher	1183
3231	7328	Fayguard Parrying Dagger	1183
3232	1555	Fearsome Shield	976
3233	20755	Feathered Cape	659
3234	2462	Feathered Leggings	635
3235	17972	Featherweight Pouch	690
3236	31235	Feeliux`s Cord of Velocity	572
3237	0	Feir'Dal Champagne	788
3238	0	Feir'Dal Long Sword	590
3239	0	Feir'Dal Sewing Kit	892
3240	5607	Felhammer	1171
3241	24734	Fellspine's Tail	596
3242	14234	Fennel	1037
3243	14217	Fenugreek	1197
3244	22090	Fer`Esh Blade Mold	1151
3245	12422	Fern Flower	721
3246	17025	Fern Flower Pouch	582
3247	5754	Fester	1214
3248	1343	Festering Cloak	656
3249	14040	Festering Nettle	808
3250	13150	Fetid Skin	823
3251	7200	Feverblade - Bane of the Shissar	592
3252	16525	Feverfew	795
3253	2990	Field Breastplate	624
3254	2983	Field Plate Boots	524
3255	2987	Field Plate Bracers	516
3256	2985	Field Plate Cloak	663
3257	2992	Field Plate Collar	626
3258	2982	Field Plate Gauntlets	531
3259	2981	Field Plate Girdle	549
3260	2989	Field Plate Greaves	540
3261	2980	Field Plate Helm	550
3262	2984	Field Plate Pauldron	798
3263	2986	Field Plate Vambraces	622
3264	2991	Field Plate Visor	772
3265	8055	Field Point Arrowheads	1098
3266	22056	Field Splinted Cloak Mold	1151
3267	1724	Field Supplies	690
3268	11050	Fiery Avenger	519
3269	10099	Fiery Defender	2864
3270	1069	Fiery Jewel of the Underfoot	961
3271	7882	Fiery Ore	1138
3272	0	Fiery Rock	960
3273	4113	Fiery Vambraces	543
3274	6625	Fighting Baton	821
3275	14232	Figwort	923
3276	12011	File	1035
3277	12012	File Mold	1151
3278	24770	Filled Penance Bag	565
3279	12661	Filled Slave Shackle Bag	539
3280	1751	Filth Covered Boots	779
3281	0	Filthy Towel	682
3282	20785	Fine Cloth Raiment	842
3283	16890	Fine Coral Mesh	1136
3284	18199	Fine Furs	865
3285	30038	Fine Gold Chain	1053
3286	13778	Fine Lute Tuners	551
3287	21012	Fine Plate Boots	524
3288	21009	Fine Plate Bracer	516
3289	21004	Fine Plate Breastplate	624
3290	21003	Fine Plate Collar	626
3291	21010	Fine Plate Gauntlets	531
3292	21007	Fine Plate Girdle	549
3293	21011	Fine Plate Greaves	540
3294	21001	Fine Plate Helm	550
3295	21005	Fine Plate Pauldron	798
3296	21008	Fine Plate Vambraces	622
3297	21002	Fine Plate Visor	772
3298	1405	Fine Silk Turban	640
3299	21006	Fine Splinted Cloak	663
3300	7350	Fine Steel Dagger	592
3301	6352	Fine Steel Great Staff	602
3302	6941	Fine Steel Jutte	763
3303	6934	Fine Steel Kusarigama	781
3304	5350	Fine Steel Long Sword	590
3305	6351	Fine Steel Morning Star	741
3306	6935	Fine Steel Naginata	776
3307	7352	Fine Steel Rapier	762
3308	7352	Fine Steel Rapier	762
3309	5353	Fine Steel Scimitar	604
3310	5352	Fine Steel Short Sword	580
3311	7351	Fine Steel Spear	776
3312	6930	Fine Steel Tanto	591
3313	5351	Fine Steel Two Handed Sword	519
3314	12882	Fine Steel Ulak	1180
3315	6350	Fine Steel Warhammer	581
3316	20853	Fine Velvet Cloak	841
3317	20991	A Fine Wool Cloak	662
3318	20998	Finely Crafted Amulet	753
3319	20672	Finely Crafted Dragon Head Hilt	6770
3320	11941	Finely Crafted Fer`Esh	1174
3321	11939	Finely Crafted Shan`Tok	1185
3322	11943	Finely Crafted Sheer Blade	1186
3323	11944	Finely Crafted Targ Shield	676
3324	29204	Finely Crafted Velium Ring	880
3325	20760	Finely Woven Cloth Amice	665
3326	20702	Finely Woven Cloth Belt	1124
3327	20768	Finely Woven Cloth Cord	572
3328	20793	Finely Woven Gold Mesh	1062
3329	14751	Fingerbone Hoop	501
3330	29205	Fingerbone Necklace	502
3331	2056	Finished Naginata Blade	890
3332	2055	Finished Tsuba	646
3333	27391	Fire Beetle Carapace	927
3334	10307	Fire Beetle Eye	859
3335	17930	Empty Box	608
3336	13250	Fire Beetle Leg	1089
3337	6324	Fire Crystal Staff	811
3338	12487	Fire Dragon Crystal	507
3339	16534	Fire Drake Scale	1088
3340	10033	Fire Emerald	962
3341	14685	Fire Emerald Electrum Bracelet	1040
3342	14686	Fire Emerald Golden Bracelet	1040
3343	14687	Fire Emerald Platinum Ring	1041
3344	10049	Fire Emerald Ring	1041
3345	30342	Fire Emerald Velium Ring	1041
3346	16541	Fire Giant Toes	1094
3347	2361	Fire Goblin Skin	555
3348	11933	Fire Hornet Wing	908
3349	10031	Fire Opal	960
3350	20738	Fire Sky Ruby	961
3351	27011	Fired Velium Warsword	575
3352	13170	Firepride's Tax Payment	645
3353	18192	Fireprides Guide to Shield Craft	778
3354	5621	Firerune Brand	1186
3355	2318	Firewalker Boots	633
3356	16881	Firewater	830
3357	16906	Firing Sheet	1036
3358	12754	Firiona Drixie Dust	1076
3359	26012	First Brood Talisman	752
3360	31443	First Half of Al`Tarlkal's Tome	865
3361	31445	First Half of Vin`Pekir's Tome	865
3362	18652	First Riddle for the Troll	504
3363	17026	First Rite Pack	565
3364	30043	First part of an Iceclad Map	869
3365	16498	Fish Eggs	1076
3366	13468	Fish Fillets	815
3367	12271	Fish Food	1006
3368	17974	Fish Food Vial	1006
3369	14517	Fish Gill Extract	694
3370	13479	Fish Head Soup	1016
3371	16493	Fish Oil	1006
3372	17514	Fish Oil Extractor	1239
3373	13475	Fish Rolls	1021
3374	13076	Fish Scales	799
3375	13040	Fish Wine	707
3376	13862	Fish in a Jar	1018
3377	10313	Fishbone Earring	522
3378	1061	Fishbone Necklace	1054
3379	13020	Fishcakes	785
3380	28266	Fishgill Necksash	937
3381	13101	Fishing Bait	766
3382	13106	Fishing Grubs	926
3383	13100	Fishing Pole	749
3384	7017	Fishing Spear	740
3385	13884	Fishy Cat Tail	813
3386	5836	Fist of Lightning	971
3387	5776	Fist of Nature	518
3388	6201	Fist of Zek	567
3389	25444	Fist of the Golden Star	636
3390	31095	Fist of the Grand Master	636
3391	25546	Fist of the Silver Moon	636
3392	31193	Fist of the White Lotus	636
3393	18178	Fixxin Followigs Silvery Blades	778
3394	6007	Flail	741
3395	0	Flake of Lodestone	1032
3396	10225	Flame Agate	955
3397	31345	Flame Etched Short Sword	847
3398	31256	Flame Kissed Symbol	967
3399	31267	Flame Kissed Tear	734
3400	11797	Flame of Vox	706
3401	16866	Flameless Lantern	728
3402	25032	Flamesong	890
3403	13381	Flaming Clurg	710
3404	13382	Flaming Pungla	710
3405	10158	Flare Stone	960
3406	12771	Flarefire Seeds	911
3407	22558	Flask of Berry Juice	584
3408	12616	Flask of Bloodwater	584
3409	22556	Flask of Fruit Juice	584
3410	22557	Flask of Karana Brown Tea	584
3411	13945	Flask of Nitrates	584
3412	22559	Flask of Orange Juice	584
3413	22561	Flask of Rathe Berry Juice	584
3414	22562	Flask of Sylvan Berry Juice	584
3415	25820	Flawed Chrysolite	957
3416	25821	Flawed Emerald	958
3417	25824	Flawed Flame Emerald	962
3418	25823	Flawed Flame Opal	960
3419	25826	Flawed Lava Ruby	964
3420	25822	Flawed Opal	959
3421	25825	Flawed Sea Sapphire	963
3422	25818	Flawed Topaz	954
3423	22505	Flawless Aquamarine	946
3424	25814	Flawless Diamond	966
3425	12888	A Flaxen Lock of Hair	572
3426	25213	Flayed Barbarian Hide Mask	771
3427	25212	Flayed Barbarian Skin Leggings	631
3428	25053	Flayed Coldain-Skin Leggings	635
3429	26019	Flayed Paebala Boots	666
3430	26020	Flayed Paebala Gloves	636
3431	26017	Flayed Paebala Leggings	655
3432	26018	Flayed Paebala Tunic	678
3433	10807	Flayed Skin Boots	633
3434	10805	Flayed Skin Bracers	637
3435	10802	Flayed Skin Cap	640
3436	10806	Flayed Skin Leggings	655
3437	10804	Flayed Skin Sleeves	634
3438	10803	Flayed Skin Tunic	632
3439	2502	Flayed Turmoilskin Belt	533
3440	17327	Fleeting Quiver	725
3441	12087	Fleeting Quiver Pattern	504
3442	3588	Fleshbound Tome	865
3443	31427	Fleshless Skull	1070
3444	5411	Fleshripper	568
3445	13950	Fleshy Orb	767
3446	18115	Fletching	778
3447	17910	Fletching Kit	883
3448	8322	Flight Arrow	598
3449	19748	Flower	721
3450	1320	Flowing Black Robe	1126
3451	1365	Flowing Black Silk Sash	938
3452	28272	Flowing Red Silk Sash	935
3453	13771	Flute Mouthpiece	751
3454	29505	Flute of the Sacred Glade	751
3455	5523	Fluxbladed Axe	569
3456	29289	Focused Ethereal Dagger	592
3457	29288	Focused Ethereal Great Staff	602
3458	29283	Focused Ethereal Greatsword	519
3459	29282	Focused Ethereal Long Sword	590
3460	29287	Focused Ethereal Morning Star	741
3461	29291	Focused Ethereal Rapier	762
3462	29285	Focused Ethereal Scimitar	604
3463	29284	Focused Ethereal Short Sword	580
3464	29290	Focused Ethereal Spear	776
3465	29286	Focused Ethereal Warhammer	581
3466	22746	Fogwater Trout	786
3467	12866	A Foil	762
3468	18768	Folded Parchment	504
3469	12075	Folded Sheet Metal	1036
3470	10499	Folded Sheet of Adamantite	1036
3471	10495	Folded Sheet of Brellium	1036
3472	10497	Folded Sheet of Mithril	1036
3473	10461	Folded Skyiron Sheet	1036
3474	27065	Folded Velium War Lance	742
3475	27015	Folded Velium Warsword	575
3476	12448	Foobscale Coif	523
3477	12332	Fool's Gold Stein	709
3478	12275	Foot of Candlestick	1013
3479	5132	Footman's Pike	736
3480	12901	Footman's Pike Head	1101
3481	12257	Footman's Voulge	736
3482	12475	Footman Head Plans	864
3483	6954	Footpads of the Tiger	558
3484	29501	Footwarming Boots	524
3485	17928	Forager Bag	539
3486	18043	A Forbidden Tome	778
3487	7061	Fordel Short Sword	580
3488	0	Foreign Power Source	960
3489	25611	Foreman's Skull Cap	523
3490	2341	Foreman's Tunic	632
3491	2428	Forest Barley	773
3492	14765	Forest Giant Hammer	567
3493	11538	Forest Loop	757
3494	25369	Forest Stalker's Boots	524
3495	25366	Forest Stalker's Bracer	516
3496	25364	Forest Stalker's Breastplate	624
3497	25363	Forest Stalker's Coif	625
3498	25367	Forest Stalker's Gauntlets	531
3499	25368	Forest Stalker's Greaves	540
3500	25365	Forest Stalker's Vambraces	622
3501	6038	Forge Hammer of Dalnir	567
3502	5061	Forged Bastard Sword	590
3503	21503	Forged Battle Axe	569
3504	21500	Forged Dagger	592
3505	21553	Forged Fer`Esh	1174
3506	21504	Forged Halberd	736
3507	21508	Forged Javelin	740
3508	21511	Forged Long Sword	590
3509	21506	Forged Mace	578
3510	5063	Forged Morning Star	741
3511	6471	Forged Note to Courier	860
3512	21540	Forged Pick	768
3513	21501	Forged Rapier	762
3514	21505	Forged Scimitar	604
3515	21552	Forged Shan`Tok	1185
3516	21554	Forged Sheer Blade	1186
3517	21502	Forged Short Sword	580
3518	21509	Forged Shuriken	681
3519	21538	Forged Spear	776
3520	21510	Forged Throwing Axe	573
3521	21507	Forged Throwing Knife	591
3522	5062	Forged Two Handed Sword	519
3523	30277	Forged Velium 2-Handed Sword	519
3524	27081	Forged Velium Battle Axe	1166
3526	27041	Forged Velium Claidhmore	1211
3527	30283	Forged Velium Dagger	592
3528	30276	Forged Velium Long Sword	590
3529	30281	Forged Velium Morning Star	741
3530	30279	Forged Velium Scimitar	604
3531	30278	Forged Velium Short Sword	580
3532	8346	Forged Velium Shuriken	681
3533	27032	Forged Velium Spear	776
3534	8347	Forged Velium Throwing Axe	573
3535	8344	Forged Velium Throwing Knife	591
3536	8345	Forged Velium Throwing Spear	740
3537	27010	Forged Velium Warsword	575
3538	21539	Forged Warhammer	567
3539	6027	Forging Hammer	567
3540	6920	Forlorn Arrow	598
3541	6919	Forlorn Bow	597
3542	6912	Forlorn Naginata	736
3543	2569	Forlorn Totem of Rolfron Zek	894
3544	20380	Forpar's Note to Himself	860
3545	12850	Forsaken Pariah Mask	771
3546	30073	Fourth part of an Iceclad Map	869
3547	0	Fractured Centaur Hoof	906
3548	12195	Fractured Femur	905
3549	27260	Frakadar's Talisman	510
3550	13943	Freeport Stout	827
3551	14763	Frenzied Gnawer Tail	596
3552	30066	Fresh Chunk of Wooly Rhino	817
3553	13019	Fresh Fish	775
3554	13871	Fresh Piranha	775
3555	30058	Fresh Tree Sap	693
3556	14100	Fright Forged Helm	628
3557	13369	Frog Eye Necklace	849
3558	22524	Froglok Blood	1156
3559	1608	Froglok Bonecaster's Robe	929
3560	12431	Froglok Bounder Javelin	776
3561	6662	Froglok Crusher	567
3562	12675	Froglok Escort Fife	751
3563	20696	Froglok Essence	507
3564	13372	Froglok Eye	885
3565	14805	Froglok Goo	1156
3566	12435	A Froglok Head	996
3567	13373	Froglok Leg	1068
3568	13409	Froglok Meat	817
3569	13374	Froglok Poison Gland	819
3570	4314	Froglok Scale Chestplate	621
3571	2308	Froglok Skin Mask	771
3572	12439	Froglok Tad Tongue	1087
3573	13186	Froglok Tadpole Eye	886
3574	13187	Froglok Tadpole Flesh	823
3575	14764	Froglok Treated Planks	1084
3576	8999	Froglok Tuk Buckler	759
3577	9026	Frogskin Shield	759
3578	12775	Frontier Stink Beetles	926
3579	0	Frost Bunny Meat	925
3580	1426	Frost Bunny Stew	1016
3581	25567	Frost Covered Tome	778
3582	29114	Frost Covered Tome	777
3583	12634	Frost Crystal	966
3584	30101	Frost Giant Femur	905
3585	22800	Frost Giant Meat	817
3586	30048	Frost Giant Scout Beard	1001
3587	19989	Frost Giant Steak	816
3588	29125	Frost Giant Toes	1094
3589	2362	Frost Goblin Skin	835
3590	22531	Frost Temper	1160
3591	14930	Frost Turnip	923
3592	25022	Frostbringer	902
3593	30012	Frosted Gem	963
3594	29682	Frosted Gloves	636
3595	5843	Frosted Ice Spike	762
3596	31419	Frostgiant Overseers Head	920
3597	13429	Frosting	1074
3598	6877	Frostmaidens Idol	893
3599	30503	Frostreaver	1166
3600	30505	Frostreaver's Embroidered Cloak	657
3601	30507	Frostreaver's Velium Crown	523
3602	25610	A Froststone Stein	709
3603	18460	Frostweavers Silken Garments	865
3604	1097	Frostwrath	1173
3605	22772	Frosty Cave Trout	775
3606	16554	Frosty Datura	721
3607	20035	Frosty key	1080
3608	14326	Frothy Goblin Tonic	711
3609	25565	Frozen Efreeti Boots	545
3610	30138	Frozen Elixir	1160
3611	25614	Frozen Long Sword	590
3612	30016	Frozen Mantle	665
3613	30104	Frozen Orb	947
3614	30036	Frozen Sea Biscuits	1108
3615	25030	Frozen Shard	740
3616	12362	Frozen Toe Rum	831
3617	25564	Frozen Turban	1121
3618	25615	Frozen Two Handed Sword	519
3619	5603	Frozen Zweihander	1211
3620	13046	Fruit	1037
3621	13494	Fruit Pie	1019
3622	8158	Frying Pan Mold	1151
3623	10092	Fuligan Soulstone of Innoruuk	956
3624	22053	Full Breastplate Mold	1151
3625	12735	Full C.O.B.B. Chest	836
3626	12736	Full C.O.R.N. Chest	836
3627	12668	Full Charred Bone Box	608
3628	12403	Full Component Mortar	857
3629	12885	Full Component Chest	836
3630	24069	Full Crate of Fusible Ore	609
3631	12655	Full Curskin Bag	690
3632	12655	Full Curskin Bag	565
3633	12421	Full Fern Flower Pouch	582
3634	12427	Full First Rite Pack	565
3635	6975	Full Gathering Satchel	690
3636	1839	Full Muffin Crate	608
3637	12658	Full Pincer Satchel	582
3638	22050	Full Plate Belt Mold	1151
3639	22046	Full Plate Boot Mold	1151
3640	22045	Full Plate Bracer Mold	1151
3641	22054	Full Plate Gauntlet Mold	1151
3642	22044	Full Plate Gorget Mold	1151
3643	22052	Full Plate Greaves Mold	1151
3644	22047	Full Plate Helm Mold	1151
3645	22049	Full Plate Pauldron Mold	1151
3646	22051	Full Plate Vambrace Mold	1151
3647	22048	Full Plate Visor Mold	1151
3648	12127	Full Potion of Marr	788
3649	12685	Full Pouch of Leech Husks	565
3650	12815	Full Sack for Master	565
3651	22058	Full Splinted Cloak Mold	1151
3652	13181	Full Tax Collection Box	609
3653	10508	Functional Force Module	964
3654	10510	Functional Frost Module	945
3655	11058	Fungi Covered Great Staff	601
3656	10895	Fungus Covered Great Staff	601
3657	2735	Fungus Covered Scale Tunic	678
3658	0	Fungus Dung Pie	783
3659	14021	Fungus Spores	855
3660	9504	Funny Money	644
3661	1178	Fur-Lined Coldain Prayer Shawl	664
3662	2037	Fur Lined Boots	525
3663	11477	Fur Lined Mask	771
3664	1037	Fur Lined Shoes	666
3665	18290	Fusibility Study: Part 1	777
3666	18293	Fusibility Study: Part 2	777
3667	18294	Fusibility Study: Part 3	777
3668	2447	Fusible Coral Ore	953
3669	2449	Fusible Earthen Ore	949
3670	2448	Fusible Igneous Ore	960
3671	2450	Fusible Velium Ore	954
3672	12260	Fuzzlecutter Formula 5000	788
3673	27208	Gafala's Talisman	510
3674	9352	A Giant Laceless Sandal	761
3675	13172	Galliway's Tax Payment	645
3676	0	Galvanized Pestle	857
3677	19047	Galvanized Platinum Bar	1138
3678	27220	Gangel's Talisman	510
3679	4579	Gangrenous Beetle Mask	770
3680	20775	Ganoric Poison	1006
3681	18173	Gans's note to Yelesom	866
3682	11564	Gardash	903
3683	11694	Garduk	740
3684	6964	Gargantuan Panda Pelt	556
3685	10371	Gargantuan Tarantula Heart	1003
3686	10372	Gargantuan Tarantula Leg	1089
3687	10014	Gargoyle Eye	943
3688	13426	Garnish	911
3689	30056	Garou Bone Club	737
3690	18139	Garsen's Brewing List	778
3691	12356	Gator Gulp Ale	826
3692	13406	Gator Meat	817
3693	13476	Gator Rolls	1021
3694	13444	Gator Steaks	816
3695	2461	Gatorscale Leggings	635
3696	2458	Gatorscale Sleeves	634
3697	13359	Gatorsmash Maul	581
3698	31305	Gaudralek, Sword of the Sky	1171
3699	12092	Gauntlet Mold	1151
3700	1912	Gauntlets of Brute Strength	530
3701	25857	Gauntlets of Dragon Slaying	846
3702	11624	Gauntlets of Fiery Might	529
3703	31046	Gauntlets of Forbidden Rites	531
3704	25039	Gauntlets of Iron Tactics	529
3705	26026	Gauntlets of Mortality	529
3706	14715	Gauntlets of Potence	531
3707	30257	Gauntlets of Power	530
3708	3154	Gauntlets of Ro	531
3709	25497	Gauntlets of Stability	531
3710	31137	Gauntlets of Twilight	531
3711	4922	Gauntlets of the Ardent	531
3712	30142	Gauntlets of the Black	846
3713	31186	Gauntlets of the Myrmidon	531
3714	31818	Gauntlets of the Righteous	531
3715	31804	Gauntlets of the Untamed	531
3716	6028	Gavel of Justice	567
3717	16858	Gears	913
3718	12184	Useless Token	647
3719	18346	Geerloks Crafty Contraptions	778
3720	18999	Geerloks Crafty Contraptions II	778
3721	16996	Gelsemium Petals	1073
3722	16995	Gelsemium Root	583
3723	6402	Gem-Encrusted Scepter	822
3724	12350	Gem Case	1144
3725	10389	Gem Encrusted Circlet	523
3726	11541	Gem Encrusted Ring	1040
3727	11955	Gem Finder	768
3728	14752	Gem Inlaid Band	1061
3729	8909	Gem Inlaid Gauntlets	526
3730	7486	Gem Setter Parts	539
3731	20756	Gem of Empowerment	1136
3732	20984	Gem of Invigoration	961
3733	30270	Gem of Persuasion	507
3734	25085	Gem of Rage	964
3735	12348	Gem of Stamina	968
3736	12875	Gem of Yet to Come	964
3737	28013	General's Pouch	722
3738	0	Generic Coffee Beans	6413
3739	0	Genesist of Fist and Tail	778
3740	1769	Geologist's Hammer	567
3741	12657	Geozite Tool	1096
3742	31241	Gharn's Rock of Smashing	965
3743	1629	Ghostly Robes	929
3744	20637	Ghoul Boss' Log Book	865
3745	19038	Ghoul Carrion	797
3746	5403	Ghoulbane	519
3747	18122	Ghumim's Classical Dishes	778
3748	18121	Ghumim's Delights	778
3749	6963	Giang Yin's Claws	975
3750	13061	Giant Bat Fur	792
3751	13062	Giant Bat Wing	791
3752	17808	Giant Belt Pouch	582
3753	20356	Giant Briar Snake Skin	813
3754	13788	Giant Dire Wolf Skin	835
3755	13251	Giant Fire Beetle Eye	859
3756	13252	Giant Fire Beetle Leg	1089
3757	11544	Giant Foreman's Tunic	678
3758	11537	Giant Grub Digger	768
3759	12765	Giant Hornet Egg	969
3760	9352	A Giant Laceless Sandal	761
3761	6959	Giant Leopard Fang	1137
3762	6960	Giant Leopard Hide	834
3763	11547	Giant Lord's Tunic	678
3764	1782	Giant Loyalist Token	644
3765	25000	Giant Militia Longsword	603
3766	11951	Giant Mosquito Wings	910
3767	13787	Giant Polar Bear Skin	835
3768	13050	Giant Rat Ear	793
3769	13054	Giant Rat Pelt	554
3770	5039	Giant Rat Tail	596
3771	13055	Giant Rat Whiskers	794
3772	6943	Giant Sabertooth Fang	1137
3773	17809	Giant Sack	539
3774	25266	Giant Sack of Supplies	690
3775	1783	Giant Scalebound Tome	1225
3776	25011	Giant Scalemail Belt	562
3777	25016	Giant Scalemail Boots	545
3778	25013	Giant Scalemail Bracer	620
3779	25010	Giant Scalemail Cloak	661
3780	25017	Giant Scalemail Gauntlets	526
3781	25014	Giant Scalemail Gloves	526
3782	25007	Giant Scalemail Gorget	627
3783	25005	Giant Scalemail Helm	625
3784	25015	Giant Scalemail Leggings	540
3785	25009	Giant Scalemail Mantle	769
3786	25006	Giant Scalemail Mask	770
3787	25012	Giant Scalemail Sleeves	543
3788	25018	Giant Scalemail Tunic	527
3789	13262	Giant Scarab Egg Sack	1136
3790	13255	Giant Scarab Eye	886
3791	13256	Giant Scarab Legs	1089
3792	25110	Giant Siren Scale Cloak	656
3793	20678	Giant Sized Monocle	507
3794	7005	Giant Snake Fang	801
3795	13058	Giant Snake Rattle	1122
3796	10103	Giant Snakespine Belt	564
3797	11536	Giant Tree Flayer	569
3798	29062	Giant Warrior Helmet	747
3799	13257	Giant Wasp Eye	886
3800	14024	Giant Wasp Venom	808
3801	13260	Giant Wasp Venom Sac	820
3802	13259	Giant Wasp Wing	908
3803	6946	Giant White Sabertooth Hide	834
3804	30113	Giant Woven Vest	678
3805	2467	A Giants Reminder String	572
3806	20880	A Gift	1007
3807	10630	Gift to Bozlum	836
3808	10126	Gigantic Chipped Tusk	807
3809	17351	Gigantic Cracked Tusk	807
3810	14939	Gigantic Fetid Bass	775
3811	6957	Gigantic Gorilla Fang	1137
3812	6958	Gigantic Gorilla Hide	554
3813	5308	A Gigantic Zweihander	519
3814	1402	Gilded Cloth	664
3815	1578	Gilded Tiny Skull Earring	619
3816	16588	Ginesh	1029
3817	31364	Girdle of Dark Power	560
3818	2716	Girdle of Faith	560
3819	5753	Girdle of Flayed Iksar	932
3820	2510	Girdle of Living Thorns	560
3821	5765	Girdle of Rapidity	719
3822	1719	Girdle of Reflection	1150
3823	25581	Girdle of Wurmslaying	533
3824	2500	Girdle of the Diligent	549
3825	20652	Gkzzallk in a Box	836
3826	19042	Glacier Bear Pelt	835
3827	25185	Gladiator's Chain Leggings	630
3828	25184	Gladiator's Chain Sleeves	543
3829	5307	Gladius	580
3830	12978	Glaive of Marltek	1177
3831	10086	A Glamour Stone	945
3832	1866	Glanitar's Imbued Talisman	510
3833	16903	Glass Shard	968
3834	27232	Glati's Talisman	510
3835	17882	Glaze Mortar	857
3836	10792	Gleaming Coin of Tash	646
3837	29004	Gleaming Crested Breastplate	624
3838	29005	Gleaming Crested Shield	758
3839	29003	Gleaming Crested Sword	577
3840	9231	Gleaming Crystal Scepter	822
3841	2355	Gleaming Gloves	636
3842	6591	Gleaming Serrated Blade	1168
3843	5665	Gleaming Short Sword	1165
3844	20694	Gleaming Unicorn Horn	593
3845	20640	Glidara's Ring	1052
3846	0	Glimmer Ring	880
3847	25050	Glimmering Axe	902
3848	25020	Glimmering Mithril Torque	535
3849	10261	Glob of Gooey Goo	946
3850	19130	Glob of Slush Water	584
3851	22854	Glob of Tar	767
3852	6834	Globe of Darkness	507
3853	10521	Globe of Fear	507
3854	10545	Globe of Mist	507
3855	10535	Globe of Shadow	507
3856	6922	Globe of the Everburning Flame	507
3857	14379	Glohnor wrappings	812
3858	8716	Gloomwater Arrow	598
3859	7407	Gloomwater Harpoon	1137
3860	13810	Glove Pattern	504
3861	11796	Glove of Rallos Zek	518
3862	25299	Gloves of Bladecalling	636
3863	25525	Gloves of Conjuration	636
3864	6828	Gloves of Distraction	530
3865	1208	Gloves of Earthcrafting	636
3866	14781	Gloves of Fire	636
3867	31811	Gloves of Harmony	531
3868	24878	Gloves of Kromzek Might	636
3869	31402	Gloves of Stability	531
3870	24750	Gloves of Watery Distraction	531
3871	25518	Gloves of the Bonecaster	636
3872	12209	Gloves of the Gatecaller	846
3873	25409	Gloves of the Invoker	636
3874	6956	Gloves of the Rock Climber	846
3875	14925	Glow Lichen	1075
3876	17306	Glowing Backpack	884
3877	17879	Glowing Bile Soaker	688
3878	20791	Glowing Black Pearl	767
3879	10404	A Glowing Black Stone	767
3880	20657	Glowing Black Sword	1186
3881	12991	Glowing Blade	577
3882	10055	Glowing Bone Collar	501
3883	17510	A Glowing Chest	836
3884	10903	Glowing Club	601
3885	10791	Glowing Coin of Tash	646
3886	1831	Glowing Crystalline Silk Piece	790
3887	20829	Glowing Diamond	966
3888	31260	Glowing Drake Orb	507
3889	10087	Glowing Glamour Stone	945
3890	2353	Glowing Gloves	636
3891	30987	Glowing Iksar Skull	1070
3892	7317	Glowing Iron Pike	776
3893	2352	Glowing Mask	771
3894	20776	Glowing Necklace	500
3895	4323	Glowing Pauldrons	798
3896	25555	Glowing Red Stone	507
3897	20814	Glowing Sapphire	963
3898	6340	Glowing Silver Wand	810
3899	10341	Glowing Stone Band	880
3900	12197	Glowing Sword Hilt	973
3901	10071	Glowing Torch	559
3902	25616	Glowing Velium Axe	1164
3903	6322	Glowing Wooden Crook	1083
3904	1828	Glowing Worm Bile	925
3905	14338	Gnarled Staff	811
3906	13161	Gnawfang's Pelt	553
3907	13162	Gnawfang's Tooth	800
3908	8357	Gnoll's Eye	886
3909	13915	Gnoll Fang	800
3910	1210	Gnoll Fur Patch	556
3911	1329	Gnoll Fur Patch Quarter	556
3912	13309	Gnoll Head	744
3913	5317	Gnoll Hide Lariat	596
3914	13500	Gnoll Hide Tome	789
3915	12169	Gnoll Paw	743
3916	27424	Gnoll Pelvis	905
3917	13789	Gnoll Pup Scalp	555
3918	13792	Gnoll Scalp	555
3919	5416	Gnoll Slayer	590
3920	12016	Gnome Cookie Mold	1151
3921	13840	Gnome Decapitated Head	994
3922	12340	Gnome Glow Rod	809
3923	13466	Gnome Kabobs	1009
3924	13418	Gnome Meat	817
3925	12232	Gnome Pickles	1018
3926	13484	Gnome Shaped Cookie	785
3927	13434	Gnome Shaped Cookie Cutter	1008
3928	2181	Gnome Skin Belt	564
3929	2185	Gnome Skin Boots	666
3930	2178	Gnome Skin Gloves	636
3931	2183	Gnome Skin Gorget	643
3932	2184	Gnome Skin Leggings	635
3933	2180	Gnome Skin Mask	771
3934	2186	Gnome Skin Skullcap	640
3935	2174	Gnome Skin Sleeves	634
3936	2179	Gnome Skin Tunic	632
3937	2182	Gnome Skin Wristband	637
3938	12162	Gnome Take	690
3939	16910	Gnome Template	861
3940	6344	Gnome Tinkered Toy	1007
3941	16861	Gnomish Bolts	1032
3942	16867	Gnomish Compass	750
3943	2339	Gnomish Environment Suit	632
3944	16877	Gnomish Firework	1025
3945	30011	Gnomish Pirate Cloak	660
3946	30010	Gnomish Pirate Hat	640
3947	30009	Gnomish Pirate Rapier	763
3948	13037	Gnomish Spirits	830
3949	29502	Gnomish Vanishing Device	684
3950	7232	Goblin Backstabber	575
3951	0	Goblin Blood	1158
3952	7233	Goblin Bone Dagger	575
3953	12923	Goblin Bracer	620
3954	10574	Goblin Choker	643
3955	10597	Goblin Eye Poker	763
3956	13743	Goblin Fire Totem	894
3957	3260	Goblin Forged Chain Coif	625
3958	3268	Goblin Forged Chainmail Bracelet	620
3959	3265	Goblin Forged Chainmail Cape	661
3960	3263	Goblin Forged Chainmail Coat	538
3961	3269	Goblin Forged Chainmail Gloves	526
3962	3264	Goblin Forged Chainmail Mantle	769
3963	3262	Goblin Forged Chainmail Neckguard	627
3964	3266	Goblin Forged Chainmail Skirt	562
3965	3267	Goblin Forged Iron Armplates	543
3966	3271	Goblin Forged Iron Boots	545
3967	3270	Goblin Forged Iron Legplates	540
3968	3261	Goblin Forged Iron Mask	770
3969	13744	Goblin Frost Totem	895
3970	10593	Goblin Gazughi Ring	872
3971	11965	Goblin Head-Spear	740
3972	12432	Goblin Hunter Javelin	776
3973	13897	Goblin Ice Necklace	851
3974	11960	Goblin Juntah Harvester	781
3975	10588	Goblin Knee Cracker	1188
3976	0	Goblin Meat	817
3977	7244	Goblin Parrying Dagger	575
3978	7235	Goblin Parrying Spear	575
3979	27652	Goblin Parts	817
3980	12956	Goblin Plaguebeads	849
3981	12672	Goblin Scout Beads	848
3982	12895	Goblin Scribblings	864
3983	10598	Goblin Shin Splinter	741
3984	10594	Goblin Skinner	574
3985	10575	Goblin Skull Crusher	1194
3986	10578	Goblin Slaver's Whip	596
3987	11959	Goblin Soul Caller	752
3988	12813	Goblin Sparring Gloves	636
3989	10592	Goblin Spirit Catcher	1148
3990	7046	Goblin Sticker	776
3991	13886	Goblin Supply Pouch	690
3992	11595	Goblin Temper	1160
3993	11961	Goblin Trail Blazer's Knife	592
3994	10572	Goblin Two-Handed Sword	605
3995	12909	Goblin Warlord Warbeads	848
3996	16502	Gold Bar	1091
3997	14622	Gold Bloodstone Necklace	1049
3998	14634	Gold Carnelian Wedding Ring	1059
3999	30132	Gold Coldain Insignia Ring	615
4000	20939	Gold Disc	645
4001	21086	Gold Full Breastplate	624
4002	21094	Gold Full Plate Boots	524
4003	21091	Gold Full Plate Bracer	516
4004	21085	Gold Full Plate Collar	626
4005	21092	Gold Full Plate Gauntlets	531
4006	21089	Gold Full Plate Girdle	549
4007	21093	Gold Full Plate Greaves	540
4008	21083	Gold Full Plate Helm	550
4009	21087	Gold Full Plate Pauldron	798
4010	21090	Gold Full Plate Vambraces	622
4011	21084	Gold Full Plate Visor	772
4012	21088	Gold Full Splinted Cloak	663
4013	14606	Gold Lapis Lazuli Earring	1042
4014	14602	Gold Malachite Bracelet	1040
4015	12776	Gold Nugget	1091
4016	14626	Gold Onyx Pendant	1058
4017	11630	Gold Plated Koshigatana	575
4018	10008	Gold Ring	615
4019	10008	Gold Ring (Ring of Opolla)	615
4020	12096	Gold Thread	853
4021	3568	Gold Threaded Tunic	678
4022	2091	Gold Tinted Diamond	972
4023	14610	Gold Turquoise Engagement Ring	1045
4024	14557	Gold White Pendant	1058
4025	1077	Gold lined heretic cloak	656
4026	14642	Golden Amber Earring	1050
4027	14674	Golden Black Pearl Choker	1046
4028	14702	Golden Black Sapphire Earring	1042
4029	30362	Golden Blue Diamond Pendant	1058
4030	4780	Golden Bracer	516
4031	30057	Golden Broken Key	1078
4032	14618	Golden Cat Eye Bracelet	1055
4033	1456	Golden Championship Ring	615
4034	4408	Golden Chitin Bracer	516
4035	20759	Golden Coffer	609
4036	20445	Golden Crescent Key	1077
4037	14706	Golden Diamond Mask	1063
4038	10320	Golden Ear Stud	1042
4039	10007	Golden Earring	535
4040	4407	Golden Efreeti Boots	764
4041	4344	Golden Efreeti Bracers	516
4042	4342	Golden Efreeti Chestplate	624
4043	4345	Golden Efreeti Gauntlets	531
4044	4346	Golden Efreeti Greaves	540
4045	20763	Golden Efreeti Ring	1040
4046	4341	Golden Efreeti Turban	1121
4047	4343	Golden Efreeti Vambraces	622
4048	14666	Golden Emerald Bracelet	1040
4049	14678	Golden Fire Wedding Ring	1059
4050	14614	Golden Hematite Choker	1046
4051	20726	Golden Hilt	973
4052	14698	Golden Jacinth Wedding Ring	1059
4053	14650	Golden Jaded Bracelet	1040
4054	31118	Golden Leaf Boots	524
4055	31115	Golden Leaf Bracer	516
4056	31113	Golden Leaf Breastplate	624
4057	2581	Golden Leaf Earring	514
4058	31116	Golden Leaf Gauntlets	531
4059	31117	Golden Leaf Greaves	540
4060	31112	Golden Leaf Helm	746
4061	31114	Golden Leaf Vambraces	622
4062	10162	Golden Locket	1058
4063	13188	Golden Locket	1002
4064	14670	Golden Opal Amulet	1053
4065	14654	Golden Pearl Choker	1054
4066	10044	Golden Pendant	754
4067	14662	Golden Peridot Bracelet	1040
4068	6337	Golden Rod	822
4069	14694	Golden Ruby Ring	1061
4070	14690	Golden Sapphire Earring	1042
4071	11698	Golden Sash of Tranquility	933
4072	14638	Golden Star Amulet	1053
4073	25442	Golden Star Arm Wraps	634
4074	25441	Golden Star Chest Wraps	838
4075	25440	Golden Star Headband	1124
4076	25445	Golden Star Pants	635
4077	14682	Golden Star Ruby Ring	1061
4078	25446	Golden Star Slippers	666
4079	25443	Golden Star Wrist Wraps	637
4080	24986	Golden Tablet of Draconic Strategy	683
4081	14658	Golden Topaz Earring	1042
4082	14313	Golem Metal Wand	810
4083	14313	Golem Metal Wand	810
4084	14319	Golem Sprocket	731
4085	10347	Golem Tear Ring	878
4086	14830	Golra Skin	835
4087	14770	Gooey Adhesive	823
4088	14916	Gorge Moss	1076
4089	14916	Gorge Moss	1076
4090	12006	Gorget Mold	1151
4091	13803	Gorget Pattern	504
4092	13402	Gorgon Feather Quill	755
4093	20790	Gorgon Head	985
4094	11689	Gorgon Head Staff	887
4095	6927	Gorilla Fang	800
4096	2374	Gorilla Hide Leggings	635
4097	2373	Gorilla Hide Mask	771
4098	1308	Gossamer Amice	668
4099	1304	Gossamer Cap	640
4100	1309	Gossamer Cape	660
4101	1306	Gossamer Collar	643
4102	1313	Gossamer Gloves	636
4103	1314	Gossamer Leggings	635
4104	1307	Gossamer Robe	838
4105	1310	Gossamer Sash	564
4106	1311	Gossamer Sleeves	634
4107	1305	Gossamer Veil	677
4108	1312	Gossamer Wristbands	637
4109	3544	Gown of Wavering Minds	838
4110	30510	Gown of the Chamberlain	942
4111	14820	Grachnist's Head	1070
4112	0	Graktar's Signet Ring	515
4113	31093	Grand Master's Arm Wraps	634
4114	31092	Grand Master's Chest Wraps	838
4115	31091	Grand Master's Headband	938
4116	31096	Grand Master's Leg Wraps	635
4117	31097	Grand Master's Slippers	666
4118	31094	Grand Master's Wrist Wraps	637
4119	4311	Granite Bracer	671
4120	10362	Granite Earring	544
4121	6652	Granite Face Grinder	903
4122	16592	Grapes	1037
4123	18922	Grathin's Invoice	504
4124	16817	Grave Mold	1201
4125	1260	Grave Sandals	558
4126	10891	Gravebinder	891
4127	14796	Gray Colored Ice	966
4128	13652	Gray Sr Apprentice Robe*	713
4129	29618	Grayder's Cloak	661
4130	14799	Grayish Liquid	694
4131	16852	Grease	600
4132	25119	Great Dragon's Head	1231
4133	31356	Great Spear of Dawn	776
4134	6004	Great Staff	602
4135	25118	Greater Dragon's Head	1231
4136	10400	Greater Lightstone	507
4137	14432	Greater Null Potion	692
4138	14428	Greater Potion of Accuracy	586
4139	14429	Greater Potion of Adroitness	587
4140	14431	Greater Potion of Antibody	808
4141	14426	Greater Potion of Cohesion	599
4142	14433	Greater Potion of Cold	693
4143	14434	Greater Potion of Heat	694
4144	14452	Greater Potion of Negation	707
4145	14430	Greater Potion of Power	806
4146	14435	Greater Potion of Purity	695
4147	14427	Greater Potion of Stability	585
4148	14425	Greater Potion of Vigor	600
4149	25046	Greaves of Avoidance	540
4150	6824	Greaves of Distraction	540
4151	31047	Greaves of Forbidden Rites	540
4152	31812	Greaves of Harmony	540
4153	3155	Greaves of Ro	540
4154	25498	Greaves of Stability	540
4155	31138	Greaves of Twilight	540
4156	31310	Greaves of the Deep Sea	540
4157	31187	Greaves of the Myrmidon	540
4158	4924	Greaves of the Penitent	540
4159	31819	Greaves of the Righteous	540
4160	31805	Greaves of the Untamed	540
4161	12610	Green Death Rum	826
4162	11582	Green Dragon Scales	1233
4163	22103	Green Dye	1156
4164	6816	Green Flower of Functionality	721
4165	22134	Green Froglok Skin	1233
4166	9507	A Green Gift Box	836
4167	22135	Green Goblin Skin	1233
4168	20693	Green Heartwood Branch	601
4169	5154	Green Jade Axe	569
4170	5153	Green Jade Broadsword	1212
4171	5609	Green Jade Halberd	736
4172	14349	Green Oil	697
4173	1152	Green Resistance Stone	958
4174	1412	Green Silken Drape	940
4175	13527	Green Stained Skin Tunic*	713
4176	20686	Green Tree Bark	1233
4177	6820	Green Wristguard	509
4178	13537	Green and Tan Tunic*	678
4179	1796	Green river sludge	571
4180	22747	Greengill Salmon	786
4181	12706	Greenish Metal Shard	1123
4182	5127	Greenmist	890
4183	5172	Greenmist Boots	779
4184	5169	Greenmist Bracer	620
4185	5167	Greenmist Breastplate	538
4186	3890	Greenmist Design Pattern	870
4187	5171	Greenmist Greaves	630
4188	5166	Greenmist Helm	523
4189	14814	Greenmist Icon	968
4190	3894	Greenmist Khukri Blade	890
4191	5173	Greenmist Mask	770
4192	5168	Greenmist Vambraces	543
4193	6661	Greenwood Bo Stick	602
4194	31424	Grenk's Head	920
4195	2050	Gretta's Baking Supplies	608
4196	20742	Grey Damask Cloak	840
4197	22117	Grey Dye	1154
4198	11476	Grey Fur Cape	662
4199	9513	A Grey Gift Box	836
4200	24616	Grey Suede Boots	666
4201	12943	Greyish Bone Chips	804
4202	20948	Gridelin Globe	947
4203	22526	Griffenne Blood	1157
4204	10563	Griffenne Charm	1056
4205	19046	Griffenne Downfeather	755
4206	20781	Griffon's Beak	1098
4207	14922	Griffon Eggs	871
4208	13739	Griffon Eye	885
4209	16538	Griffon Feathers	909
4210	20950	Griffon Statuette	894
4211	20850	Griffon Talon	1067
4212	2466	Griffon Talon Gloves	518
4213	14567	Griffon Talon Necklace	1043
4214	2703	Griffon Wing Spauldors	668
4215	13719	Grilled Rat Ears	915
4216	4580	Grim Pauldrons	798
4217	2100	Grimy Lance	740
4218	10228	Grinning Goblin Brew	829
4219	19044	Grizzleknot Bark	1084
4220	9896	Grizzly Bear Skin	554
4221	1327	Grizznot's Claws	975
4222	5413	Grobb Cleaver	568
4223	12211	Grobb Oven Mittens	636
4224	20458	Grocery List	504
4225	5418	Groflah's Stoutbite	580
4226	10904	Gromlok's Basher	903
4227	3618	Grotesque Alloy Mask	506
4228	1556	Grotesque Girdle	503
4229	3041	Grotesque Mask	506
4230	17092	Grotesque Mortar and Pestle	857
4231	22773	Grotto Bluegill	775
4232	19051	Ground Dufrenite	1015
4233	16834	Ground Garlic	1075
4234	20443	Guard's Keyring	1079
4235	13303	Guard Bracelet	620
4236	5722	Guard Captain`s Mallet	903
4237	12972	Guard of Ik	676
4238	12981	Guard of the Marines	676
4239	29086	Guardian Arms	622
4240	29078	Guardian Boots	545
4241	29076	Guardian Bracer	516
4242	29072	Guardian Breastplate	624
4243	29081	Guardian Choker	626
4244	29077	Guardian Gauntlets	531
4245	29082	Guardian Girdle	549
4246	29075	Guardian Helmet	746
4247	29074	Guardian Leggings	540
4248	29079	Guardian Pauldrons	798
4249	29084	Guardian Robe	838
4250	29073	Guardian Shield	606
4251	29085	Guardian Sword	576
4252	5163	Guardians Mace	578
4253	31957	Guide Scope	1141
4254	2475	Guise of the Coercer	771
4255	2469	Guise of the Deceiver	771
4256	14042	Guk Bracket Mildew	1196
4257	12177	Gundl's Tongue	1087
4258	28224	Gunthak Dagger	592
4259	12976	Gunthak Harpoon	776
4260	22745	Gunthak Mackerel	774
4261	28223	Gunthak Scimitar	604
4262	12793	Gunthak Sea Shell	998
4263	10565	Gypsy Lute	551
4264	19968	Gypsy Porter	979
4265	13052	Gypsy Wine	824
4266	12193	H.K. 106	1081
4267	13823	H.K. 401	1081
4268	12143	H.K. 102	1081
4269	13368	HEHE Meat	797
4270	9752	Halas 10lb Meat Pie	1107
4271	16584	Halas Heater	979
4272	5006	Halberd	736
4273	22078	Halberd Head Mold	1151
4274	10838	Halcyon Broadsword	1165
4275	12186	Half Elf Head	982
4276	12131	Half of Potion of Marr	788
4277	12207	Half of a Spell	864
4278	12807	Halfling Druid Master's Head	992
4279	12148	Halfling Head	993
4280	8306	Halfling Knife	591
4281	13416	Halfling Parts	817
4282	12230	Halfling Pickles	1018
4283	16583	Halfling Stouters	1029
4284	22646	Halfling Toe	1094
4285	1549	Halo of the Enlightened	1124
4286	16840	Hamed's Ring of Tears	1071
4287	22086	hammer Head Mold	1151
4288	3891	Hammer of 1406	1117
4289	25202	Hammer of Battle	567
4290	24767	Hammer of Exoneration	581
4291	11539	Hammer of Flattening	903
4292	25079	Hammer of Rage	567
4293	20485	Hammer of the Ancients	567
4294	6670	Hammer of the Dragonborn	567
4295	5716	Hammered Golden Hoop	757
4296	5705	Hammered Golden Loop	757
4297	27009	Hammered Velium Warsword	575
4298	4620	Hammerhead Helm	747
4299	13000	Hand Drum	1152
4300	17969	Hand Made Backpack	565
4301	0	Hand With Only a Thumb	743
4302	11909	Hand Woven Leggings	635
4303	11910	Hand Woven Shoulder Guards	668
4304	25115	Hand of Deaen Greyforge	744
4305	13234	Hand of Shadow	971
4306	20676	Hand of the Maestro	918
4307	31321	Hand of the Master	918
4308	14742	Hand of the Reaper	975
4309	3575	Hands of Marr	531
4310	1630	Hangman's Noose	938
4311	12202	Happy Love Bracers	516
4312	19979	Harbinger Holy Ale	703
4313	1799	Harbinger of Bertoxxulous	1006
4314	5739	Hardened Bone Spaulders	798
4315	10504	Hardened Brick of Clay	1135
4316	20732	Hardened Clay	1138
4317	3212	Hardened Clay Bracelet	1057
4318	30227	Hardened Kodiak Leather Bracer	637
4319	20473	Hardened Mixture	949
4320	27059	Hardened Velium War Lance	742
4321	27244	Harla Dar's Talisman	510
4322	7216	Harmonic Dagger	592
4323	10852	Harmonic Spear	776
4324	30272	Harness of Control	719
4325	29504	Harnessed soul gem	1129
4326	11970	Harpoon of the Depths	1163
4327	20952	Harpy Statuette	893
4328	20852	Harpy Tongue	1087
4329	14511	Harvest Crystal	507
4330	5316	Harvester	579
4331	22758	Hatch Dace	775
4332	2195	Hate's Edge	1178
4333	2188	Hate Crystal	973
4334	31808	Hauberk of Harmony	624
4335	24854	Haze Panther Belt	564
4336	24859	Haze Panther Boots	633
4337	24853	Haze Panther Cloak	660
4338	24862	Haze Panther Eye	943
4339	24857	Haze Panther Gloves	636
4340	24850	Haze Panther Gorget	643
4341	24858	Haze Panther Leggings	635
4342	24849	Haze Panther Mask	771
4343	24852	Haze Panther Shoulderpads	668
4344	22848	Haze Panther Skin	556
4345	24848	Haze Panther Skullcap	640
4346	24855	Haze Panther Sleeves	634
4347	24851	Haze Panther Tunic	632
4348	24856	Haze Panther Wristbands	637
4349	20872	Hazy Opal	894
4350	18458	Head Housekeeper's Log	865
4351	2392	Head of Azibelle Spavin	982
4352	14806	Head of Blackhand	1208
4353	2279	Head of Donally Stultz	982
4354	25116	Head of Ekelng Thunderstone	990
4355	13165	Head of Ghanex Drah	744
4356	14378	Head of Glohnor	982
4357	14378	Head of Glohnor	982
4358	2390	Head of Markus Cachexia	982
4359	2391	Head of Morley Murrain	982
4360	30141	Head of Scarbrow	996
4361	13167	Head of Shen	982
4362	20641	Head of Sir Edwin Motte	982
4363	6476	Head of Skargus	996
4364	1865	Head of Staff Sergeant Drioc	920
4365	28058	Head of Stanos	982
4366	12497	Head of a Halfling Spy	992
4367	1897	Head of a Kromzek Spy	1070
4368	10627	Head of a Prince	1231
4369	25122	Head of the Huntsman	990
4370	25123	Head of the Royal Scribe	990
4371	10622	Head of the Serpent	698
4372	1862	Head of the Taskmaster	920
4373	14369	Head of the Valiant	1042
4374	16480	Heady Kiola	701
4375	2197	Healer's Earring	757
4376	10548	Heart of Fire	1003
4377	10549	Heart of Frost	1003
4378	12834	Heart of Ice	963
4379	14380	Heart of Kyrenna	1003
4380	10544	Heart of Stone	964
4381	0	Heart of Zordak Ragefire	1003
4382	14368	Heart of the Innocent	958
4383	14113	Heart of the Pure Druid	1003
4384	16838	Heartsting Venom Sack	1226
4385	10164	Heartstone Amulet	752
4386	24499	Heavy Clay	1135
4387	27138	Heavy Dragonhide Belt	503
4388	27137	Heavy Dragonhide Breastplate	621
4389	27132	Heavy Dragonhide Gauntlets	530
4390	27131	Heavy Dragonhorn Boots	779
4391	27133	Heavy Dragonhorn Bracers	505
4392	27130	Heavy Dragonleg Breeches	630
4393	27136	Heavy Dragonskin Mask	770
4394	27135	Heavy Dragonskull Helm	746
4395	27134	Heavy Dragonspine Vambraces	622
4396	27139	Heavy Dragonwing Cloak	663
4397	27129	Heavy Dragonwing Mantle	668
4398	1792	Heavy Locked Chest	836
4399	1697	Heavy Metallic Crystal	732
4400	26377	Heavy Shadowknight Helm	628
4401	12037	Heavy Steel Blade Mold	1151
4402	27083	Heavy Velium Battle Axe	1166
4403	27083	Heavy Velium Battle Axe	1166
4404	27023	Heavy Velium Battlehammer	567
4405	27053	Heavy Velium Brawl Stick	1175
4406	27043	Heavy Velium Claidhmore	1211
4407	27034	Heavy Velium Spear	776
4408	27063	Heavy Velium War Lance	742
4409	27014	Heavy Velium Warsword	575
4410	27209	Hechaeva's Talisman	510
4411	18881	Helatan's Writ of Depravity	778
4412	14242	Heliotrope	1200
4413	12038	Helm Mold	1151
4414	1911	Helm of Brute Strength	628
4415	3316	Helm of Hukulk	536
4416	1759	Helm of Ridossan	628
4417	4578	Helm of Rile	746
4418	3150	Helm of Ro	550
4419	31133	Helm of Twilight	746
4420	31311	Helm of the Deep Sea	746
4421	31814	Helm of the Righteous	746
4422	1207	Helm of the Tracker	550
4423	31800	Helm of the Untamed	746
4424	25209	Helmet of Rallos Zek	628
4425	31368	Helmet of the Crawler	628
4426	1414	Helot Skull Helm	528
4427	1720	Helssen's Prismatic Trinket	534
4428	10018	Hematite	767
4429	8088	Hemp Twine	596
4430	5818	Herbalist's Spade	891
4431	17358	Herbalist Pack	884
4432	1775	Heretic's Report	682
4433	13075	Shark Skin	814
4434	6966	Heretics Head	986
4435	5126	Hero's Khukri	1184
4436	12189	Hero Bracers	516
4437	16841	Hexed Kerran Doll	1007
4438	8080	Hickory Bow Staff	601
4439	1780	Hieroglyph Translations	682
4440	1622	Hierophant's Cloak	840
4441	14784	Hierophant's Knife	1177
4442	11629	Hierophant`s Crook	1083
4443	13365	High Elf Flesh	817
4444	13415	High Elf Parts	817
4445	13752	High Quality Bear Skin	554
4446	30358	High Quality Brute Hide	554
4447	12086	High Quality Cat Pelt	555
4448	30030	High Quality Cougarskin	552
4449	30023	High Quality Dire Wolf Fur	553
4450	16908	High Quality Firing Sheet	1036
4451	10482	High Quality Folded Sheet Metal	1036
4452	27427	High Quality Gnoll Fur	556
4453	13766	High Quality Lion Skin	834
4454	22230	High Quality Metal Bits	1031
4455	10426	High Quality Metal Rings	1031
4456	20746	High Quality Raiment	842
4457	10481	High Quality Sheet Metal	1036
4458	30077	High Quality Tundra Kodiak Pelt	552
4459	30096	High Quality Walrus Hide	554
4460	13755	High Quality Wolf Skin	553
4461	13944	Highkeep Flask	584
4462	12267	Highkeep Royal Suite	1077
4463	22750	Highland Pike	774
4464	16539	Hill Giant Toes	1094
4465	12046	Hilt Mold	1151
4466	2413	Hilt of the Nobleman	973
4467	12027	Hinge Mold	1151
4468	18456	Historic Article	865
4469	5741	History of the Di`zok	789
4470	31226	Hobart`s War Helmet	746
4471	12147	Hog Key # 2	1081
4472	6379	Hole Key	539
4473	24890	Holgresh Elder Beads	848
4474	22845	Holgresh Fur	680
4475	24993	Holgresh Fur Cap	640
4476	24893	Holgresh Fur Cloak	657
4477	24994	Holgresh Fur Moccasins	633
4478	24889	Holgresh Grand Vizier Beads	848
4479	22843	Holgresh Meat	817
4480	24884	Holgresh Mojo Stick	809
4481	24884	Holgresh Mojo Stick	809
4482	24884	Holgresh Mojo Stick	809
4483	24884	Holgresh Mojo Stick	809
4484	24888	Holgresh Spirit Beads	848
4485	22846	Holgresh Wing	791
4486	7245	Hollow Bone Shank	575
4487	17013	Hollow Skull	528
4488	17013	Hollow Skull	528
4489	1321	Hollowed Bone Bracers	634
4490	17070	Holy Cask	979
4491	1068	Holy Dirt of Brell	1075
4492	5376	Holy Partisan of Underfoot	736
4493	1699	Holy Symbol of Zek	566
4494	27062	Honed Velium War Lance	742
4495	27005	Honed Velium Warsword	575
4496	12795	Honey Berry	783
4497	12678	Honey Berry Pie	783
4498	13952	Honey Jum	688
4499	13033	Honey Mead	702
4500	12447	Honey Mush Bread	914
4501	13953	Honeycomb	1069
4502	11684	Honeycomb Belt	505
4503	20963	Honeyed Nectar	1006
4504	27214	Honvar's Talisman	510
4505	1409	Hooded Black Cloak	842
4506	8056	Hooked Arrowheads	1099
4507	12785	Hopeless Willow Moss	1076
4508	13371	Hopper Spear	740
4509	16591	Hops	539
4510	16522	Horehound	795
4511	13012	Horn	594
4512	13774	Horn Mouthpiece	594
4513	14094	Horrendous Atrophy	806
4514	13461	Hot-N-Spicy Toelings	1094
4515	13496	Hot Cross Buns	1021
4516	1541	Hotof's Bracer	521
4517	22765	Hound Pike	775
4518	16833	Hounds Tongue	1199
4519	20001	House Key	1081
4520	18102	How To Sew: Large Sizes	504
4521	18100	How To Sew: Medium Sizes	504
4522	18101	How To Sew: Small Sizes	504
4523	18089	How to Dye and Stain	778
4524	5638	Howling Cutlass	590
4525	7211	Howling Harpoon	776
4526	5230	Howling Werewolf Claws	975
4527	0	Huge Block of Clay	1135
4528	27264	Huge Drake Wing	908
4529	12190	Huge Mushroom Head	854
4530	16586	Hulgarsh	830
4531	6320	Hulking Spiked Club	738
4532	22514	Human Blood	1157
4533	13838	Human Decapitated Head	982
4534	13364	Human Flesh	817
4535	12142	Human Head	982
4536	13854	A Human Heart	1003
4537	21968	Human Parts	817
4538	12231	Human Pickles	1018
4539	0	Human Scalp	553
4540	12700	Human Skull	1070
4541	12375	Humerus Handled Mace	905
4542	14940	Humongous Fetid Bass	775
4543	8011	Hunting Bow	597
4544	13176	Huntlan's Tax Payment	645
4545	13134	Hurrieta's Bloody Dress	712
4546	13129	Hurrieta's Tunic	712
4547	20944	Hyaline Globe	947
4548	14241	Hydrangea	921
4549	14248	Hyssop	795
4550	19022	Ice Burrower Meat	817
4551	24894	Ice Burrower Silk	782
4552	27201	Ice Burrower Skin	1238
4553	0	Ice Cream is Good - Part 1	778
4554	0	Ice Cream is Good - Part 2	778
4555	6323	Ice Crystal Staff	811
4556	12781	Ice Dragon Crystal	507
4557	0	Ice Enchanced Bracer	620
4558	30041	Ice Forged Shackles	1235
4559	16540	Ice Giant Toes	1094
4560	22533	Ice Goblin Blood	1156
4561	24760	Ice Silk Amice	668
4562	24763	Ice Silk Bracelet	637
4563	24756	Ice Silk Cap	640
4564	24758	Ice Silk Choker	643
4565	25665	Ice Silk Cloak	660
4566	24764	Ice Silk Gloves	636
4567	24766	Ice Silk Lined Shoes	633
4568	24765	Ice Silk Pantaloons	635
4569	24759	Ice Silk Robe	838
4570	24761	Ice Silk Sash	564
4571	24762	Ice Silk Sleeves	634
4572	25664	Ice Silk Swatch	823
4573	24757	Ice Silk Veil	677
4574	30242	Ice Weave	635
4575	25101	Ice Wyvern Stinger	801
4576	11789	Ice of Velious	972
4577	30014	Iceball	972
4578	1543	Icebelt	718
4579	22767	Iceclad Cutlassfish	775
4580	19129	Iceclad Shrimp	926
4581	10519	Iced Bone Chips	804
4582	25313	Iceflame	736
4583	27202	Icehackle's Pelt	662
4584	25305	Icepaw Bangle	1057
4585	25301	Icepaw Kobold's Paw	743
4586	25300	Icepaw Scalp	553
4587	25578	Icepaw Skull Helm	1070
4588	25292	Icepaw War Claw	975
4589	25055	Iceshaper's Staff	1083
4590	30228	Icetooth's Claws	975
4591	30229	Icetooth's Pelt	662
4592	30229	Icetooth's Pelt	662
4593	16989	Ichor	582
4594	31160	Icicle Boots	633
4595	31157	Icicle Bracelet	1044
4596	31154	Icicle Circlet	1124
4597	31158	Icicle Gloves	636
4598	31159	Icicle Pantaloons	635
4599	31156	Icicle Sleeves	634
4600	25562	Icicle Tunic	678
4601	25563	Icicle Wristband	1071
4602	19016	Icon of Sacrament	894
4603	19004	Icon of the Ardent	894
4604	19012	Icon of the Constant	894
4605	19014	Icon of the Devout	894
4606	19006	Icon of the Fervent	894
4607	1671	Icon of the High Scale	895
4608	19008	Icon of the Penitent	894
4609	19002	Icon of the Reliant	894
4610	19010	Icon of the Reverent	894
4611	7237	Icy Blade	575
4612	4115	Icy Greaves	541
4613	25152	Icy Mushrooms	854
4614	25058	Icy Skull	1070
4615	30051	Icy Totem of Protection	895
4616	6832	Idiot Savant's Cap	640
4617	16895	Idol Sketch	861
4618	20050	Idol of Bertoxxulous	1007
4619	20044	Idol of Brell Serilis	1007
4620	20043	Idol of Cazic Thule	1007
4621	31432	Idol of Corruption	894
4622	31434	Idol of Decay	895
4623	31431	Idol of Disease	895
4624	20049	Idol of Erollisi Marr	1007
4625	31433	Idol of Erosion	893
4626	2297	Idol of Fear	893
4627	20053	Idol of Fizzlethorpe Bristlebane	1007
4628	20046	Idol of Innoruuk	1007
4629	20052	Idol of Karana	1007
4630	20048	Idol of Mithaniel Marr	1007
4631	20047	Idol of Prexus	1007
4632	20054	Idol of Quellious	1007
4633	20041	Idol of Rallos Zek	1007
4634	20055	Idol of Rodcet Nife	1007
4635	20051	Idol of Solusek Ro	1007
4636	20045	Idol of Tunare	1007
4637	28075	Idol of Woven Grass	1007
4638	14722	Idol of the Thorned	895
4639	20042	Idol of the Tribunal	1007
4640	14762	Idol of the Underking	895
4641	31392	Ikatiar's Stinger	592
4642	14974	Ikfish	775
4643	12428	Iksar Bandit Mask	938
4644	6687	Iksar Berserker Club	737
4645	22522	Iksar Blood	1157
4646	12511	Iksar Dakoit Head	1208
4647	31862	Iksar Egg	871
4648	14119	Iksar Head	1208
4649	4318	Iksar Hide Boots	633
4650	5799	Iksar Hide Cap	640
4651	5779	Iksar Hide Cape	660
4652	5763	Iksar Hide Manual	777
4653	2741	Iksar Hide Mask	771
4654	12798	Iksar Left Hand	743
4655	12772	Iksar Phalange	592
4656	12797	Iksar Right Hand	743
4657	1674	Iksar Scale	1234
4658	11980	Iksar Scaled Gloves	526
4659	0	Iksar Shank	592
4660	1296	Iksar Skin Gloves	636
4661	12698	Iksar Skull	1070
4662	12741	Iksar Skull Helm	1070
4663	12730	Iksar Skull with an 'X'	1070
4664	12730	Iksar Skull with an 'X'	1070
4665	12693	Iksar Skull with punctured cranium	1070
4666	23377	Iksar Skyiron Targ Shield	676
4667	6628	Iksar Stave	737
4668	9029	Iksar Targ Shield	676
4669	12729	An Iksar Witch Doll	1007
4670	18191	Ikthars Fine Steel Skin	778
4671	13845	Illegible Cantrip	863
4672	14794	Illegible Note: Boots	868
4673	14791	Illegible Note: Bracer	868
4674	14789	Illegible Note: Breastplate	868
4675	14792	Illegible Note: Gauntlets	868
4676	14793	Illegible Note: Greaves	868
4677	14788	Illegible Note: Helm	868
4678	14795	Illegible Note: Pauldron	868
4679	14790	Illegible Note: Vambraces	868
4680	12715	Illegible Scroll	860
4681	31179	Illusionist's Gloves	636
4682	31175	Illusionist's Headband	511
4683	31180	Illusionist's Pantaloons	635
4684	31176	Illusionist's Robe	838
4685	31177	Illusionist's Sleeves	634
4686	31181	Illusionist's Slippers	666
4687	31178	Illusionist's Wristguard	671
4688	14521	Illusionists Stone	809
4689	12385	Illweed Parchment	504
4690	4867	Imbrued Platemail Boots	524
4691	4864	Imbrued Platemail Bracer	516
4692	4862	Imbrued Platemail Breastplate	624
4693	4865	Imbrued Platemail Gauntlets	531
4694	4866	Imbrued Platemail Greaves	540
4695	4861	Imbrued Platemail Helm	746
4696	4863	Imbrued Platemail Vambraces	622
4697	22502	Imbued Amber	951
4698	22548	Imbued Black Pearl	767
4699	20566	Imbued Black Pearl Electrum Choker	1046
4700	20568	Imbued Black Pearl Platinum Ring	1047
4701	22551	Imbued Black Sapphire	965
4702	0	Imbued Black Sapphire Electrum Earring	1042
4703	0	Imbued Black Sapphire Platinum Necklace	1043
4704	0	Imbued Black Sapphire Silvered Necklace	1043
4705	20565	Imbued Blackened Pearl Silver Ring	1047
4706	21197	Imbued Cabilis Scale Belt	562
4707	21202	Imbued Cabilis Scale Boots	545
4708	21199	Imbued Cabilis Scale Bracelet	620
4709	21191	Imbued Cabilis Scale Cap	625
4710	21196	Imbued Cabilis Scale Cape	661
4711	21194	Imbued Cabilis Scale Coat	538
4712	21200	Imbued Cabilis Scale Gloves	526
4713	21193	Imbued Cabilis Scale Gorget	627
4714	21201	Imbued Cabilis Scale Leggings	540
4715	21195	Imbued Cabilis Scale Mantle	769
4716	21192	Imbued Cabilis Scale Mask	770
4717	21198	Imbued Cabilis Scale Sleeves	543
4718	22549	Imbued Diamond	966
4719	20570	Imbued Diamond Electrum Mask	1063
4720	23471	Imbued Dwarven Breastplate	624
4721	21445	Imbued Dwarven Chain Boots	545
4722	21445	Imbued Dwarven Chain Boots	545
4723	21442	Imbued Dwarven Chain Bracelet	620
4724	21442	Imbued Dwarven Chain Bracelet	620
4725	21439	Imbued Dwarven Chain Cloak	661
4726	21439	Imbued Dwarven Chain Cloak	661
4727	21434	Imbued Dwarven Chain Coif	625
4728	21434	Imbued Dwarven Chain Coif	625
4729	21443	Imbued Dwarven Chain Gloves	526
4730	21443	Imbued Dwarven Chain Gloves	526
4731	21436	Imbued Dwarven Chain Gorget	627
4732	21436	Imbued Dwarven Chain Gorget	627
4733	21444	Imbued Dwarven Chain Leggings	540
4734	21444	Imbued Dwarven Chain Leggings	540
4735	21437	Imbued Dwarven Chain Mail	538
4736	21437	Imbued Dwarven Chain Mail	538
4737	21438	Imbued Dwarven Chain Mantle	769
4738	21438	Imbued Dwarven Chain Mantle	769
4739	21440	Imbued Dwarven Chain Skirt	562
4740	21440	Imbued Dwarven Chain Skirt	562
4741	21441	Imbued Dwarven Chain Sleeves	543
4742	21441	Imbued Dwarven Chain Sleeves	543
4743	21435	Imbued Dwarven Chain Veil	770
4744	21435	Imbued Dwarven Chain Veil	770
4745	23479	Imbued Dwarven Plate Boots	524
4746	23476	Imbued Dwarven Plate Bracers	516
4747	23470	Imbued Dwarven Plate Collar	626
4748	23477	Imbued Dwarven Plate Gauntlets	531
4749	23474	Imbued Dwarven Plate Girdle	549
4750	23478	Imbued Dwarven Plate Greaves	540
4751	23468	Imbued Dwarven Plate Helm	550
4752	23472	Imbued Dwarven Plate Pauldron	798
4753	23475	Imbued Dwarven Plate Vambraces	622
4754	23469	Imbued Dwarven Plate Visor	772
4755	23473	Imbued Dwarven Splinted Cloak	663
4756	20550	Imbued Electrum Amber Earring	1050
4757	20590	Imbued Electrum Fire Ring	1059
4758	20586	Imbued Electrum Opal Amulet	1053
4759	20578	Imbued Electrum Peridot Bracelet	1040
4760	20892	Imbued Electrum Plains Earring	1050
4761	20598	Imbued Electrum Rose Amulet	1053
4762	21463	Imbued Elven Chain Cape	661
4763	21458	Imbued Elven Chain Coif	625
4764	21462	Imbued Elven Chain Mantle	769
4765	21460	Imbued Elven Chain Neckguard	627
4766	21461	Imbued Elven Chain Tunic	538
4767	21459	Imbued Elven Chain Veil	770
4768	21481	Imbued Elven Chainmail Boots	545
4769	21466	Imbued Elven Chainmail Bracelet	620
4770	21467	Imbued Elven Chainmail Gloves	526
4771	21468	Imbued Elven Chainmail Leggings	540
4772	21464	Imbued Elven Chainmail Skirt	503
4773	21465	Imbued Elven Chainmail Sleeves	543
4774	22507	Imbued Emerald	958
4775	20558	Imbued Emerald Electrum Bracelet	1040
4776	23435	Imbued Field Breastplate (Bertoxxulous)	624
4777	23399	Imbued Field Breastplate (Erollisi Marr)	624
4778	23387	Imbued Field Breastplate (Innoruuk)	624
4779	23423	Imbued Field Breastplate (Karana)	624
4780	23411	Imbued Field Breastplate (Mithaniel Marr)	624
4781	23459	Imbued Field Breastplate (Rallos Zek)	624
4782	23447	Imbued Field Breastplate (Rodcet Nife)	624
4783	23443	Imbued Field Plate Boots (Bertoxxulous)	524
4784	23407	Imbued Field Plate Boots (Erollisi Marr)	524
4785	23395	Imbued Field Plate Boots (Innoruuk)	524
4786	23431	Imbued Field Plate Boots (Karana)	524
4787	23419	Imbued Field Plate Boots (Mithaniel Marr)	524
4788	23467	Imbued Field Plate Boots (Rallos Zek)	524
4789	23455	Imbued Field Plate Boots (Rodcet Nife)	524
4790	23440	Imbued Field Plate Bracers (Bertoxxulous)	516
4791	23404	Imbued Field Plate Bracers (Erollisi Marr)	516
4792	23392	Imbued Field Plate Bracers (Innoruuk)	516
4793	23428	Imbued Field Plate Bracers (Karana)	516
4794	23416	Imbued Field Plate Bracers (Mithaniel Marr)	516
4795	23464	Imbued Field Plate Bracers (Rallos Zek)	516
4796	23452	Imbued Field Plate Bracers (Rodcet Nife)	516
4797	23437	Imbued Field Plate Cloak (Bertoxxulous)	663
4798	23401	Imbued Field Plate Cloak (Erollisi Marr)	663
4799	23389	Imbued Field Plate Cloak (Innoruuk)	663
4800	23425	Imbued Field Plate Cloak (Karana)	663
4801	23413	Imbued Field Plate Cloak (Mithaniel Marr)	663
4802	23461	Imbued Field Plate Cloak (Rallos Zek)	663
4803	23449	Imbued Field Plate Cloak (Rodcet Nife)	663
4804	23434	Imbued Field Plate Collar (Bertoxxulous)	626
4805	23398	Imbued Field Plate Collar (Erollisi Marr)	626
4806	23386	Imbued Field Plate Collar (Innoruuk)	626
4807	23422	Imbued Field Plate Collar (Karana)	626
4808	23410	Imbued Field Plate Collar (Mithaniel Marr)	626
4809	23458	Imbued Field Plate Collar (Rallos Zek)	626
4810	23446	Imbued Field Plate Collar (Rodcet Nife)	626
4811	23441	Imbued Field Plate Gauntlets (Bertoxxulous)	531
4812	23405	Imbued Field Plate Gauntlets (Erollisi Marr)	531
4813	23393	Imbued Field Plate Gauntlets (Innoruuk)	531
4814	23429	Imbued Field Plate Gauntlets (Karana)	531
4815	23417	Imbued Field Plate Gauntlets (Mithaniel Marr)	531
4816	23465	Imbued Field Plate Gauntlets (Rallos Zek)	531
4817	23453	Imbued Field Plate Gauntlets (Rodcet Nife)	531
4818	23438	Imbued Field Plate Girdle (Bertoxxulous)	549
4819	23402	Imbued Field Plate Girdle (Erollisi Marr)	549
4820	23390	Imbued Field Plate Girdle (Innoruuk)	549
4821	23426	Imbued Field Plate Girdle (Karana)	549
4822	23414	Imbued Field Plate Girdle (Mithaniel Marr)	549
4823	23462	Imbued Field Plate Girdle (Rallos Zek)	549
4824	23450	Imbued Field Plate Girdle (Rodcet Nife)	549
4825	23442	Imbued Field Plate Greaves (Bertoxxulous)	540
4826	23406	Imbued Field Plate Greaves (Erollisi Marr)	540
4827	23394	Imbued Field Plate Greaves (Innoruuk)	540
4828	23430	Imbued Field Plate Greaves (Karana)	540
4829	23418	Imbued Field Plate Greaves (Mithaniel Marr)	540
4830	23466	Imbued Field Plate Greaves (Rallos Zek)	540
4831	23454	Imbued Field Plate Greaves (Rodcet Nife)	540
4832	23432	Imbued Field Plate Helm (Bertoxxulous)	550
4833	23396	Imbued Field Plate Helm (Erollisi Marr)	550
4834	23384	Imbued Field Plate Helm (Innoruuk)	550
4835	23420	Imbued Field Plate Helm (Karana)	550
4836	23408	Imbued Field Plate Helm (Mithaniel Marr)	550
4837	23456	Imbued Field Plate Helm (Rallos Zek)	550
4838	23444	Imbued Field Plate Helm (Rodcet Nife)	550
4839	23436	Imbued Field Plate Pauldron (Bertoxxulous)	798
4840	23400	Imbued Field Plate Pauldron (Erollisi Marr)	798
4841	23388	Imbued Field Plate Pauldron (Innoruuk)	798
4842	23424	Imbued Field Plate Pauldron (Karana)	798
4843	23412	Imbued Field Plate Pauldron (Mithaniel Marr)	798
4844	23460	Imbued Field Plate Pauldron (Rallos Zek)	798
4845	23448	Imbued Field Plate Pauldron (Rodcet Nife)	798
4846	23439	Imbued Field Plate Vambraces (Bertoxxulous)	622
4847	23403	Imbued Field Plate Vambraces (Erollisi Marr)	622
4848	23391	Imbued Field Plate Vambraces (Innoruuk)	622
4849	23427	Imbued Field Plate Vambraces (Karana)	622
4850	23415	Imbued Field Plate Vambraces (Mithaniel Marr)	622
4851	23463	Imbued Field Plate Vambraces (Rallos Zek)	622
4852	23451	Imbued Field Plate Vambraces (Rodcet Nife)	622
4853	23433	Imbued Field Plate Visor (Bertoxxulous)	772
4854	23397	Imbued Field Plate Visor (Erollisi Marr)	772
4855	23385	Imbued Field Plate Visor (Innoruuk)	772
4856	23421	Imbued Field Plate Visor (Karana)	772
4857	23409	Imbued Field Plate Visor (Mithaniel Marr)	772
4858	23457	Imbued Field Plate Visor (Rallos Zek)	772
4859	23445	Imbued Field Plate Visor (Rodcet Nife)	772
4860	5162	Imbued Fighters Staff	601
4861	22552	Imbued Fire Opal	960
4862	20551	Imbued Golden Amber Earring	1050
4863	20567	Imbued Golden Black Pearl Choker	1046
4864	0	Imbued Golden Black Sapphire Earring	1042
4865	20571	Imbued Golden Diamond Mask	1063
4866	20559	Imbued Golden Emerald Bracelet	1040
4867	20591	Imbued Golden Fire Ring	1059
4868	20595	Imbued Golden Ivory Earring	1042
4869	20547	Imbued Golden Jaded Bracelet	1040
4870	20587	Imbued Golden Opal Amulet	1053
4871	20579	Imbued Golden Peridot Bracelet	1040
4872	20893	Imbued Golden Plains Earring	1050
4873	20599	Imbued Golden Rose Amulet	1053
4874	20555	Imbued Golden Ruby Ring	1061
4875	20563	Imbued Golden Sapphire Earring	1042
4876	20583	Imbued Golden Topaz Earring	1042
4877	4394	Imbued Granite Spauldors	798
4878	22501	Imbued Ivory	1129
4879	20594	Imbued Ivory Electrum Earring	1042
4880	20593	Imbued Ivory Silver Necklace	1043
4881	22500	Imbued Jade	952
4882	20546	Imbued Jaded Electrum Bracelet	1040
4883	20548	Imbued Jaded Platinum Ring	1041
4884	20545	Imbued Jaded Silver Ring	1041
4885	21251	Imbued Koada`Dal Mithril Boots	524
4886	21248	Imbued Koada`Dal Mithril Bracers	516
4887	21245	Imbued Koada`Dal Mithril Cloak	663
4888	21242	Imbued Koada`Dal Mithril Collar	626
4889	21243	Imbued Koada`Dal Mithril Cuirass	624
4890	21249	Imbued Koada`Dal Mithril Gauntlets	531
4891	21246	Imbued Koada`Dal Mithril Girdle	549
4892	21250	Imbued Koada`Dal Mithril Greaves	540
4893	21240	Imbued Koada`Dal Mithril Helm	550
4894	21244	Imbued Koada`Dal Mithril Pauldron	798
4895	21247	Imbued Koada`Dal Mithril Vambraces	622
4896	21241	Imbued Koada`Dal Mithril Visor	772
4897	1971	Imbued Mithril Reinforced Belt	564
4898	1976	Imbued Mithril Reinforced Boots	633
4899	1973	Imbued Mithril Reinforced Bracer	637
4900	1970	Imbued Mithril Reinforced Cloak	660
4901	1974	Imbued Mithril Reinforced Gloves	636
4902	1967	Imbued Mithril Reinforced Gorget	643
4903	1975	Imbued Mithril Reinforced Leggings	635
4904	1969	Imbued Mithril Reinforced Mantle	668
4905	1966	Imbued Mithril Reinforced Mask	771
4906	1965	Imbued Mithril Reinforced Skullcap	640
4907	1972	Imbued Mithril Reinforced Sleeves	634
4908	1968	Imbued Mithril Reinforced Tunic	632
4909	1959	Imbued Mithril Studded Belt	564
4910	1964	Imbued Mithril Studded Boots	633
4911	1961	Imbued Mithril Studded Bracer	637
4912	1958	Imbued Mithril Studded Cloak	660
4913	1962	Imbued Mithril Studded Gloves	636
4914	1955	Imbued Mithril Studded Gorget	643
4915	1963	Imbued Mithril Studded Leggings	635
4916	1957	Imbued Mithril Studded Mantle	668
4917	1954	Imbued Mithril Studded Mask	771
4918	1953	Imbued Mithril Studded Skullcap	640
4919	1960	Imbued Mithril Studded Sleeves	634
4920	1956	Imbued Mithril Studded Tunic	632
4921	21542	Imbued Northman Battle Axe	568
4922	21543	Imbued Northman Claymore	1211
4923	23379	Imbued Northman Kite Shield	676
4924	21541	Imbued Northman Long Dagger	592
4925	21544	Imbued Northman Mace	578
4926	21404	Imbued Northman Ring Belt	562
4927	21409	Imbued Northman Ring Boots	545
4928	21406	Imbued Northman Ring Bracer	620
4929	21403	Imbued Northman Ring Cloak	661
4930	21407	Imbued Northman Ring Gauntlets	526
4931	21400	Imbued Northman Ring Gorget	627
4932	21398	Imbued Northman Ring Helm	625
4933	21408	Imbued Northman Ring Leggings	540
4934	21401	Imbued Northman Ring Mail	538
4935	21402	Imbued Northman Ring Mantle	769
4936	21399	Imbued Northman Ring Mask	770
4937	21405	Imbued Northman Ring Sleeves	543
4938	21275	Imbued Ogre War Boots	524
4939	21275	Imbued Ogre War Boots	524
4940	21272	Imbued Ogre War Bracer	516
4941	21272	Imbued Ogre War Bracer	516
4942	21267	Imbued Ogre War Breastplate	624
4943	21267	Imbued Ogre War Breastplate	624
4944	21269	Imbued Ogre War Cloak	663
4945	21269	Imbued Ogre War Cloak	663
4946	21266	Imbued Ogre War Collar	626
4947	21266	Imbued Ogre War Collar	626
4948	21273	Imbued Ogre War Gauntlets	531
4949	21273	Imbued Ogre War Gauntlets	531
4950	21270	Imbued Ogre War Girdle	549
4951	21270	Imbued Ogre War Girdle	549
4952	21274	Imbued Ogre War Greaves	540
4953	21274	Imbued Ogre War Greaves	540
4954	21532	Imbued Ogre War Hammer	567
4955	21264	Imbued Ogre War Helm	550
4956	21264	Imbued Ogre War Helm	550
4957	21529	Imbued Ogre War Mace	578
4958	21268	Imbued Ogre War Pauldron	798
4959	21268	Imbued Ogre War Pauldron	798
4960	21271	Imbued Ogre War Vambraces	622
4961	21271	Imbued Ogre War Vambraces	622
4962	21265	Imbued Ogre War Visor	772
4963	21265	Imbued Ogre War Visor	772
4964	22560	Imbued Opal	959
4965	22554	Imbued Peridot	957
4966	22553	Imbued Plains Pebble	963
4967	20552	Imbued Platinum Amber Ring	1051
4968	20572	Imbued Platinum Diamond Ring	1064
4969	20560	Imbued Platinum Emerald Ring	1041
4970	20592	Imbued Platinum Fire Ring	1060
4971	20596	Imbued Platinum Ivory Necklace	1043
4972	20588	Imbued Platinum Opal Ring	1052
4973	20580	Imbued Platinum Peridot Ring	1041
4974	20894	Imbued Platinum Plains Ring	1051
4975	20556	Imbued Platinum Ruby Veil	1062
4976	20584	Imbued Platinum Topaz Necklace	1043
4977	20890	Imbued Rose Platinum Ring	1052
4978	22550	Imbued Rose Quartz	950
4979	22506	Imbued Ruby	964
4980	20554	Imbued Ruby Electrum Ring	1061
4981	22508	Imbued Sapphire	963
4982	20562	Imbued Sapphire Electrum Earring	1042
4983	20564	Imbued Sapphire Platinum Necklace	1043
4984	9428	Imbued Shield of Paineel	974
4985	20549	Imbued Silver Amber Ring	1051
4986	20569	Imbued Silver Diamond Ring	1041
4987	20557	Imbued Silver Emerald Ring	1041
4988	20589	Imbued Silver Fire Ring	1060
4989	20585	Imbued Silver Opal Ring	1052
4990	20891	Imbued Silver Plains Ring	1051
4991	20597	Imbued Silver Rose Ring	1052
4992	20553	Imbued Silver Ruby Veil	1062
4993	20577	Imbued Silvered Peridot Ring	1041
4994	0	Imbued Silvered Sapphire Necklace	1043
4995	21559	Imbued Skyiron Fer`Esh	1174
4996	21558	Imbued Skyiron Shan`Tok	1185
4997	21560	Imbued Skyiron Sheer Blade	1186
4998	25689	Imbued Steelsilk Boots	524
4999	25689	Imbued Steelsilk Boots	524
5000	25689	Imbued Steelsilk Boots	524
5001	25686	Imbued Steelsilk Bracers	516
5002	25686	Imbued Steelsilk Bracers	516
5003	25686	Imbued Steelsilk Bracers	516
5004	25681	Imbued Steelsilk Breastplate	624
5005	25681	Imbued Steelsilk Breastplate	624
5006	25681	Imbued Steelsilk Breastplate	624
5007	25683	Imbued Steelsilk Cloak	663
5008	25683	Imbued Steelsilk Cloak	663
5009	25683	Imbued Steelsilk Cloak	663
5010	25680	Imbued Steelsilk Collar	626
5011	25680	Imbued Steelsilk Collar	626
5012	25680	Imbued Steelsilk Collar	626
5013	25687	Imbued Steelsilk Gauntlets	531
5014	25687	Imbued Steelsilk Gauntlets	531
5015	25687	Imbued Steelsilk Gauntlets	531
5016	25688	Imbued Steelsilk Greaves	540
5017	25688	Imbued Steelsilk Greaves	540
5018	25688	Imbued Steelsilk Greaves	540
5019	25678	Imbued Steelsilk Helm	746
5020	25678	Imbued Steelsilk Helm	746
5021	25678	Imbued Steelsilk Helm	746
5022	25679	Imbued Steelsilk Mask	772
5023	25679	Imbued Steelsilk Mask	772
5024	25679	Imbued Steelsilk Mask	772
5025	25682	Imbued Steelsilk Pauldron	798
5026	25682	Imbued Steelsilk Pauldron	798
5027	25682	Imbued Steelsilk Pauldron	798
5028	25685	Imbued Steelsilk Vambraces	622
5029	25685	Imbued Steelsilk Vambraces	622
5030	25685	Imbued Steelsilk Vambraces	622
5031	25684	Imbued Steelsilk Waistband	549
5032	25684	Imbued Steelsilk Waistband	549
5033	25684	Imbued Steelsilk Waistband	549
5034	21477	Imbued Teir`Dal Chain Bracelet	620
5035	21474	Imbued Teir`Dal Chain Cape	661
5036	21469	Imbued Teir`Dal Chain Coif	625
5037	21478	Imbued Teir`Dal Chain Gloves	526
5038	21479	Imbued Teir`Dal Chain Leggings	540
5039	21473	Imbued Teir`Dal Chain Mantle	769
5040	21471	Imbued Teir`Dal Chain Neckguard	627
5041	21476	Imbued Teir`Dal Chain Sleeves	543
5042	21472	Imbued Teir`Dal Chain Tunic	538
5043	21470	Imbued Teir`Dal Chain Veil	770
5044	21483	Imbued Teir`Dal Chainmail Boots	545
5045	21475	Imbued Teir`Dal Chainmail Skirt	562
5046	23381	Imbued Teir`Dal Dragoon Shield	676
5047	22555	Imbued Topaz	954
5048	20582	Imbued Topaz Electrum Earring	1042
5049	20581	Imbued Topaz Silver Necklace	1043
5050	1947	Imbued Vale Reinforced Belt	564
5051	1952	Imbued Vale Reinforced Boots	633
5052	1946	Imbued Vale Reinforced Cloak	660
5053	1950	Imbued Vale Reinforced Gloves	636
5054	1943	Imbued Vale Reinforced Gorget	643
5055	1951	Imbued Vale Reinforced Leggings	635
5056	1945	Imbued Vale Reinforced Mantle	668
5057	1942	Imbued Vale Reinforced Mask	771
5058	1941	Imbued Vale Reinforced Skullcap	640
5059	1948	Imbued Vale Reinforced Sleeves	634
5060	1944	Imbued Vale Reinforced Tunic	632
5061	1949	Imbued Vale Reinforced Wristbands	637
5062	1935	Imbued Vale Studded Belt	564
5063	1940	Imbued Vale Studded Boots	633
5064	1934	Imbued Vale Studded Cloak	660
5065	1938	Imbued Vale Studded Gloves	636
5066	1931	Imbued Vale Studded Gorget	643
5067	1939	Imbued Vale Studded Leggings	635
5068	1930	Imbued Vale Studded Mask	771
5069	1933	Imbued Vale Studded Shoulderpads	668
5070	1929	Imbued Vale Studded Skullcap	640
5071	1936	Imbued Vale Studded Sleeves	634
5072	1932	Imbued Vale Studded Tunic	632
5073	1937	Imbued Vale Studded Wristbands	637
5074	23380	Imbued Woodlanders Shield	676
5075	28510	Immaculate Shell Horn	998
5076	18195	Immortals	865
5077	7885	Imp Blood	1157
5078	20953	Imp Statuette	894
5079	25828	Imperfect Diamond	966
5080	5794	Imperial Wardog Collar	548
5081	30411	Spell: Improved Invis vs Undead	504
5082	2336	Impskin Gloves	636
5083	1328	Incandescent Bracer	521
5084	2351	Incandescent Gloves	636
5085	2350	Incandescent Mask	771
5086	6334	Incandescent Wand	810
5087	4138	Incarnadine Boots	545
5088	4135	Incarnadine Bracers	671
5089	4133	Incarnadine Breastplate	624
5090	4136	Incarnadine Gauntlets	531
5091	4137	Incarnadine Greaves	540
5092	4132	Incarnadine Helm	747
5093	5711	Incarnadine Legplates	610
5094	4134	Incarnadine Vambraces	546
5095	17921	Incomplete Blackbox	609
5096	17057	Incomplete Tool Kit	716
5097	4917	Indicolite Boots	524
5098	4914	Indicolite Bracer	516
5099	4912	Indicolite Breastplate	624
5100	4915	Indicolite Gauntlets	531
5101	4916	Indicolite Greaves	540
5102	4911	Indicolite Helm	746
5103	4913	Indicolite Vambraces	622
5104	21545	Indigo Sabre	1169
5105	21546	Indigo Sabre of Innoruuk	1169
5106	13983	Inert Potion	599
5107	13270	Infected Rat Livers	820
5108	14049	Inferno Blood	806
5109	2061	Infestation	801
5110	0	Infused Dark Matter	734
5111	24459	Infused Platinum Thread	853
5112	19015	Ingot of Sacrament	1092
5113	19003	Ingot of the Ardent	1092
5114	19011	Ingot of the Constant	1092
5115	19013	Ingot of the Devout	1092
5116	19005	Ingot of the Fervent	1092
5117	19007	Ingot of the Penitent	1092
5118	19001	Ingot of the Reliant	1092
5119	19009	Ingot of the Reverent	1092
5120	1390	Initiate Symbol of Bertoxxulous	1002
5121	1430	Initiate Symbol of Brell Serilis	566
5122	1437	Initiate Symbol of Cazic Thule	566
5123	1369	Initiate Symbol of Innoruuk	1049
5124	1564	Initiate Symbol of Quellious	850
5125	1444	Initiate Symbol of Rallos Zek	566
5126	1570	Initiate Symbol of Tunare	852
5127	1376	Initiate Symbol of the Tribunal	1002
5128	10601	Ink of the Dark	697
5129	16485	Inky Shadow Silk	823
5130	20985	Inlaid Choker	643
5131	5713	Inlaid Jade Hoop	509
5132	14383	Innoruuk's Curse	2873
5133	13121	Innoruuk's Kiss of Death	827
5134	10607	Innoruuk's Word	789
5135	19193	Innothule Mushroom	854
5136	0	Inscribable Words	864
5137	1710	Inscribed Velium Tablet	972
5138	1250	Insidious Gloves	636
5139	1246	Insidious Halo	1124
5140	1249	Insidious Manacle	671
5141	1251	Insidious Pantaloons	635
5142	1247	Insidious Robe	838
5143	1248	Insidious Sleeves	634
5144	1252	Insidious Slippers	666
5145	9206	Insignia Protector	805
5146	12810	Intact Brutling Choppers	906
5147	20360	Intact Kobold Pelt	556
5148	12825	Intact Pygmy Brute Choppers	906
5149	2387	Interrogator's Badge	566
5150	18292	Interrogator's Briefing	778
5151	13311	Intestine Necklace	849
5152	5740	Intricate Silver Rapier	762
5153	2386	Investigator's Badge	754
5154	18289	Investigator's Briefing	778
5155	10259	Invigorating Spores	854
5156	27247	Ionat's Talisman	510
5157	13220	Iony's Absorber	507
5158	18876	Ipsor's Enlightenment III	778
5159	18877	Ipsor's Enlightenment IV	778
5160	3008	Iron Armplates	543
5161	3012	Iron Boots	545
5162	14811	Iron Bound Tome	777
5163	5145	Iron Cudgel of the Channeler	578
5164	5141	Iron Cudgel of the Clairvoyant	578
5165	5143	Iron Cudgel of the Mystic	578
5166	5140	Iron Cudgel of the Petitioner	578
5167	5144	Iron Cudgel of the Prophet	578
5168	5142	Iron Cudgel of the Seer	578
5169	14090	Iron Dimethyl	806
5170	20937	Iron Disc	646
5171	3313	Iron Leash Collar	627
5172	3011	Iron Legplates	540
5173	3002	Iron Mask	770
5174	22124	Iron Oxide	1076
5175	13333	Iron Pellet	734
5176	13005	Iron Ration	570
5177	12470	Iron Rod	732
5178	25205	Iron Scroll of War	861
5179	3306	Iron Shackles	620
5180	16824	Iron Sulphide	1075
5181	1040	Iron Torque	535
5182	3102	Iron Visor	770
5183	11301	Issued Water	584
5184	10082	Ivandyr's Hoop	544
5185	22504	Ivory	1129
5186	10408	Ivory Bracelet	508
5187	5322	Ivory Handled Cleaver	568
5188	7325	Ivory Handled Dagger	592
5189	24707	Ivory Handled Falchion	604
5190	5321	Ivory Handled Long Sword	590
5191	5320	Ivory Handled Short Sword	580
5192	3099	Ivory Imbued Collar	627
5193	6327	Ivory Inlaid Great Staff	602
5194	6325	Ivory Inlaid Staff	601
5195	1275	Ivory Mask	770
5196	20758	Ivory Pendant	1058
5197	16898	Ivory Poppy	721
5198	7326	Ivory Shafted Spear	776
5199	20869	Ivory Sky Diamond	966
5200	6326	Ivory Spiked Club	738
5201	20928	Ivory Tessera	734
5202	3192	Ivy Etched Boots	545
5203	3189	Ivy Etched Bracer	620
5204	3190	Ivy Etched Gauntlets	526
5205	3181	Ivy Etched Helm	625
5206	3191	Ivy Etched Leggings	540
5207	3188	Ivy Etched Sleeves	543
5208	3184	Ivy Etched Tunic	538
5209	10053	Jacinth	767
5210	14697	Jacinth Electrum Wedding Ring	1059
5211	22129	Jack-O-Lantern Extract	1158
5212	22122	Jack-O-Lantern Fungus	854
5213	10023	Jade	952
5214	7254	Jade Chokidai Prod (Pre-Nerf)	740
5215	7254	Jade Chokidai Prod	740
5216	10042	Jade Earring	715
5217	17355	Jade Inlaid Coffin	1142
5218	5663	Jade Inlaid Crescent Axe	1166
5219	5747	Jade Inlaid Spaulders	798
5220	6612	Jade Mace	578
5221	12833	Jade Magma	952
5222	5802	Jade Meditation Hoop	509
5223	5664	Jade Reaver	1164
5224	10043	Jade Ring	607
5225	11790	Jade Shard	952
5226	14649	Jaded Electrum Bracelet	1040
5227	14651	Jaded Platinum Ring	1041
5228	14648	Jaded Silver Ring	1041
5229	30325	Jaded Velium Ring	1041
5230	31243	Jaelen's Katana	890
5231	10364	Jagged Band	614
5232	5661	Jagged Blade of Mourning	1168
5233	10908	Jagged Blade of War	1191
5234	7253	Jagged Chokidai Spine	575
5235	7506	Jagged Diamond Dagger	574
5236	30105	Jagged Ice Shard	1183
5237	5644	Jagged Long Sword	1168
5238	7026	Jagged Metal Shard	801
5239	1574	A Jagged Shard of Bone	800
5240	13230	Jaggedpine Crook	601
5241	28060	Jaled Dar's Tomb Key	1081
5242	7403	Jambiya	575
5243	22133	Jar of Acid	1006
5244	13966	Jar of Fungus	1018
5245	20708	Jar of Honey	1018
5246	22101	Jar of Lacquer	1006
5247	29638	Jar`Nal Long Sword	590
5248	5620	Jarsath Battle Sword	1195
5249	3257	Jarsath Scale Boots	633
5250	3252	Jarsath Scale Chestplate	527
5251	3255	Jarsath Scale Gauntlets	636
5252	3251	Jarsath Scale Helm	745
5253	3256	Jarsath Scale Leggings	540
5254	3253	Jarsath Scale Vambraces	543
5255	3254	Jarsath Scale Wrist Guards	637
5256	7212	Jarsath Trident	1163
5257	10020	Jasper	949
5258	14630	Jasper Gold Earring	1050
5259	14236	Jatamasi	1201
5260	25815	Jaundice Gem	951
5261	4535	Jaundiced Bone Boots	524
5262	4532	Jaundiced Bone Bracer	516
5263	4530	Jaundiced Bone Breastplate	624
5264	4533	Jaundiced Bone Gauntlets	531
5265	4534	Jaundiced Bone Greaves	540
5266	4529	Jaundiced Bone Helm	746
5267	4531	Jaundiced Bone Vambraces	622
5268	22082	javelin mold	1151
5269	12726	Jawless Skull	1070
5270	10604	Jeb's Seal	644
5271	5745	Jeldorin	1165
5272	27246	Jen Sapara's Talisman	510
5273	13994	Jester	650
5274	20987	Jester's Mask	770
5275	13994	Jester	650
5276	12877	Jewel of Ganak	964
5277	20671	Jeweled Dragon Head Hilt	6771
5278	13987	Jeweled Skull	1070
5279	0	Jeweler's Kit	539
5280	29671	Joined Ethereal Cape	840
5281	18044	A Journal Entry	864
5282	18118	Journal of Gimblestan XI	778
5283	18123	Journal of Gimblestan XIV	778
5284	18124	Journal of Gimblestan XV	778
5285	18147	Journal of Gimblestan XXXIII	778
5286	8356	Journal of Greater Enchantment	778
5287	2300	Journeyman's Boots	764
5288	6618	Journeyman's Walking Stick	602
5289	15906	Journeyman Rune (Azia)	967
5290	15907	Journeyman Rune (Beza)	967
5291	15919	Journeyman Rune (Complete)	967
5292	1908	Jualicn's Token	646
5293	19155	Jug of Oyster Sauces	696
5294	13427	Jug of Sauces	696
5295	1466	Juliah's Head	991
5296	13978	Jumjum Juice	704
5297	13541	Jumjum Sack Tunic	678
5298	13973	Jumjum Stalk	1085
5299	6971	Jungle Spiritling Stone	507
5300	12212	Kaglari Mana Doll	895
5301	31420	Kallis' Head	920
5302	27253	Kar Sapara's Talisman	510
5303	12076	Karana's Tear	534
5304	13962	Karana Clover Shipment	608
5305	27248	Karkona's Talisman	510
5306	9967	Karran's Head	744
5307	24641	Katana of Endurance	890
5308	10859	Katana of Flowing Water	890
5309	31320	Katana of Pain	890
5310	17701	Kavruul`s Mystic Pouch	722
5311	18181	Kaxon's Beauty Tips	863
5312	20524	Kedge Backbone	907
5313	22755	Kedge Carp	786
5314	20691	Kedge Cave Crystals	959
5315	3808	Kedgemail Gauntlets	526
5316	15973	Keg of Beer	979
5317	2440	A Keg of Brells Blessed Stout	979
5318	20664	Keg of Vox Tail Ale	979
5319	10343	Kejaar Totem	894
5320	6980	Kejek Spirit Powder	733
5321	6974	Kejekan Palm Fruit	1037
5322	6981	Kejekan Smithy Hammer	567
5323	17062	Kejekan Tool Kit	716
5324	6955	Kejekan Tribal Headband	935
5325	12172	Keldyn's Tongue	1087
5326	11573	Kelin`s Seven Stringed Lute	551
5327	22821	Kelorek`Dar Spine Razor	575
5328	19154	Kelp Garnish	911
5329	31237	Kelsiferous' Armband of Artistry	670
5330	22748	Kerra Catfish	786
5331	13997	Kerra Isle Beetle Eye	859
5332	13716	Kerran Doll	720
5333	0	Kerran Fishing Pole	749
5334	7027	Kerran Fishing Spear	740
5335	1062	Kerran Fishingpole	749
5336	1159	Kerran Headband	938
5337	13748	Kerran Toy	1007
5338	1063	Kerran Tribal Headband	935
5339	7115	Kerran War Spear	776
5340	11901	Ketchata Koro Mis	1189
5341	25755	Key	1077
5342	20914	Key of Beasts	651
5343	20913	Key of Misfortune	998
5344	20917	Key of Scale	963
5345	20911	Key of Swords	591
5346	20886	Key of Torsis	1078
5347	20884	Key of Veeshan	1081
5348	20912	Key of the Misplaced	807
5349	20916	Key of the Swarm	956
5350	20600	Key to Charasis	1081
5351	27707	Khyldorn the Blood Drinker	847
5352	5499	Kicsh Der Pavz	603
5353	12206	Kilij Plans	864
5354	0	Kilt of the Northmen	843
5355	14444	Kilva's Blistering Flesh	702
5356	14453	Kilva's Skin of Flame	702
5357	29611	Kin Lore Necklace	852
5358	29613	Kin Magi Earring	522
5359	14060	Kinetic Suppressant	808
5360	16999	King's Thorn	1132
5361	1791	A King Cod Card	651
5362	30516	King Tormax's Head	980
5363	13340	Kiola Nut	1000
5364	13340	Kiola Nut	1000
5365	9004	Kite Shield	676
5366	22062	Kite Shield Mold	1151
5367	14448	Kithar's Disease Treatment	706
5368	14144	Sealed Note	866
5369	27255	Klandicar's Talisman	510
5370	25271	Klezendian Crystal	507
5371	1096	Klok's Seal	644
5372	12280	Klunga's Bracelet	509
5373	5121	Knave's Khukri	1174
5374	0	Knife Cutting Blade Pattern	861
5375	5123	Knight's Khukri	1174
5376	22299	Knight Card	654
5377	6690	Knobbed Warclub	737
5378	30070	Knotted Turtlebone Ring	613
5379	6615	Knuckle Dusters	1211
5380	22764	Koada Cichlid	775
5381	21547	Koada`Dal Falchion	604
5382	21548	Koada`Dal Falchion of Tunare	604
5383	21166	Koada`Dal Mithril Boots	524
5384	21163	Koada`Dal Mithril Bracers	516
5385	21158	Koada`Dal Mithril Breastplate	624
5386	21160	Koada`Dal Mithril Cloak	663
5387	21157	Koada`Dal Mithril Collar	626
5388	21164	Koada`Dal Mithril Gauntlets	531
5389	21161	Koada`Dal Mithril Girdle	549
5390	21165	Koada`Dal Mithril Greaves	540
5391	21155	Koada`Dal Mithril Helm	550
5392	21159	Koada`Dal Mithril Pauldron	798
5393	21162	Koada`Dal Mithril Vambraces	622
5394	21156	Koada`Dal Mithril Visor	772
5395	23375	Koada`Dal Woodlanders Shield	676
5396	13383	Koalindl Fish	786
5397	2337	Kobold-hide Boots	525
5398	25576	Kobold Bone Gauntlets	530
5399	20408	Kobold Foot Bones	804
5400	6968	Kobold Head	744
5401	13424	Kobold Hide	834
5402	31825	Kobold History Collection	861
5403	25586	Kobold Jester's Crown	511
5404	22799	Kobold Meat	817
5405	1761	Kobold Molar	802
5406	0	Kobold Parts	817
5407	0	Kobold Scalp	833
5408	17056	Kobold Shaman's Pouch	739
5409	19994	Kobold Steaks	816
5410	30225	Kodiak Claws	975
5411	30226	Kodiak Pelt	556
5412	18318	Korucust's note to Venril	860
5413	11971	Korzanz Kit`ioukl	628
5414	31343	Kreizenn's Flame	588
5415	1767	Krode's Shawl	662
5416	1706	Krofer's Requisition	868
5417	12459	Kromdul Carrot	921
5418	12443	Kromdul Toothpick	776
5419	25268	Kromrif Battle Totem	1007
5420	11655	Kromrif Bones	804
5421	30082	Kromrif Head	920
5422	30220	Kromrif Laborer Pick	768
5423	30167	Kromrif Military Leggings	635
5424	19983	Kromrif Spit Vodka	1029
5425	30222	Kromzek Architect Blueprints	863
5426	24873	Kromzek Foreman Helm	550
5427	11990	Kromzek Mercenary Brooch	754
5428	30221	Kromzek Surveyor Scope	1141
5429	25450	Kromzek Warriors Head	920
5430	14972	Krup Guppy	775
5431	12910	Krup Warrior Guard	542
5432	1617	Kunzar Cloak	840
5433	10344	Kunzar Hex Amulet	566
5434	14973	Kunzar Koi	775
5435	5159	Kunzar Ku'juch	1184
5436	3250	Kunzar Mantle	769
5437	28034	Orb of Mastery	2868
5438	28034	Orb of Mastery	2868
5439	3215	Kylong Arm Guards	543
5440	3219	Kylong Boots	545
5441	3214	Kylong Chestplate	527
5442	3217	Kylong Gauntlets	526
5443	3218	Kylong Greaves	540
5444	7225	Kylong Hunting Knife	575
5445	7224	Kylong War Dagger	575
5446	3213	Kylong War Helm	625
5447	3216	Kylong Wrist Guards	620
5448	13814	L.S. Pouch	565
5449	13123	Label of Erud's Tonic	504
5450	10214	Labyrinth Talisman	566
5451	29212	Laced Veil	677
5452	16993	Lactera	583
5453	14249	Lady's Mantle	1133
5454	4159	Lambent Boots	524
5455	4156	Lambent Bracers	516
5456	4154	Lambent Breastplate	624
5457	10128	Lambent Fire Opal	960
5458	4157	Lambent Gauntlets	531
5459	4158	Lambent Greaves	540
5460	4153	Lambent Helm	746
5461	10118	Lambent Ruby	964
5462	10119	Lambent Sapphire	963
5463	10117	Lambent Star Ruby	961
5464	10000	Lambent Stone	945
5465	4155	Lambent Vambraces	622
5466	5157	Lamentation	1165
5467	5424	Lamentation Blade	519
5468	31415	Lance of Thunder	1181
5469	19036	Lancer Swordfish Fin	814
5470	5367	Langseax	580
5471	5368	Langseax of the Wolves	519
5472	14066	Languid Lixt Wing	808
5473	12013	Lantern Casing Mold	1151
5474	29673	Laoch Combat Gauntlets	846
5475	29639	Laoch Meditation Beads	500
5476	29643	Laoch Warhammer	567
5477	10016	Lapis Lazuli	945
5478	12185	Useless Token	645
5479	16982	Larent Suspension	599
5480	17004	Large Bag	539
5481	10506	Large Ball of Clay	734
5482	15974	Large Ball of Twine	1202
5483	3083	Large Banded Belt	562
5484	3088	Large Banded Boots	545
5485	3085	Large Banded Bracer	620
5486	3082	Large Banded Cloak	661
5487	3089	Large Banded Gauntlets	526
5488	3079	Large Banded Gorget	627
5489	3077	Large Banded Helm	625
5490	3087	Large Banded Leggings	540
5491	3080	Large Banded Mail	527
5492	3081	Large Banded Mantle	769
5493	3078	Large Banded Mask	770
5494	3084	Large Banded Sleeves	543
5495	17807	Large Barrel	979
5496	12051	Large Belt Sectional Mold	1151
5497	16894	Large Black Lodestone	767
5498	16902	Large Block of Clay	1135
5499	16896	Large Block of Magic Clay	1135
5500	9306	Large Bone Shield	974
5501	12008	Large Boot Mold	1151
5502	16942	Large Bowl	858
5503	16963	Large Bowl Sketch	861
5504	17007	Large Box	608
5505	12010	Large Bracer Sectional Mold	1151
5506	22029	Large Breastplate Mold	1151
5507	20355	Large Briar Snake Skin	813
5508	10475	Large Brick of Adamantite	1138
5509	10474	Large Brick of Brellium	1138
5510	10440	Large Brick of Enchanted Ore	1138
5511	10469	Large Brick of High Quality Ore	1138
5512	10466	Large Brick of Medium Quality Ore	1138
5513	10476	Large Brick of Mithril	1138
5514	10502	Large Brick of Ore	1135
5515	10459	Large Brick of Skyiron	1138
5516	22094	Large Brick of Velium	1138
5517	4236	Large Bronze Boots	524
5518	4233	Large Bronze Bracers	516
5519	4228	Large Bronze Breastplate	624
5520	4227	Large Bronze Collar	626
5521	4234	Large Bronze Gauntlets	531
5522	0	Large Bronze Girdle	549
5523	4235	Large Bronze Greaves	540
5524	4225	Large Bronze Helm	550
5525	4226	Large Bronze Mask	772
5526	4229	Large Bronze Pauldron	798
5527	4232	Large Bronze Vambraces	622
5528	9016	Large Buckler	759
5529	22069	Large Buckler Mold	1151
5530	3025	Large Chain Coif	625
5531	3031	Large Chainmail Belt	562
5532	22223	Large Chainmail Boot Pattern	504
5533	3033	Large Chainmail Bracelet	620
5534	22220	Large Chainmail Bracelet Pattern	504
5535	3030	Large Chainmail Cape	661
5536	22217	Large Chainmail Cloak Pattern	504
5537	3028	Large Chainmail Coat	527
5538	22212	Large Chainmail Coif Pattern	504
5539	22221	Large Chainmail Glove Pattern	504
5540	3034	Large Chainmail Gloves	526
5541	3029	Large Chainmail Mantle	769
5542	22216	Large Chainmail Mantle Pattern	504
5543	3027	Large Chainmail Neckguard	627
5544	22214	Large Chainmail Neckguard Pattern	504
5545	22222	Large Chainmail Pant Pattern	504
5546	22218	Large Chainmail Skirt Pattern	504
5547	22219	Large Chainmail Sleeve Pattern	504
5548	22215	Large Chainmail Tunic Pattern	504
5549	22213	Large Chainmail Veil Pattern	504
5550	17962	Large Clay Jar	1006
5551	12050	Large Cloak Sectional Mold	1151
5552	1025	Large Cloth Cap	639
5553	1030	Large Cloth Cape	656
5554	1027	Large Cloth Choker	500
5555	1031	Large Cloth Cord	572
5556	1034	Large Cloth Gloves	517
5557	1035	Large Cloth Pants	631
5558	1036	Large Cloth Sandals	666
5559	1029	Large Cloth Shawl	665
5560	1028	Large Cloth Shirt	678
5561	1032	Large Cloth Sleeves	670
5562	1026	Large Cloth Veil	677
5563	1033	Large Cloth Wristband	638
5564	17206	Large Coin Purse	582
5565	12063	Large Container Base Mold	1151
5566	12070	Large Container Lid Mold	1151
5567	20761	Large Diamond	966
5568	26006	Large Dragonbone Shard	580
5569	1773	Large Empty Crate	608
5570	14917	Large Fetid Bass	775
5571	22057	Large Field Splinted Cloak Mold	1151
5572	21036	Large Fine Plate Boots	524
5573	21033	Large Fine Plate Bracer	516
5574	21027	Large Fine Plate Collar	626
5575	21034	Large Fine Plate Gauntlets	531
5576	21031	Large Fine Plate Girdle	549
5577	21035	Large Fine Plate Greaves	540
5578	21025	Large Fine Plate Helm	550
5579	21029	Large Fine Plate Pauldron	798
5580	21032	Large Fine Plate Vambraces	622
5581	21026	Large Fine Plate Visor	772
5582	21030	Large Fine Splinted Cloak	663
5583	21028	Large Fine Steel Breastplate	624
5584	19863	Large Fire Beetle Patella	907
5585	19864	Large Fire Beetle Sternite	1225
5586	19862	Large Fire Beetle Tarsus	1203
5587	12093	Large Gauntlet Mold	1151
5588	12009	Large Gorget Mold	1151
5589	8050	Large Groove Nocks	977
5590	12047	Large Helm Mold	1151
5591	3032	Large Iron Armplates	543
5592	3036	Large Iron Boots	545
5593	3035	Large Iron Legplates	540
5594	3026	Large Iron Mask	770
5595	1042	Large Iron Torque	535
5596	16953	Large Jar Sketch	861
5597	9019	Large Kite Shield	9019
5598	22072	Large Kite Shield Mold	1151
5599	13004	Large Lantern	728
5600	2031	Large Leather Belt	564
5601	2036	Large Leather Boots	633
5602	2030	Large Leather Cloak	660
5603	2034	Large Leather Gloves	636
5604	2027	Large Leather Gorget	643
5605	2038	Large Leather Kilt	843
5606	2035	Large Leather Leggings	635
5607	2026	Large Leather Mask	771
5608	2029	Large Leather Shoulderpads	668
5609	2025	Large Leather Skullcap	640
5610	2032	Large Leather Sleeves	634
5611	2028	Large Leather Tunic	632
5612	2033	Large Leather Wristbands	637
5613	12053	Large Leggings Sectional Mold	1151
5614	12330	A Large Locked Crate	608
5615	12066	Large Mail Sectional Mold	1151
5616	12049	Large Mantle Sectional Mold	1151
5617	12048	Large Mask Mold	1151
5618	17965	Large Metal Container	1144
5619	10628	Large Muddy Sandals	666
5620	25102	Large Note	868
5621	20766	Large Opal	959
5622	21337	Large Ornate Chain Boots	545
5623	21334	Large Ornate Chain Bracelet	620
5624	21331	Large Ornate Chain Cloak	661
5625	21326	Large Ornate Chain Coif	625
5626	21335	Large Ornate Chain Gloves	526
5627	21328	Large Ornate Chain Gorget	627
5628	21336	Large Ornate Chain Leggings	540
5629	21329	Large Ornate Chain Mail	527
5630	21330	Large Ornate Chain Mantle	769
5631	21332	Large Ornate Chain Skirt	562
5632	21333	Large Ornate Chain Sleeves	543
5633	21327	Large Ornate Chain Veil	770
5634	2136	Large Patchwork Boots	633
5635	2130	Large Patchwork Cloak	660
5636	2135	Large Patchwork Pants	635
5637	2132	Large Patchwork Sleeves	634
5638	2128	Large Patchwork Tunic	632
5639	22012	Large Plate Belt Mold	1151
5640	22015	Large Plate Boot Mold	1151
5641	22017	Large Plate Bracer Mold	1151
5642	22032	Large Plate Gauntlet Mold	1151
5643	4034	Large Plate Gauntlets	531
5644	4031	Large Plate Girdle	549
5645	22016	Large Plate Gorget Mold	1151
5646	22014	Large Plate Greaves Mold	1151
5647	22009	Large Plate Helm Mold	1151
5648	22011	Large Plate Pauldron Mold	1151
5649	22013	Large Plate Vambrace Mold	1151
5650	22010	Large Plate Visor Mold	1151
5651	4025	Large Platemail Helm	550
5652	10512	Large Power Source	1027
5653	19851	Large Rattlesnake Skin	813
5654	2167	Large Raw-hide Belt	564
5655	2172	Large Raw-hide Boots	633
5656	2166	Large Raw-hide Cloak	660
5657	2170	Large Raw-hide Gloves	636
5658	2163	Large Raw-hide Gorget	643
5659	2171	Large Raw-hide Leggings	635
5660	2162	Large Raw-hide Mask	771
5661	2165	Large Raw-hide Shoulderpads	668
5662	2161	Large Raw-hide Skullcap	640
5663	2168	Large Raw-hide Sleeves	634
5664	2164	Large Raw-hide Tunic	632
5665	2169	Large Raw-hide Wristbands	637
5666	2267	Large Reinforced Belt	564
5667	2272	Large Reinforced Boots	633
5668	2266	Large Reinforced Cloak	660
5669	2270	Large Reinforced Gloves	636
5670	2263	Large Reinforced Gorget	643
5671	2271	Large Reinforced Leggings	635
5672	2262	Large Reinforced Mask	771
5673	2265	Large Reinforced Shoulderpads	668
5674	2261	Large Reinforced Skullcap	640
5675	2268	Large Reinforced Sleeves	634
5676	2264	Large Reinforced Tunic	632
5677	2269	Large Reinforced Wristbands	637
5678	3131	Large Ringmail Belt	562
5679	3136	Large Ringmail Boots	545
5680	3133	Large Ringmail Bracelet	620
5681	3130	Large Ringmail Cape	661
5682	3128	Large Ringmail Coat	527
5683	3125	Large Ringmail Coif	625
5684	3134	Large Ringmail Gloves	526
5685	3129	Large Ringmail Mantle	769
5686	3127	Large Ringmail Neckguard	627
5687	3135	Large Ringmail Pants	540
5688	3132	Large Ringmail Sleeves	543
5689	0	Large Ringmail Visor	770
5690	9017	Large Round Shield	542
5691	22070	Large Round Shield Mold	1151
5692	13786	Large Ruby	964
5693	13786	Large Ruby	964
5694	12659	Large Scorpion Pincer	807
5695	17058	Large Scroll Case	861
5696	17880	Large Sewing Kit	892
5697	16484	Large Shadow Silk	823
5698	20727	Large Sky Diamond	966
5699	20707	Large Sky Pearl	953
5700	20752	Large Sky Sapphire	965
5701	20778	Large Sky Sapphire	963
5702	12052	Large Sleeves Sectional Mold	1151
5703	13057	Large Snake Rattle	1122
5704	13060	Large Snake Skin	813
5705	17404	Large Soiled Bag	689
5706	4230	Large Splinted Bronze Cloak	663
5707	4030	Large Splinted Cloak	663
5708	4033	Large Steel Bracers	516
5709	4028	Large Steel Breastplate	624
5710	4027	Large Steel Collar	626
5711	4035	Large Steel Greaves	540
5712	4152	Large Steel Kilt	540
5713	4026	Large Steel Mask	772
5714	4029	Large Steel Pauldron	798
5715	4036	Large Steel Plate Boots	524
5716	2043	Large Steel Torque	643
5717	4032	Large Steel Vambraces	622
5718	2231	Large Studded Belt	564
5719	2236	Large Studded Boots	633
5720	2230	Large Studded Cloak	660
5721	2234	Large Studded Gloves	636
5722	2227	Large Studded Gorget	643
5723	2235	Large Studded Leggings	635
5724	2226	Large Studded Mask	771
5725	2229	Large Studded Shoulderpads	668
5726	2225	Large Studded Skullcap	640
5727	2232	Large Studded Sleeves	634
5728	2228	Large Studded Tunic	632
5729	2233	Large Studded Wristbands	637
5730	9018	Large Targ Shield	676
5731	22071	Large Targ Shield Mold	1151
5732	12889	Large Tassel Bookmark	564
5733	2131	Large Tattered Belt	564
5734	2134	Large Tattered Gloves	636
5735	2127	Large Tattered Gorget	643
5736	2126	Large Tattered Mask	771
5737	2129	Large Tattered Shoulderpads	668
5738	2125	Large Tattered Skullcap	640
5739	2133	Large Tattered Wristbands	637
5740	9020	Large Tower Shield	676
5741	22073	Large Tower Shield Mold	1151
5742	17919	Large Velium Candy Jar	672
5743	9022	Large Wooden Kite Shield	758
5744	9021	Large Wooden Shield	542
5745	20038	Large metal key	1081
5746	12513	Larik Z`Vole's Head	989
5747	8326	LarkTwitter Bow	597
5748	20204	Larkin Tolmans Head	982
5749	16529	Larkspur	795
5750	8327	Larktwitter Arrow	598
5751	2736	Larrikan's Mask	771
5752	11973	Lasnik's Staff	811
5753	12134	Last of Potion of Marr	788
5754	29606	Lath Drinor	592
5755	10198	Lava Diamond	966
5756	14325	Lava Potion	701
5757	22521	Lava Rock	956
5758	16553	Lead Peroxide	1074
5759	16845	Lead Sulphide	1138
5760	2007	Leather Belt	564
5761	2012	Leather Boots	633
5762	2006	Leather Cloak	660
5763	3656	Leather Cord	848
5764	2010	Leather Gloves	636
5765	2003	Leather Gorget	643
5766	2011	Leather Leggings	635
5767	2002	Leather Mask	771
5768	16488	Leather Padding	555
5769	2005	Leather Shoulderpads	668
5770	2001	Leather Skullcap	640
5771	2008	Leather Sleeves	634
5772	2004	Leather Tunic	632
5773	5038	Leather Whip	596
5774	2009	Leather Wristbands	637
5775	19574	Leathered Zombie Flesh	924
5776	17145	Leatherfoot Haversack	691
5777	18957	Leatherfoot Raider Orders	866
5778	12259	Leatherfoot Raider Skullcap	640
5779	1534	Leatherfoot Sandals	558
5780	19582	Leatherfoot Short Bow	597
5781	13941	Leatherfoot Skullcap	640
5782	12686	Leech Husk	814
5783	12921	Leech Husk Boots	633
5784	12919	Leech Husk Gloves	636
5785	12918	Leech Husk Leggings	635
5786	17998	Leech Husk Pouch	582
5787	12917	Leech Husk Tunic	632
5788	12920	Leech Husk Wrist Bands	637
5789	2311	Leering Mask	771
5790	24629	Left Eye of Xygoz	966
5791	13790	Left Goblin Ear	793
5792	11540	Leg-Chopper	1211
5793	18926	Legacy of Jewel Craft	778
5794	12044	Leggings Sectional Mold	1151
5795	1764	Leggings of Ridossan	540
5796	12463	Legion Lager	830
5797	18240	Legion Order	866
5798	2299	Legionnaire's Bracer	637
5799	5135	Legionnaire's Mancatcher	736
5800	12904	Legionnaire's Mancatcher Crown	1101
5801	12478	Legionnaire Crown Plans	864
5802	5181	Legionnaire Scale Boots	524
5803	5178	Legionnaire Scale Bracers	516
5804	5175	Legionnaire Scale Breastplate	624
5805	5179	Legionnaire Scale Gauntlets	531
5806	5180	Legionnaire Scale Greaves	540
5807	5174	Legionnaire Scale Helm	550
5808	5176	Legionnaire Scale Pauldron	798
5809	5177	Legionnaire Scale Vambraces	622
5810	25114	Legs of Deaen Greyforge	919
5811	1415	Leif's Napkin	870
5812	12331	Lendel's Grand Lager	830
5813	27259	Lendiniara's Talisman	510
5814	10140	Lens of Glowing Amber	951
5815	14110	Lens of Lord Soptyvr	507
5816	6945	Leopard Skin	834
5817	14063	Leprous Pus	806
5818	14061	Lethargic Bliss	808
5819	18172	Letter to Doldigun	866
5820	18099	Letter to Duriek	504
5821	18171	Letter to Peffin	866
5822	13976	Lettuce	922
5823	17903	Lexicon	777
5824	0	Lexicon Excerpts	777
5825	17061	Lexicon of Relinar	777
5826	13899	Lianna's Flute	751
5827	13905	Library of Erudin	653
5828	12682	Lichen Clover Sweet Bread	783
5829	19143	Lichen Roots	583
5830	12633	Lichenclover	1073
5831	25003	Lieutenant's Helm	550
5832	2196	Life's Guard	805
5833	22108	Light Blue Dye	1160
5834	17353	Light Burlap Sack	689
5835	20770	Light Cloth Mantle	665
5836	20840	Light Damask Mantle	665
5837	22102	Light Green Dye	1156
5838	22116	Light Grey Dye	1154
5839	22105	Light Red Dye	1157
5840	27078	Light Velium Battle Axe	1166
5841	27017	Light Velium Battlehammer	567
5842	27067	Light Velium Bow	1104
5843	27048	Light Velium Brawl Stick	1175
5844	27038	Light Velium Claidhmore	1211
5845	27027	Light Velium Spear	776
5846	27058	Light Velium War Lance	742
5847	27003	Light Velium Warsword	575
5848	20823	Light Woolen Mantle	665
5849	20821	Light Woolen Mask	677
5850	22111	Light Yellow Dye	1158
5851	20995	Lightning Rod	1137
5852	10300	Lightstone	507
5853	16892	Lime Coated Meshing	1136
5854	16844	Limestone	1138
5855	10159	Limestone Ring	607
5856	27218	Linbrak's Talisman	510
5857	16966	Lined Poison Vial	599
5858	16969	Lined Vial Sketch	861
5859	8089	Linen String	572
5860	2324	Lion-Skin Leggings	635
5861	2324	Lion-skin Leggings	635
5862	12221	Lion Delight	816
5863	13405	Lion Meat	817
5864	13961	Lion Meat Shipment	609
5865	13443	Lion Steaks	816
5866	17350	Lionhide Backpack	884
5867	2315	Lionskin Gloves	636
5868	1857	Liquid Velium	1160
5869	18868	A List	504
5870	12622	List of Qeynos Most Wanted	682
5871	22856	Lithiniaths Horn	1137
5872	2584	Live Enchanted Rat: Jar 1	1018
5873	2585	Live Enchanted Rat: Jar 2	1018
5874	2586	Live Enchanted Rat: Jar 3	1018
5875	1071	Living Heart of a Brell Minion	1003
5876	25045	Living Thunder Earring	1129
5877	14039	Lixt Wing Dust	808
5878	16998	Lixt Wing Stalk	922
5879	13465	Lizard-on-a-Stick	1009
5880	14312	Lizard Blood Potion	695
5881	13410	Lizard Meat	817
5882	13354	Lizard Tail	1132
5883	12198	Lizardman Scout Fife	751
5884	2345	Lizardscale Belt	564
5885	2332	Lizardscale Cloak	841
5886	2331	Lizardscale Mantle	668
5887	2330	Lizardskin Tribal Mask	771
5888	13015	Loaf of Bread	537
5889	13015	Loaf of Bread	537
5890	1645	Loam Encrusted Amice	668
5891	1649	Loam Encrusted Bracelet	637
5892	1641	Loam Encrusted Cap	640
5893	1643	Loam Encrusted Choker	643
5894	1646	Loam Encrusted Cloak	660
5895	1650	Loam Encrusted Gloves	636
5896	1652	Loam Encrusted Lined Shoes	633
5897	1651	Loam Encrusted Pantaloons	635
5898	1644	Loam Encrusted Robe	838
5899	1647	Loam Encrusted Sash	564
5900	1648	Loam Encrusted Sleeves	634
5901	1642	Loam Encrusted Veil	677
5902	18180	Lobal's Cures for Undeath	861
5903	0	Lock of Blessed Unicorn Hair	794
5904	1711	Lock of Dwarven Hair	1001
5905	12338	A Lock of Hair	1001
5906	28520	Lock of Siren Hair	853
5907	19583	Lock of Zombie Hair	1001
5908	13863	A Locked Book	778
5909	30039	Locked Rum Box	836
5910	14727	Locket of Escape	1147
5911	2329	Lockjaw Hide Vest	632
5912	12014	Lockpick Mold	1151
5913	13010	Lockpicks	716
5914	7214	Locustlure	575
5915	30069	Lodizal Shell Boots	779
5916	22816	Lodizal Shell Shield	1244
5917	12722	Logrin Skull	1070
5918	18793	Lomarc's Payment	504
5919	9438	Lon's Head	989
5920	22085	Long Blade Mold	1151
5921	12870	Long Iron Rod	602
5922	5002	Long Sword	590
5923	8003	Longbow	597
5924	12466	Loose Scale	1088
5925	28044	Lord Bergurgle's Crown	523
5926	28018	Lord Gimblox's Signet Ring	1148
5927	5128	Lord of Pain's Khukri	1184
5928	18880	Lore of Malignancy	778
5929	19133	Lost Marble	956
5930	10616	Lost Scroll	861
5931	6680	Lost Staff of the Scorned	602
5932	20921	Lost rabbit's foot	915
5933	9765	Lothran's Ancient Absinthe	1029
5934	5828	Louie's Thick 'n Hearty	688
5935	20876	A Love Letter (Sealed)	504
5936	13750	Low Quality Bear Skin	554
5937	12084	Low Quality Cat Pelt	555
5938	30031	Low Quality Cougarskin	552
5939	10957	Low Quality Coyote Pelt	555
5940	30024	Low Quality Dire Wolf Fur	553
5941	13764	Low Quality Lion Skin	834
5942	13753	Low Quality Wolf Skin	553
5943	14214	Lucerne	1198
5944	6876	A Lucky Skunk Foot	743
5945	11542	Lumberjack's Cap	641
5946	12358	Lumberjack Pale Ale	824
5947	5626	Luminary Two Handed Sword	519
5948	6685	Luminescent Staff	602
5949	2402	Lupine Claw Gauntlets	518
5950	7213	Lupine Dagger	592
5951	12250	Lupine Locks	553
5952	10315	Lupine Runed Armband	521
5953	20965	Lush Nectar	1006
5954	4837	Lustrous Russet Boots	524
5955	4834	Lustrous Russet Bracer	516
5956	4832	Lustrous Russet Breastplate	624
5957	4835	Lustrous Russet Gauntlets	531
5958	4836	Lustrous Russet Greaves	540
5959	4831	Lustrous Russet Helm	746
5960	4833	Lustrous Russet Vambraces	622
5961	13011	Lute	551
5962	10176	Lute of the Gypsy Princess	551
5963	25315	Lute of the Howler	551
5964	6679	Lycanthropic Staff	602
5965	24723	Lyendlln's Lute	551
5966	10846	Lyran's Mystical Lute	551
5967	11642	Lyssa`s Darkwood Piccolo	751
5968	6003	Mace	578
5969	22080	Mace Head Mold	1151
5970	6384	Mace of the Shadowed Soul	578
5971	5429	Machete	604
5972	31238	Maclaer`s Boots of Silence	844
5973	29661	A Mad Monkey Doll	720
5974	14056	Maddening Sap	808
5975	24639	Maelstrom	1165
5976	20383	Maestro's Symphony Page 24 Bottom	860
5977	20376	Maestro's Symphony Page 24 Top	870
5978	20383	Maestro's Symphony Page 24 Bottom	860
5979	20376	Maestro's Symphony Page 24 Top	870
5980	20377	Maestro's Symphony Page 25	870
5981	14092	Mages Bane	806
5982	29208	Maggot Ridden Flesh	797
5983	15914	Magi Rune (Azia)	967
5984	15915	Magi Rune (Beza)	967
5985	15923	Magi Rune (Complete)	967
5986	1596	Magical Suspension Fluid	585
5987	12382	Magically Locked Tome	865
5988	29202	Magnetic Dirk of Distraction	574
5989	19049	Magnetized Platinum Bar	1091
5990	1770	Magnifying Glass	6696
5991	20366	Mahlin's Mystical Bongos	1152
5992	10179	Maid Issis Fang	800
5993	14218	Maidenhair Fern	795
5994	12065	Mail Sectional Mold	1151
5995	7004	Main Gauche	763
5996	27257	Makala's Talisman	510
5997	10015	Malachite	944
5998	18870	Malagil's Compendium Vol. 1	778
5999	18871	Malagil's Compendium Vol. 2	778
6000	6857	Maleficent Boots	633
6001	6854	Maleficent Bracer	637
6002	6852	Maleficent Crown	511
6003	6855	Maleficent Gloves	636
6004	6856	Maleficent Leggings	655
6005	29654	A Maleficent Necromancer Doll	720
6006	6851	Maleficent Robe	1126
6007	6853	Maleficent Sleeves	634
6008	2631	Malevolence	1182
6009	25355	Malevolent Boots	524
6010	25352	Malevolent Bracer	516
6011	25350	Malevolent Breastplate	624
6012	25349	Malevolent Crown	523
6013	25353	Malevolent Gauntlets	531
6014	25354	Malevolent Greaves	540
6015	24631	Malevolent Runeblade	1183
6016	25351	Malevolent Vambraces	622
6017	22184	Maliak Leaf	1199
6018	20367	Maligar's Head	982
6019	13392	Mallet Head	1092
6020	13391	Mallet Hilt	732
6021	17933	Mallet Stem	732
6022	16595	Malt	703
6023	22540	Malted Milk	856
6024	13912	Mammoth's Hide	554
6025	5243	Mammoth Calf Hide	555
6026	2913	Mammoth Hide Cloak	841
6027	2334	Mammoth Hide Leggings	635
6028	12621	Mammoth Hide Parchment	870
6029	13407	Mammoth Meat	817
6030	19043	Mammoth Rib Bone	907
6031	13473	Mammoth Sandwich	1020
6032	13445	Mammoth Steaks	816
6033	10124	Mammoth Tusks	807
6034	6405	Man-o-War	567
6035	14804	Mana Battery - Class Five	947
6036	14803	Mana Battery - Class Four	954
6037	14800	Mana Battery - Class One	966
6038	14802	Mana Battery - Class Three	960
6039	14801	Mana Battery - Class Two	964
6040	13401	Manastone	507
6041	12474	A Mancatcher Crown	836
6042	2057	Mandala sketch	896
6043	13013	Mandolin	551
6044	14219	Mandrake Root	583
6045	12254	Mane Attraction	1001
6046	12786	Maneater Bud	721
6047	12631	Maneater Plant Salve	857
6048	20654	Manisi Herb	1196
6049	20968	Manna Nectar	1006
6050	0	Manna Robe	838
6051	30091	Manticore Mane	555
6052	30090	Manticore Tail	1229
6053	12040	Mantle Sectional Mold	1151
6054	29667	Mantle of Absorption	664
6055	4298	Mantle of Fire	665
6056	14713	Mantle of Mirth	668
6057	7105	Mantle of Souls	668
6058	2189	Mantle of Study	665
6059	20731	Mantle of Woven Grass	665
6060	2570	Mantle of the Elder Serpent	665
6061	27721	Mantle of the Songweaver	668
6062	12769	Mantrap Bud	721
6063	12960	Mantrap Root	583
6064	17053	Map Binding	865
6065	1197	Maple Leaf Mask	677
6066	12916	Marauder Snout Ring	757
6067	12915	Marauder Snout Ring 'MM'	757
6068	1093	Marching Orders	866
6069	12171	Margyl's Tongue	1087
6070	20683	Mark of the Sword	1007
6071	1675	Marr's Promise	805
6072	13869	Marr's Sustenance	599
6073	14969	Marr Cherries	911
6074	7509	Martune Rapier	762
6075	12039	Mask Mold	1151
6076	13802	Mask Pattern	504
6077	2472	Mask of Deception	771
6078	2707	Mask of Empowerment	771
6079	31323	Mask of Fall	770
6080	25054	Mask of Malediction	771
6081	6810	Mask of Melodies	772
6082	2738	Mask of Obtenebration	771
6083	5772	Mask of Secrets	506
6084	2309	Mask of Shadow	771
6085	27720	Mask of Song	771
6086	31404	Mask of Superiority	772
6087	24740	Mask of Swirling Water	771
6088	31363	Mask of Terror	528
6089	1135	Mask of Tinkering	771
6090	31389	Mask of Venom	1063
6091	25024	Mask of War	771
6092	3259	Mask of Wurms	528
6093	29319	Mask of the Dragon Slayer	772
6094	2732	Mask of the Eight Eyes	771
6095	3559	Mask of the Mentor	677
6096	31463	Mask of the Silver Eyes	772
6097	31378	Mask of the Sky	772
6098	2711	Mask of the Songbird	771
6099	6837	Mask of the Tundra Walker	770
6100	26013	Massive Dragonclaw Shard	577
6101	2509	Massive Heartwood Thorn	807
6102	27085	Massive Velium Battle Axe	1166
6103	27025	Massive Velium Battlehammer	567
6104	27055	Massive Velium Brawl Stick	1175
6105	27045	Massive Velium Claidhmore	1211
6106	0	Massive Velium Knuckledusters	1179
6107	15912	Master Rune (Azia)	967
6108	15913	Master Rune (Beza)	967
6109	15922	Master Rune (Complete)	967
6110	0	Master Shackle Key	1081
6111	18280	Master Wu's Tailoring Secrets	870
6112	6619	Master Wu's Trance Stick	601
6113	27160	Matchless Dragonhide Belt	503
6114	27159	Matchless Dragonhide Breastplate	621
6115	27154	Matchless Dragonhide Gauntlets	530
6116	27153	Matchless Dragonhorn Boots	779
6117	27155	Matchless Dragonhorn Bracers	505
6118	27152	Matchless Dragonleg Breeches	630
6119	27158	Matchless Dragonskin Mask	770
6120	27157	Matchless Dragonskull Helm	746
6121	27156	Matchless Dragonspine Vambraces	622
6122	27161	Matchless Dragonwing Cloak	663
6123	27151	Matchless Dragonwing Mantle	668
6124	17951	Material Pack	689
6125	27240	Mav Sapara's Talisman	510
6126	27204	Mazi's Talisman	510
6127	0	McMerin's Feast	504
6128	11607	McVaxius` Horn of War	593
6129	13008	Mead	586
6130	0	Meat-Filled Pie	783
6131	13017	Meat Pie	783
6132	20370	Mechanical Doll	720
6133	12822	A Mechanical Iksar Tail	1132
6134	25107	Mechanical Net	782
6135	10600	Mechanical Pen	810
6136	16865	Mechanized Lockpicks	716
6137	31365	Medal of Deep Thought	753
6138	13305	Medal of Merit	754
6139	19954	Medallion of the Jarsath	1002
6140	19951	Medallion of the Kunzar	1002
6141	19955	Medallion of the Kylong	1002
6142	19952	Medallion of the Nathsar	1002
6143	19953	Medallion of the Obulus	1002
6144	17901	Medicine Bag	739
6145	11967	Medicine Totem	895
6146	1631	Meditative Blanket	798
6147	16940	Medium Bowl	858
6148	16961	Medium Bowl Sketch	861
6149	17961	Medium Clay Jar	1006
6150	17204	Medium Coin Purse	582
6151	8051	Medium Groove Nocks	977
6152	16952	Medium Jar Sketch	861
6153	17964	Medium Metal Container	1144
6154	13751	Medium Quality Bear Skin	554
6155	12085	Medium Quality Cat Pelt	555
6156	23678	Medium Quality Chain Jointing	1031
6157	30064	Medium Quality Cougarskin	552
6158	30025	Medium Quality Dire Wolf Fur	553
6159	10463	Medium Quality Folded Sheet Metal	1036
6160	13765	Medium Quality Lion Skin	834
6161	10427	Medium Quality Metal Rings	1031
6162	10464	Medium Quality Sheet Metal	1036
6163	30076	Medium Quality Tundra Kodiak Pelt	552
6164	30095	Medium Quality Walrus Hide	554
6165	13754	Medium Quality Wolf Skin	553
6166	12297	Melatite	1138
6167	31350	Meljeldin, Bane of Giants	577
6168	25492	Melodic Boots	524
6169	25489	Melodic Bracer	516
6170	25487	Melodic Breastplate	624
6171	31218	Melodic Charm	754
6172	25490	Melodic Gauntlets	531
6173	25491	Melodic Greaves	540
6174	25486	Melodic Helm	746
6175	25488	Melodic Vambraces	622
6176	6609	Melodious Truncheon	551
6177	19980	Melted Glacier Whiskey	1029
6178	0	Memento Box	609
6179	11560	Mempo of Likato	506
6180	18208	Mended Tapestry	648
6181	12728	Mendglow Clay	1095
6182	29624	Mercenary Assignments	652
6183	1702	Mercenary Assignment	868
6184	18452	Merchant's Letter	866
6185	14225	Mercury	586
6186	16542	Mermaid Scale	998
6187	1148	Mesh Armbands	634
6188	1149	Mesh Bracers	637
6189	1146	Mesh Cape	660
6190	1150	Mesh Gauntlets	636
6191	1147	Mesh Girth	564
6192	1143	Mesh Gorget	643
6193	1141	Mesh Helm	640
6194	1151	Mesh Leggings	635
6195	1145	Mesh Mantle	668
6196	1142	Mesh Mask	677
6197	1144	Mesh Tunic	838
6198	19942	Message in Thieves Cant	864
6199	28601	Message to Herald	864
6200	18921	Message to Konem	504
6201	28052	Message to Natasha	864
6202	18923	Message to Rebby	504
6203	28600	Message to Wenglawks	682
6204	25604	Messenger of the Queen	736
6205	16905	Metal Bits	1031
6206	13819	Metal Disk	734
6207	16888	Metal Fastening	906
6208	12979	A Metal Pipe	601
6209	10490	Metal Rings	1031
6210	16850	Metal Rod	732
6211	16855	Metal Shaft	732
6212	16857	Metal Twine	596
6213	14077	Metallic Alkaloid	806
6214	12113	Micro Servo	912
6215	13699	Middle of a Fractured Rune	967
6216	10081	Midnight Mallet	903
6217	1758	Midnight Sea Mail Coat	538
6218	1762	Midnight Sea Mail Leggings	630
6219	1763	Midnight Sea Mail Sleeves	543
6220	5131	Militia's Pike	736
6221	12273	Militia Armory Token	646
6222	25021	Militia Captain Tunic	538
6223	14912	Miller Carrot	921
6224	14098	Mind Melt	806
6225	12165	Miners Cap 628	625
6226	18185	Miners Guide to Toxicology	865
6227	20920	Miniature Sword	591
6228	0	Mining Pick	768
6229	12161	Mining Pick 628	888
6230	14410	Minor Null Potion	692
6231	14409	Minor Potion of Antibody	808
6232	14411	Minor Potion of Cold	693
6233	14412	Minor Potion of Heat	694
6234	14413	Minor Potion of Purity	695
6235	0	Minor Signet of the Dark Knight	653
6236	0	Minor Signet of the Dark Soldier	654
6237	5017	Minotaur Battle Axe	569
6238	19198	Minotaur Hero's Brew	979
6239	12188	Minotaur Hero Shackles	620
6240	13077	Minotaur Horn	807
6241	3402	Minotaur Ribcage	974
6242	19073	Miragul's Head	986
6243	19072	Miragul's Phylactery	1017
6244	1254	Miragul's Robe	1126
6245	3889	Mirror of Self-loathing	1147
6246	0	Mischief Mushroom Spores	854
6247	6847	Mischievous Dazzler Bracer	671
6248	6845	Mischievous Dazzler Crown	511
6249	6848	Mischievous Dazzler Gloves	636
6250	6849	Mischievous Dazzler Leggings	635
6251	6844	Mischievous Dazzler Robe	838
6252	6850	Mischievous Dazzler Shoes	666
6253	6846	Mischievous Dazzler Sleeves	634
6254	12493	Misscribed Gate	864
6255	12492	Misscribed Lifetap	864
6256	19028	Missing Teir`Dal Crate	608
6257	1708	Mission Report	861
6258	12679	Mist Myre Pudding	783
6259	13780	Mist Wolf Pelt	552
6260	13082	Mistletoe	795
6261	14333	Mistletoe Powder	1075
6262	10177	Mistmoore Battle Drums	1152
6263	12306	Mistmoore Granite	767
6264	16496	Misty Acorn	1000
6265	9662	Misty Thicket Picnic	724
6266	2405	Mithril-Runed Tunic	678
6267	20747	Mithril Air Ring	544
6268	10047	Mithril Amulet	752
6269	20819	Mithril Bands	675
6270	22227	Mithril Bits	1031
6271	22226	Mithril Boning	1034
6272	1099	Mithril Boots	545
6273	4309	Mithril Breastplate	624
6274	10472	Mithril Chain Jointing	620
6275	30162	Mithril Coldain Insignia Ring	880
6276	20851	Mithril Disc	644
6277	10041	Mithril Earring	756
6278	10334	Mithril Frog Totem	894
6279	1100	Mithril Gauntlets	531
6280	4412	Mithril Greaves	541
6281	1112	Mithril Helm	628
6282	4310	Mithril Plated Girth	549
6283	7405	Mithril Quill	755
6284	1923	Mithril Reinforced Belt	564
6285	1928	Mithril Reinforced Boots	633
6286	1922	Mithril Reinforced Cloak	660
6287	1926	Mithril Reinforced Gloves	636
6288	1919	Mithril Reinforced Gorget	643
6289	1927	Mithril Reinforced Leggings	635
6290	1918	Mithril Reinforced Mask	771
6291	1921	Mithril Reinforced Shoulderpads	668
6292	1917	Mithril Reinforced Skullcap	640
6293	1924	Mithril Reinforced Sleeves	634
6294	1920	Mithril Reinforced Tunic	632
6295	1925	Mithril Reinforced Wristbands	637
6296	10492	Mithril Rings	1032
6297	6650	Mithril Staff	602
6298	1086	Mithril Studded Belt	564
6299	1091	Mithril Studded Boots	633
6300	1085	Mithril Studded Cloak	660
6301	1089	Mithril Studded Gloves	636
6302	1082	Mithril Studded Gorget	643
6303	1090	Mithril Studded Leggings	635
6304	1081	Mithril Studded Mask	771
6305	1084	Mithril Studded Shoulderpads	668
6306	1080	Mithril Studded Skullcap	640
6307	1087	Mithril Studded Sleeves	634
6308	1083	Mithril Studded Tunic	632
6309	1088	Mithril Studded Wristbands	637
6310	22225	Mithril Studs	1032
6311	4411	Mithril Vambraces	623
6312	17906	Mixing Bowl	858
6313	18104	Mixxy's Delicacies Vol 1	778
6314	18105	Mixxy's Delicacies Vol 2	778
6315	13923	Moggok's Right Eye	886
6316	12304	Mold of Ro Boots	1151
6317	12301	Mold of Ro Bracer	1151
6318	12299	Mold of Ro Breastplate	1151
6319	12302	Mold of Ro Gauntlets	1151
6320	12303	Mold of Ro Greaves	1151
6321	12298	Mold of Ro Helm	1151
6322	12300	Mold of Ro Vambrace	1151
6323	28518	Molkor Hide	554
6324	2340	Molten Cloak	658
6325	14073	Monk's Hood Aconite	806
6326	12688	Monk Training Bag	565
6327	9639	Monkey Hide Arm Plate	634
6328	9643	Monkey Hide Boots	666
6329	9637	Monkey Hide Breastplate	838
6330	9642	Monkey Hide Greaves	635
6331	9638	Monkey Hide Helm	1124
6332	9640	Monkey Hide Wrist Guard	637
6333	13302	Monogrammed cloth	677
6334	11667	Monsoon, Sword of the Swiftwind	890
6335	10197	Monstrous Zombie Heart	1003
6336	22510	Moonlight Temper	1160
6337	10070	Moonstone	507
6338	10150	Moonstone Ring	877
6339	12721	Morgl Skull	1070
6340	16594	Morning Dew	717
6341	6008	Morning Star	741
6342	17904	Mortar and Pestle	857
6343	6406	Mortificator Staff	887
6344	1400	Moss Mask	771
6345	12632	Moss Root	583
6346	10900	Mosscovered Branch	601
6347	10901	Mosscovered Twig	602
6348	20956	Mottled Spiroc Feather	1146
6349	1194	Mountain Death Belt	564
6350	2041	Mountain Lion Cape	660
6351	6972	Mountain Spiritling Stone	507
6352	6321	Mroons Toy	720
6353	4556	Mrylokar's Boots	524
6354	4553	Mrylokar's Bracer	516
6355	4551	Mrylokar's Breastplate	624
6356	0	Mrylokar's Dagger of Blood	592
6357	4554	Mrylokar's Gauntlets	531
6358	6649	Mrylokar's Gift	602
6359	4555	Mrylokar's Greaves	540
6360	4550	Mrylokar's Helm	746
6361	4552	Mrylokar's Vambraces	622
6362	31224	Mrylokar`s Dagger of Vengeance	574
6363	16972	Mt. Death Mineral Salts	1015
6364	2737	Mucilaginous Girdle	549
6365	1913	Muck Covered Boots	633
6366	12784	Muckskipper Fish	775
6367	13528	Mud Covered Tunic	678
6368	12404	Mud Crabs	926
6369	13525	Mud Stained Skin Tunic*	713
6370	13509	Mud Stained Tunic*	678
6371	12683	Mudcomb Muffin	783
6372	16816	Muddite Mud	1076
6373	6691	Mudman Enforcer	737
6374	10559	Mudwater Rune	967
6375	13014	Muffin	784
6376	13437	Muffin Tin	1036
6377	12020	Muffin Tin Mold	1151
6378	16960	Muffin Tin Sketch	861
6379	22547	Mug of Sea Foam	829
6380	16509	Mugwart	795
6381	14223	Mullein	618
6382	13084	Mullet	816
6383	29279	Mummy Wrappings	812
6384	14105	Mundane Shield	805
6385	18098	Murdrick's Plan	683
6386	1460	Murdrick's head	990
6387	14515	Murky Vial	692
6388	6822	Mushroom Bracelet	1071
6389	20822	Music Box	836
6390	20384	Muskie Marinade	815
6391	0	Muxin's Sword	580
6392	27221	Myga's Talisman	510
6393	14246	Mystic Ash	733
6394	1057	Mystic Cloak	840
6395	13367	Mystic Doll	720
6396	21226	Mystic Koada`Dal Mithril Boots	524
6397	21223	Mystic Koada`Dal Mithril Bracers	516
6398	21220	Mystic Koada`Dal Mithril Cloak	663
6399	21217	Mystic Koada`Dal Mithril Collar	626
6400	21218	Mystic Koada`Dal Mithril Cuirass	624
6401	21224	Mystic Koada`Dal Mithril Gauntlets	531
6402	21221	Mystic Koada`Dal Mithril Girdle	549
6403	21225	Mystic Koada`Dal Mithril Greaves	540
6404	21215	Mystic Koada`Dal Mithril Helm	550
6405	21219	Mystic Koada`Dal Mithril Pauldron	798
6406	21222	Mystic Koada`Dal Mithril Vambraces	622
6407	21216	Mystic Koada`Dal Mithril Visor	772
6408	1282	Mystical Back Straps	665
6409	5325	Mystical Claws of Jojo	975
6410	29608	Mystical Laig Staff	602
6411	20538	Mystical Lute	551
6412	20536	Mystical Lute Body	686
6413	20535	Mystical Lute Head	686
6414	0	Mythril Edged Skull Splitter	569
6415	1738	Narandi's Lance	742
6416	1739	Narandi's head	920
6417	11685	Nargon's Staff	811
6418	5724	Nathsar Bracer	637
6419	5809	Nathsar Breastplate	632
6420	5743	Nathsar Gauntlets	636
6421	5629	Nathsar Greatsword	1171
6422	5732	Nathsar Helm	641
6423	5781	Nathsar Leggings	635
6424	5718	Nathsar Vambraces	634
6425	7277	Nature's Melody	574
6426	6644	Nature's Wrath	1083
6427	25404	Nature Walker's Boots	524
6428	25401	Nature Walker's Bracer	516
6429	25399	Nature Walker's Chestguard	624
6430	25398	Nature Walker's Circlet	1124
6431	25402	Nature Walker's Gauntlets	531
6432	25403	Nature Walker's Greaves	540
6433	2705	Nature Walker's Mantle	668
6434	20730	Nature Walker's Sky Emerald	958
6435	25400	Nature Walker's Vambraces	622
6436	20490	Nature Walkers Scimitar	1169
6437	18196	Natures Beverages	778
6438	1209	Natures Defender	1178
6439	9404	Nautilus Shield	974
6440	26040	Neb's Warbone	738
6441	26010	Neb's head	916
6442	20833	Nebulous Diamond	966
6443	20832	Nebulous Emerald	958
6444	20788	Nebulous Ruby	962
6445	20802	Nebulous Sapphire	963
6446	10385	Necklace of Defiance	1053
6447	31411	Necklace of Nightstalking	501
6448	14562	Necklace of Resolution	1043
6449	14709	Necklace of Superiority	1053
6450	14558	Necklace of Whispering Winds	1043
6451	22570	Necromancer Blood	1157
6452	14778	Nectar of Isolation	824
6453	12019	Needle Mold	1151
6454	12314	Needle of the Void	810
6455	18459	Neh`Ashiir's Diary	865
6456	27237	Neordla's Talisman	510
6457	25816	Nephrite	952
6458	28508	Neriad Shawl	665
6459	1527	Neriak Ceremonial Robe	1126
6460	13021	Neriak Nectar	825
6461	31309	Net of the Deep Sea	782
6462	1101	Netted Cap	639
6463	1106	Netted Cape	656
6464	1103	Netted Choker	500
6465	1107	Netted Girth	572
6466	1110	Netted Gloves	517
6467	31504	Netted Kelp Amice	668
6468	31508	Netted Kelp Bracelet	637
6469	31500	Netted Kelp Cap	640
6470	31502	Netted Kelp Choker	643
6471	31505	Netted Kelp Cloak	660
6472	31509	Netted Kelp Gloves	636
6473	31511	Netted Kelp Lined Shoes	633
6474	31510	Netted Kelp Pantaloons	635
6475	31506	Netted Kelp Sash	564
6476	31507	Netted Kelp Sleeves	634
6477	31503	Netted Kelp Tunic	838
6478	31501	Netted Kelp Veil	677
6479	1105	Netted Mantle	665
6480	1102	Netted Mask	677
6481	1111	Netted Pants	631
6482	1104	Netted Shirt	678
6483	1108	Netted Sleeves	670
6484	1109	Netted Wristband	638
6485	31367	Nevederia's Claw	975
6486	31362	Nevederia's Horn	574
6487	31360	Nevederia's Left Eye	885
6488	31361	Nevederia's Right Eye	859
6489	12366	Never Stop Chopping	569
6490	12838	A Nickel Key	1077
6491	14222	Night Shade	911
6492	24622	Nightfall	575
6493	12313	A Nightfall Giant's Head	980
6494	2200	Nightgrowth Blade	847
6495	2333	Nightmare Hide	556
6496	6675	Nightshade Scented Staff	887
6497	1408	Nightshade Wreath	1072
6498	11724	Nilitim's Grimoire Pg. 115	869
6499	11725	Nilitim's Grimoire Pg. 116	869
6500	11726	Nilitim's Grimoire Pg. 300	869
6501	11727	Nilitim's Grimoire Pg. 301	869
6502	11722	Nilitim's Grimoire Pg. 35	869
6503	11728	Nilitim's Grimoire Pg. 351	869
6504	11729	Nilitim's Grimoire Pg. 352	869
6505	11723	Nilitim's Grimoire Pg. 36	869
6506	11730	Nilitim's Grimoire Pg. 378	869
6507	11731	Nilitim's Grimoire Pg. 379	869
6508	11732	Nilitim's Grimoire Pg. 400	869
6509	11733	Nilitim's Grimoire Pg. 401	869
6510	11734	Nilitim's Grimoire Pg. 415	869
6511	11735	Nilitim's Grimoire Pg. 416	869
6512	11736	Nilitim's Grimoire Pg. 449	869
6513	11737	Nilitim's Grimoire Pg. 450	869
6514	1891	Noble's Robes	929
6515	1723	Noble's Seal	512
6516	25076	Noble's Walking Staff	1083
6517	17878	Nobleman's Bag	691
6518	7106	Noclin's Femur	905
6519	5152	Noctivagant Blade	590
6520	25457	Noctivagant Boots	524
6521	25454	Noctivagant Bracer	516
6522	25452	Noctivagant Breastplate	624
6523	25451	Noctivagant Crown	523
6524	25455	Noctivagant Gauntlets	531
6525	25456	Noctivagant Greaves	540
6526	25453	Noctivagant Vambraces	622
6527	24094	Nodding Blue Lily	721
6528	16899	Nohope Moss	1201
6529	20925	Noise Maker	551
6530	12948	Nok Shaman Powder	733
6531	21515	Northman Battle Axe	568
6532	21516	Northman Claymore	1211
6533	23378	Northman Kite Shield	676
6534	21514	Northman Long Dagger	592
6535	21517	Northman Mace	578
6536	21380	Northman Ring Belt	562
6537	21385	Northman Ring Boots	545
6538	21382	Northman Ring Bracer	620
6539	21379	Northman Ring Cloak	661
6540	21383	Northman Ring Gauntlets	526
6541	21376	Northman Ring Gorget	627
6542	21374	Northman Ring Helm	625
6543	21384	Northman Ring Leggings	540
6544	21377	Northman Ring Mail	538
6545	21378	Northman Ring Mantle	769
6546	21375	Northman Ring Mask	770
6547	21381	Northman Ring Sleeves	543
6548	21521	Northman Throwing Axe	573
6549	12940	Nostrolo Tambourine	1152
6550	18013	A Note	504
6551	20371	Note for Baenar	862
6552	2416	Note to Kanthuk	504
6553	18169	Note from Arantir	504
6554	1047	Note from Corbin	868
6555	18235	Note from Eichvul	869
6556	18084	Note from Kromrif	683
6557	18319	Note from Prince Selrach	863
6558	20879	a note of credit	504
6559	18148	note of recommendation	866
6560	18168	Note to Arantir	504
6561	20378	Note to Forpar Fizfla	868
6562	18016	Note to Harkin	504
6563	18015	Note to Janam	504
6564	2416	Note to Kanthuk	504
6565	3893	Note to Librarian Zimor	861
6566	20368	Note to Maligar	862
6567	14376	Note to Marl	866
6568	18823	Note to Neclo	504
6569	18970	Note to Niclaus	869
6570	3895	A Note to Oxyn	861
6571	2417	Note to Ruathey	504
6572	30139	Note to Tain	866
6573	2429	A Note To Taldrik	869
6574	29067	Note to Tunare's Court	1134
6575	29068	Note to Wenglawks	864
6576	18320	Notes from the Greenmist Tome	778
6577	14421	Null Potion	692
6578	1553	Vial of Velium Vapors	1160
6579	16490	Oak Bark	1084
6580	16491	Oak Bark Tannin	692
6581	8083	Oak Bow Staff	601
6582	10456	Oak Shaft	601
6583	30377	Oakleaf Girdle	718
6584	5734	Oakleaf Scimitar	604
6585	14243	Oakmoss	1202
6586	2697	Oakwynd	1104
6587	12354	Oasis Water	584
6588	20786	Obsidian Amulet	752
6589	10339	Obsidian Bead Hoop	544
6590	30268	Obsidian Coldain Insignia Ring	674
6591	0	Obsidian Drake Wing	791
6592	5362	Obsidian Flamberge	576
6593	10337	Obsidian Ring	674
6594	10345	Obsidian Ring of Quintessence	674
6595	5363	Obsidian Scimitar	604
6596	7404	Obsidian Shard	575
6597	20706	Obsidian Shard (Sky)	767
6598	5217	Obtenebrate Claymore	603
6599	11678	Obtenebrate Mithril Guard	970
6600	5646	Obtenebrate Short Sword	1177
6601	4315	Obulus Death Shroud	664
6602	3258	Obulus Mantle	769
6603	4264	Occultist Skullcap	1070
6604	20692	Ocean of Tears Seavines	1200
6605	19159	Ochre Algae	539
6606	20933	Ochre Tessera	734
6607	14581	Odd Bone Necklace	1237
6608	14584	Odd Bronze Necklace	566
6609	14585	Odd Cold Iron Necklace	566
6610	13883	Odd Kobold Paw	743
6611	5610	Oggok Cleaver	1164
6612	13356	Ogre Arm	918
6613	23372	Ogre Bouncer Shield	542
6614	12217	Ogre Butcher Apron	632
6615	13386	Ogre Butcher Gloves	636
6616	13316	Ogre Head	920
6617	21416	Ogre Imbued Splint Belt	562
6618	21416	Ogre Imbued Splint Belt	562
6619	21421	Ogre Imbued Splint Boots	545
6620	21421	Ogre Imbued Splint Boots	545
6621	21418	Ogre Imbued Splint Bracer	620
6622	21418	Ogre Imbued Splint Bracer	620
6623	21415	Ogre Imbued Splint Cloak	661
6624	21415	Ogre Imbued Splint Cloak	661
6625	21419	Ogre Imbued Splint Gauntlets	526
6626	21419	Ogre Imbued Splint Gauntlets	526
6627	21412	Ogre Imbued Splint Gorget	627
6628	21412	Ogre Imbued Splint Gorget	627
6629	21410	Ogre Imbued Splint Helm	625
6630	21410	Ogre Imbued Splint Helm	625
6631	21420	Ogre Imbued Splint Leggings	540
6632	21420	Ogre Imbued Splint Leggings	540
6633	21413	Ogre Imbued Splint Mail	538
6634	21413	Ogre Imbued Splint Mail	538
6635	21414	Ogre Imbued Splint Mantle	769
6636	21414	Ogre Imbued Splint Mantle	769
6637	21411	Ogre Imbued Splint Mask	770
6638	21411	Ogre Imbued Splint Mask	770
6639	21417	Ogre Imbued Splint Sleeves	543
6640	21417	Ogre Imbued Splint Sleeves	543
6641	13385	Ogre Meat Cleaver	573
6642	21392	Ogre Splintmail Belt	562
6643	21397	Ogre Splintmail Boots	545
6644	21394	Ogre Splintmail Bracer	620
6645	21391	Ogre Splintmail Cloak	661
6646	21395	Ogre Splintmail Gauntlets	526
6647	21388	Ogre Splintmail Gorget	627
6648	21386	Ogre Splintmail Helm	625
6649	21396	Ogre Splintmail Leggings	540
6650	21389	Ogre Splintmail Mail	538
6651	21390	Ogre Splintmail Mantle	769
6652	21387	Ogre Splintmail Mask	770
6653	21393	Ogre Splintmail Sleeves	543
6654	13038	Ogre Swill	829
6655	21531	Ogre War Hammer	567
6656	21528	Ogre War Mace	578
6657	6302	Ogre War Maul	581
6658	4439	Ogre War Plate Boots	524
6659	4436	Ogre War Plate Bracers	516
6660	4431	Ogre War Plate Breastplate	624
6661	4430	Ogre War Plate Collar	626
6662	4437	Ogre War Plate Gauntlets	531
6663	4434	Ogre War Plate Girdle	549
6664	4438	Ogre War Plate Greaves	540
6665	4428	Ogre War Plate Helm	550
6666	4432	Ogre War Plate Pauldron	798
6667	4435	Ogre War Plate Vambraces	622
6668	4429	Ogre War Plate Visor	772
6669	4433	Ogre War Splinted Cloak	663
6670	19040	Ogreskin Chamois	823
6671	0	Ogrish Smithy Hammer	567
6672	28045	Oil of Fennin Ro	697
6673	29681	Oiled Greaves	635
6674	11637	Oily Goo Secretion	1159
6675	16585	Ol'Tujim's Fierce Brew	979
6676	18143	An Old Delivered Book	865
6677	11656	Old Dragon Horn	807
6678	13505	Old Gray Tunic*	678
6679	13533	Old Green Tunic*	678
6680	13549	Old Patched Robe*	941
6681	10780	An Old Silver Coin	646
6682	13550	Old Used Robe*	931
6683	13560	Old Violet Robe*	929
6684	13535	Old Worn Gray Tunic*	678
6685	1861	An Old Worn Talisman	510
6686	18125	On Languages	778
6687	27223	Onava's Talisman	510
6688	13726	One Hand Pick	768
6689	10027	Onyx	956
6690	31374	Onyx Chain Leggings	630
6691	31381	Onyx Chain Sleeves	543
6692	20529	Onyx Drake Gut	853
6693	2349	Onyx Drakescale Cloak	657
6694	10354	Onyx Earring	544
6695	31306	Onyx Gauntlets	530
6696	10318	Onyx Ring	879
6697	6818	Onyx Wristbands	671
6698	1837	Onyxbrand	569
6699	10030	Opal	959
6700	10046	Opal Bracelet	521
6701	6587	Opalescent Hide	1225
6702	10407	Opalline Earring	544
6703	1666	Opaque Gem	959
6704	4099	Opoline Helm	550
6705	19998	Orange Flavored Cod	815
6706	10112	Orange Headband	934
6707	10132	Orange Sash of Order	934
6708	19998	Orange Flavored Cod	815
6709	28048	Orb of Clear Water	507
6710	12558	Orb of Draconic Energy	752
6711	28049	Orb of Frozen Water	507
6712	28034	Orb of Mastery	2868
6713	13300	Orb of Slime	507
6714	11625	Orb of Tishan	973
6715	1113	Orb of the Crimson Bull	973
6716	31312	Orb of the Deep Sea	507
6717	25098	Orb of the Infinite Void	973
6718	30110	Orc Fang Earring	800
6719	30102	Orc Fang Necklace	502
6720	12108	Orc Hatchet	569
6721	7330	Orc Impaler	776
6722	13885	Orc Pawn Pick	768
6723	12234	Orc Pickles	1018
6724	13791	Orc Scalp	555
6725	27664	Orc Scoutsman Wrist Pouch	667
6726	20281	Orcish Arsons Torch	547
6727	6036	Orcish Mace	578
6728	6037	Orcish Morning Star	6037
6729	13287	Order of Thunder	1002
6730	13287	Order of Thunder	1002
6731	20639	Orders for Bryn	868
6732	18511	Orders of engagement	860
6733	21313	Ornate Chain Boots	545
6734	21310	Ornate Chain Bracelet	620
6735	21307	Ornate Chain Cloak	661
6736	21302	Ornate Chain Coif	625
6737	21311	Ornate Chain Gloves	526
6738	21304	Ornate Chain Gorget	627
6739	16159	Ornate Chain Leggings	630
6740	21305	Ornate Chain Mail	538
6741	21306	Ornate Chain Mantle	769
6742	21308	Ornate Chain Skirt	562
6743	21309	Ornate Chain Sleeves	543
6744	21303	Ornate Chain Veil	770
6745	0	Ornate Dagger	592
6746	17059	Ornate Reagent Box	1144
6747	5657	Ornate Rune Blade	1212
6748	9204	Ornate Rune Shield	805
6749	28047	Ornate Sea Shell	1223
6750	17028	Ornate Tin Box	1144
6751	30294	Ornate Velium Pendant	1043
6752	28515	Ornately Runed Shell Necklace	998
6753	19175	Othmir Algae Ale	979
6754	22818	Othmir Chieftain Spear	1187
6755	24896	Othmir Fur	556
6756	24989	Othmir Fur Cap	640
6757	24897	Othmir Fur Cloak	657
6758	24991	Othmir Fur Moccasins	633
6759	25169	Othmir Hide Robe	838
6760	28514	Othmir Prexus Totem	895
6761	19184	Othmir Short Beer	828
6762	30006	Otterhide Bracers	637
6763	30007	Otterhide Gloves	636
6764	30003	Otterhide Leggings	635
6765	30005	Otterhide Sleeves	634
6766	30004	Otterhide Tunic	632
6767	22806	Otterman Meat	817
6768	29317	Outrider's Taming Whip	596
6769	5778	Overseer`s Signet	872
6770	14078	Pacifying Whisper	808
6771	17953	Pack for Shark	689
6772	12112	Pack of Materials	565
6773	12121	Pack of Meat	565
6774	16481	Packet of Kiola Sap	582
6775	1750	Packmaster's Lash	596
6776	1750	Packmaster's Lash	596
6777	26000	Paebala Fetish	822
6778	26023	Paebala Warbone	738
6779	13832	Page 30 of a Book	504
6780	13836	Page 34 of a Book	504
6781	18252	Pages from Brodders Diary I	865
6782	18253	Pages from Brodders Diary III	865
6783	18254	Pages from Brodders Diary IV	865
6784	5410	Painbringer	1165
6785	4390	Paineel Plate Gauntlets	531
6786	4381	Paineel Platemail Helm	746
6787	4386	Paineel Splinted Cloak	663
6788	4389	Paineel Steel Bracers	516
6789	4384	Paineel Steel Breastplate	624
6790	4383	Paineel Steel Collar	626
6791	4391	Paineel Steel Greaves	540
6792	4382	Paineel Steel Mask	772
6793	4385	Paineel Steel Pauldron	798
6794	4392	Paineel Steel Plate Boots	524
6795	4388	Paineel Steel Vambraces	622
6796	13858	Pair of Bent Spectacles	772
6797	12236	Paladin Pickles	1018
6798	23132	Pale Blue Fine Plate Boots	524
6799	23127	Pale Blue Fine Plate Breastplate	624
6800	14516	Pale Green Potion	693
6801	23008	Pale Green Small Fine Breastplate	624
6802	5624	Palladium Axe	1167
6803	31232	Palladius' Axe of Slaughter	1164
6804	6961	Panda Claws	975
6805	6962	Panda Pelt	556
6806	13811	Pant Pattern	504
6807	25526	Pantaloons of Conjuration	635
6808	25519	Pantaloons of the Bonecaster	655
6809	22851	Panther Meat	817
6810	27206	Pantrilla's Talisman	510
6811	25410	Pants of the Invoker	635
6812	14082	Paradoxical Peptide	808
6813	18110	Parchment of Flayed Skin	504
6814	9008	Parrying Dagger	592
6815	13727	Parrying Pick	768
6816	12166	Parrying Pick 628	888
6817	12128	Part of Potion of Marr	788
6818	16068	Part of Tasarin's Grimoire Pg. 23	1004
6819	16069	Part of Tasarin's Grimoire Pg. 23	1005
6820	16070	Part of Tasarin's Grimoire Pg. 24	1004
6821	16071	Part of Tasarin's Grimoire Pg. 24	1005
6822	16072	Part of Tasarin's Grimoire Pg. 26	1004
6823	16073	Part of Tasarin's Grimoire Pg. 26	1005
6824	16074	Part of Tasarin's Grimoire Pg. 30	1004
6825	16075	Part of Tasarin's Grimoire Pg. 30	1005
6826	16076	Part of Tasarin's Grimoire Pg. 312	1004
6827	16077	Part of Tasarin's Grimoire Pg. 312	1005
6828	16078	Part of Tasarin's Grimoire Pg. 375	1004
6829	16079	Part of Tasarin's Grimoire Pg. 375	1005
6830	16080	Part of Tasarin's Grimoire Pg. 390	1004
6831	16081	Part of Tasarin's Grimoire Pg. 390	1005
6832	17040	Part of a Large Key	1081
6833	5130	Partisan's Pike	736
6834	2604	Patch Hide Ab Guard	564
6835	2608	Patch Hide Arm Guards	670
6836	2605	Patch Hide Bracers	637
6837	2602	Patch Hide Collar	643
6838	2606	Patch Hide Gloves	636
6839	2601	Patch Hide Mask	771
6840	2609	Patch Hide Poncho	656
6841	2607	Patch Hide Sandal	761
6842	2603	Patch Hide Shoulder Guard	668
6843	2600	Patch Hide Skullcap	640
6844	24466	Patch of Dire Wolf Fur	556
6845	13025	Patch of Gnoll Fur	556
6846	6926	Patch of Gorilla Fur	556
6847	2368	Patch of Shadow	595
6848	1330	Patched Gnoll Fur Bundle	842
6849	2112	Patchwork Boots	633
6850	2106	Patchwork Cloak	660
6851	2111	Patchwork Pants	635
6852	2108	Patchwork Sleeves	634
6853	2104	Patchwork Tunic	632
6854	31416	Pauldrons of Blight	798
6855	1531	Pauldrons of Ferocity	798
6856	27717	Pauldrons of Piety	798
6857	1542	Pauldrons of Power	668
6858	27701	Pauldrons of the Blue Sky	798
6859	31472	Pauldrons of the Deep Flame	769
6860	13730	Paw of Opolla	743
6861	18510	Pawbook	778
6862	5120	Pawn's Khukri	1174
6863	6646	Peacebringer	602
6864	13816	Peacekeeper Staff	601
6865	10024	Pearl	953
6866	10002	Pearl Earring	534
6867	10335	Pearl Kedge Totem	894
6868	10001	Pearl Necklace	851
6869	10003	Pearl Ring	613
6870	11791	Pearl Shard	972
6871	13878	Pearl of Odus	507
6872	20942	Pearlescent Globe	947
6873	2403	Pearlescent Mask	772
6874	11699	Pearlescent Pauldrons	798
6875	5704	Pearly Sarnak Bangle	534
6876	5715	Pearly Sarnak Bauble	534
6877	12836	A Pebble Filled Box	1144
6878	12342	Peculiar Tiger Pelt	833
6879	27149	Peerless Dragonhide Belt	503
6880	27148	Peerless Dragonhide Breastplate	621
6881	27143	Peerless Dragonhide Gauntlets	530
6882	27142	Peerless Dragonhorn Boots	779
6883	27144	Peerless Dragonhorn Bracers	505
6884	27141	Peerless Dragonleg Breeches	630
6885	27147	Peerless Dragonskin Mask	770
6886	27146	Peerless Dragonskull Helm	746
6887	27145	Peerless Dragonspine Vambraces	622
6888	27150	Peerless Dragonwing Cloak	663
6889	27140	Peerless Dragonwing Mantle	668
6890	1462	Peffin's head	991
6891	2704	Pegasus-Hide Belt	560
6892	2463	Pegasus Feather Cloak	659
6893	20949	Pegasus Statuette	893
6894	20031	Pen Key # 7	1081
6895	17091	Penance Bag	557
6896	10169	Pendant of Salvation	852
6897	3571	Pendant of the Pressing Mind	500
6898	3545	Pendant of the Warlord	1002
6899	10256	Penicillin Spores	854
6900	10028	Peridot	957
6901	22121	Permafrost Crystals	1015
6902	22128	Permafrost Extract	1160
6903	19034	Permafrost Snowball	1129
6904	18450	Personal Diary Page	864
6905	12237	Pestilence Scythe	579
6906	12237	Pestilence Scythe	579
6907	5224	Petrified Bark Leggings	611
6908	6586	Petrified Charred Branch	1083
6909	10216	Petrified Erudite Heart Amulet	1003
6910	2580	Petrified Heartwood Flamberge	1193
6911	12434	Petrified Redwood	1084
6912	20525	Petrified Werewolf Skull	744
6913	20873	Petrified Wood	737
6914	12996	Phaeril Nightshire's Head	986
6915	26028	Phase Spider Blood	1018
6916	1098	Phase Spider Carapace	927
6917	1700	Phenocryst's Focus	968
6918	20947	Phosphoric Globe	947
6919	24082	Phosphorous Powder	1075
6920	5018	Pick	768
6921	22088	Pick Head Mold	1151
6922	6010	Pickbringers Chainmail Coif	625
6923	6107	Pickbringers Chainmail Faceguard	770
6924	13455	Pickled Bixie	1018
6925	19165	Pickled Dragon	1018
6926	19169	Pickled Drake	1018
6927	19178	Pickled Faun	1018
6928	13452	Pickled Froglok	1018
6929	19171	Pickled Frost Giant	1018
6930	13454	Pickled Gator	1018
6931	13453	Pickled Lizard	1018
6932	19170	Pickled Storm Giant	1018
6933	13456	Pickled Troll	1018
6934	19177	Pickled Unicorn	1018
6935	19167	Pickled Wurm	1018
6936	19166	Pickled Wyvern	1018
6937	19170	Pickled Storm Giant	816
6938	13438	Pie Tin	1013
6939	12021	Pie Tin Mold	1151
6940	16958	Pie Tin Sketch	861
6941	13063	A Piece of Parchment	870
6942	13064	A Piece of Rat Fur	554
6943	12745	Piece of Totem	1031
6944	19956	Piece of a medallion	1002
6945	30046	Pieces of the Iceclad Map	869
6946	17302	Pierce's Pouch of Storing	884
6947	12689	Pile of Granite Pebbles	733
6948	22855	Pile of Rubble	767
6949	17993	Pincer Satchel	582
6950	22762	Pine Cichlid	775
6951	13083	Pine Needles	796
6952	17968	Piranha Bag	690
6953	13929	Piranha Tooth	803
6954	13336	Pirate's Earring	535
6955	18962	Pirate Grammar Manual	778
6956	1521	Pit Fighter Anklewraps	666
6957	1520	Pit Fighter Handwraps	517
6958	2064	Pitted Iron Ring	875
6959	12105	Pixie Dust	1074
6960	12233	Pixie Pickles	1018
6961	19993	Pixie Powder Cinnesticks	978
6962	13142	Pixie Wing	910
6963	25418	Plague Bearer's Boots	633
6964	25412	Plague Bearer's Circlet	523
6965	25416	Plague Bearer's Gloves	636
6966	25413	Plague Bearer's Robe	1126
6967	25414	Plague Bearer's Sleeves	634
6968	25417	Plague Bearer's Trousers	655
6969	25415	Plague Bearer's Wristguard	637
6970	9131	Plague Rat Tail	813
6971	12832	Plains Pebble	963
6972	14921	Plains Roots	583
6973	8086	Planing Tool	1096
6974	19157	Plankton Frosting	1074
6975	1298	Plasmatic Priest Robe	931
6976	22006	Plate Belt Mold	1151
6977	22002	Plate Boot Mold	1151
6978	22001	Plate Bracer Mold	1151
6979	22031	Plate Gauntlet Mold	1151
6980	4010	Plate Gauntlets	531
6981	4007	Plate Girdle	549
6982	22000	Plate Gorget Mold	1151
6983	22008	Plate Greaves Mold	1151
6984	22003	Plate Helm Mold	1151
6985	22005	Plate Pauldron Mold	1151
6986	22007	Plate Vambrace Mold	1151
6987	22004	Plate Visor Mold	1151
6988	4001	Platemail Helm	550
6989	14643	Platinum Amber Ring	1051
6990	10336	Platinum Armband	521
6991	16503	Platinum Bar	1092
6992	14623	Platinum Bloodstone Earring	1048
6993	30363	Platinum Blue Diamond Tiara	523
6994	14635	Platinum Carnelian Wedding Ring	1060
6995	1457	Platinum Championship Ring	873
6996	30134	Platinum Coldain Insignia Ring	873
6997	14707	Platinum Diamond Wedding Ring	1064
6998	20940	Platinum Disc	644
6999	10333	Platinum Dragon Totem	894
7000	14667	Platinum Emerald Ring	1041
7001	14679	Platinum Fire Wedding Ring	1060
7002	21098	Platinum Full Breastplate	624
7003	21106	Platinum Full Plate Boots	524
7004	21103	Platinum Full Plate Bracer	516
7005	0	Platinum Full Plate Collar	626
7006	21104	Platinum Full Plate Gauntlets	531
7007	21101	Platinum Full Plate Girdle	549
7008	21105	Platinum Full Plate Greaves	540
7009	21095	Platinum Full Plate Helm	550
7010	21099	Platinum Full Plate Pauldron	798
7011	21102	Platinum Full Plate Vambraces	622
7012	21096	Platinum Full Plate Visor	772
7013	0	Platinum Full Splinted Cloak	663
7014	14615	Platinum Hematite Ring	1047
7015	14699	Platinum Jacinth Wedding Ring	1060
7016	14631	Platinum Jasper Ring	1051
7017	14607	Platinum Lapis Lazuli Necklace	1043
7018	14603	Platinum Malachite Ring	1041
7019	14627	Platinum Onyx Bracelet	1057
7020	14671	Platinum Opal Engagement Ring	1052
7021	14655	Platinum Pearl Ring	613
7022	14663	Platinum Peridot Ring	1041
7023	13734	Platinum Ring	614
7024	14695	Platinum Ruby Veil	1062
7025	10163	Platinum Skull Ring	1148
7026	20456	Platinum Speckled Powder	739
7027	14683	Platinum Star Ruby Veil	1062
7028	31258	Platinum Symbol	967
7029	31269	Platinum Tear	734
7030	12097	Platinum Thread	853
7031	10143	Platinum Tiara	523
7032	14659	Platinum Topaz Necklace	1043
7033	14611	Platinum Turquoise Bracelet	1044
7034	20456	Platinum Speckled Powder	739
7035	26021	Pliable Goo	926
7036	13825	Poacher's Head	982
7037	20687	Pod of Seawater	584
7038	13044	Pod of Water	584
7039	2062	Poison Etched Wristband	548
7040	31391	Poison Soaked Tunic	632
7041	31255	Poison Symbol	967
7042	31266	Poison Tear	734
7043	16965	Poison Vial	599
7044	5804	Poison Washed Spaulders	769
7045	6205	Poison Wind Censer	578
7046	1626	Poisoned Mantle	668
7047	25575	Poisoned Whip	596
7048	18186	Poisons of the Lost Continent	865
7049	2912	Polar Bear Cloak	839
7050	13761	Polar Bear Skin	835
7051	10314	Polished Bone Bracelet	520
7052	10321	Polished Bone Hoop	544
7053	20632	Polished Brass Key	1081
7054	5360	Polished Granite Tomahawk	902
7055	4505	Polished Mithril Mask	772
7056	4501	Polished Mithril Torque	1046
7057	5619	Polished Obsidian Great Axe	1166
7058	5710	Polished Shai`din Naginata	736
7059	24711	Polished Steel Dirk	592
7060	10129	Polished Stone Anklet	849
7061	27020	Polished Velium Battlehammer	567
7062	27007	Polished Velium Warsword	575
7063	5614	Polyphenomenal Axe	1164
7064	12060	Pommel Mold	1151
7065	14797	Pondfish Spine	1137
7066	8299	Poorly Balanced Mace	578
7067	2066	Portion of Starmetal	1031
7068	13432	Pot	1017
7069	12024	Pot Mold	1151
7070	16955	Pot Sketch	861
7071	14417	Potion of Accuracy	586
7072	14418	Potion of Adroitness	587
7073	14420	Potion of Antibody	808
7074	14445	Potion of Antiweight	703
7075	14446	Potion of Aquatic Haunt	704
7076	14415	Potion of Cohesion	599
7077	14422	Potion of Cold	693
7078	14003	Potion of Disease Warding	599
7079	12555	Potion of Draconic Rage	587
7080	16472	Potion of Dulsehound	697
7081	16478	Potion of Graveyard Dust	585
7082	14438	Potion of Greater Rejuvenation	696
7083	14423	Potion of Heat	694
7084	14522	Potion of Insight	585
7085	14206	Potion of Invisibility	599
7086	14406	Potion of Lesser Accuracy	586
7087	14407	Potion of Lesser Adroitness	587
7088	14404	Potion of Lesser Cohesion	599
7089	14408	Potion of Lesser Power	806
7090	14436	Potion of Lesser Rejuvenation	696
7091	14405	Potion of Lesser Stability	585
7092	14403	Potion of Lesser Vigor	600
7093	14007	Potion of Light Healing	600
7094	14449	Potion of Negation	707
7095	14010	Potion of Poison Warding	599
7096	14419	Potion of Power	806
7097	14424	Potion of Purity	695
7098	14437	Potion of Rejuvenation	696
7099	14209	Potion of Serious Healing	600
7100	7113	Potion of Sorrow	585
7101	14451	Potion of Spirit Shield	701
7102	14416	Potion of Stability	585
7103	16476	Potion of Stinging Wort	705
7104	14414	Potion of Vigor	600
7105	14014	Potion of Wisdom	587
7106	14574	Potion of the Bone Field	806
7107	14455	Potion of the Frost	806
7108	14456	Potion of the Swamp	806
7109	14450	Potion of Unlife Awareness	698
7110	12753	Pouch of Dust	582
7111	13724	Pouch of Evidence	582
7112	14303	Pouch of Ghoul Ash	582
7113	12333	Pouch of Gold Dust	539
7114	20115	Pouch of Kejek Catnip	1145
7115	14307	Pouch of Mistletoe Powder	582
7116	12109	Pouch of Pixie Dust	582
7117	17309	Pouch of Quellious	667
7118	1594	Pouch of Red Dust	582
7119	12240	Pouch of Silver Dust	582
7120	13495	Pound Cake	914
7121	12948	Nok Shaman Powder	733
7122	14112	Powder of Reanimation	582
7123	1599	Powder of Unanimation	582
7124	14064	Powdered Banality	808
7125	24769	Powdered Bone	1075
7126	19052	Powdered Dufrenite	1075
7127	28038	Power of Earth	767
7128	28036	Power of Fire	964
7129	28039	Power of Water	963
7130	28037	Power of Wind	966
7131	28031	Power of the Elements	863
7132	18958	Power of the Orb	682
7133	16876	Powered Gloves	518
7134	15900	Practice Rune (Azia)	967
7135	15901	Practice Rune (Beza)	967
7136	15916	Practice Rune (Complete)	967
7137	13911	PrayerBeads	848
7138	13296	Prayer Beads	848
7139	1900	Prayer Cloth of Tunare	668
7140	1904	Prayer Shawl	665
7141	18281	Prayer to Brell	683
7142	11631	Prayers of Life	860
7143	17102	Preservationists Box	609
7144	5810	Preserved Chokidai Vocal Cords	1222
7145	12397	A Preserved Eye	917
7146	12396	A Preserved Eye	1131
7147	2427	Preserved Hops	571
7148	1174	Preserved Kromrif Heads	609
7149	13384	Preserved Leg	1068
7150	9893	Preserved Snake Eye	955
7151	16848	Preserved Split Paw Eye	958
7152	31174	Prestidigitator's Boots	633
7153	31172	Prestidigitator's Gloves	636
7154	31168	Prestidigitator's Headband	523
7155	31169	Prestidigitator's Robe	930
7156	31170	Prestidigitator's Sleeves	634
7157	31173	Prestidigitator's Trousers	635
7158	31171	Prestidigitator's Wristband	516
7159	27307	Priceless Velium Battle Axe	1166
7160	27301	Priceless Velium Battlehammer	567
7161	27304	Priceless Velium Brawl Stick	1175
7162	27303	Priceless Velium Claidhmore	1211
7163	5833	Priceless Velium Fist Wraps	971
7164	5834	Priceless Velium Knight's Sword	575
7165	0	Priceless Velium Knuckledusters	1179
7166	27306	Priceless Velium Reinforced Bow	1104
7167	27302	Priceless Velium Spear	776
7168	27305	Priceless Velium War Lance	742
7169	27300	Priceless Velium Warsword	575
7170	10195	Prickly Pear	570
7171	5138	Pride of the Legion	736
7172	18454	Priest's Diary Page	869
7173	27327	Primal Velium Battle Axe	1166
7174	27321	Primal Velium Battlehammer	567
7175	27324	Primal Velium Brawl Stick	1175
7176	27323	Primal Velium Claidhmore	1211
7177	27320	Primal Velium Fist Wraps	971
7178	5835	Primal Velium Knight's Sword	575
7179	27326	Primal Velium Reinforced Bow	1104
7180	27322	Primal Velium Spear	776
7181	27325	Primal Velium War Lance	742
7182	27328	Primal Velium Warsword	575
7183	13954	Prime Healer Potion	599
7184	0	Primordial Substance	855
7185	27329	Prismatic Dragon Scale	1234
7186	9405	Prismatic Shield	972
7187	20990	Prismatic Sphere	953
7188	10975	Pristine Ebon Drakeling Scales	1234
7189	25807	Pristine Emerald	958
7190	13133	Pristine Giant Scarab Carapace	927
7191	0	Pristine Kobold Paw	743
7192	20401	Pristine Kobold Pelt	556
7193	0	Pristine Lizard Scale	1225
7194	28068	Pristine Skunk Claws	1067
7196	20379	Proof of Speed	765
7197	29200	Prophecy Scroll	682
7198	1747	Protection of the Dain	860
7199	2571	Prowling Leopard Leggings	635
7200	12369	Puab's Token	646
7201	7307	Pugius	592
7202	10156	Pulsating Brood Clutch	820
7203	14754	Pulsating Gem	964
7204	10194	Pulsating Hyacinth Telesm	752
7205	20787	Pulsating Ruby	964
7206	20749	Pulsating Sapphire	963
7207	26015	Pulsing Goo	1090
7208	20461	Pulsing Green Stone	957
7209	13757	Puma Skin	555
7210	0	Pumpkin Pie Spice	1075
7211	11643	Puppet Strings	794
7212	29006	Pure Crystal	507
7213	20685	Pure Lakewater	584
7214	12630	Purification Tablet	1111
7215	29252	Purified Claymore	519
7216	29262	Purified Crystal Claymore	519
7217	29268	Purified Crystal Dagger	592
7218	29261	Purified Crystal Long Sword	590
7219	29264	Purified Crystal Scimitar	604
7220	29263	Purified Crystal Short Sword	580
7221	29266	Purified Crystal Star	741
7222	29258	Purified Dagger	592
7223	29251	Purified Long Sword	590
7224	29260	Purified Rapier	762
7225	29254	Purified Scimitar	604
7226	29259	Purified Spear	776
7227	29273	Purified Spirit Belt	548
7228	29271	Purified Spirit Boots	764
7229	29276	Purified Spirit Bracer	637
7230	29277	Purified Spirit Gloves	636
7231	29278	Purified Spirit Helm	640
7232	29272	Purified Spirit Leggings	845
7233	29275	Purified Spirit Sleeves	669
7234	29274	Purified Spirit Tunic	621
7235	29257	Purified Staff	602
7236	29256	Purified Star	741
7237	29255	Purified Warhammer	581
7238	12607	Purified Water	584
7239	13338	Purity Belt	564
7240	9509	A Purple Gift Box	836
7241	10114	Purple Headband	936
7242	10134	Purple Sash of Order	936
7243	13615	Purple Sr Apprentice Robe*	929
7244	17009	Purse	539
7245	10199	Putrescent Heart	1003
7246	14037	Putrid Bane	808
7247	13298	Putrid Bear Hide	554
7248	16988	Putrid Bile	1003
7249	13722	Putrid Rib Bone	907
7250	1793	Putrid substance	1156
7251	2388	Qeynos Badge of Honor	1002
7252	9023	Qeynos Kite Shield	676
7253	16907	Quality Firing Sheet	1036
7254	10322	Quartz Crystal	507
7255	12173	Qued's Tongue	1087
7256	26029	Queen's Carapace	927
7257	16821	Quicksilver	585
7258	19759	Quill	755
7259	17008	Quiver	725
7260	12088	Quiver Pattern	504
7261	17978	Quiver of Kithicor - open	726
7262	17307	Quiver of Marr	725
7263	27219	Quoza's Talisman	510
7264	13048	Rabbit Meat	925
7265	11350	Rabbit Stew	858
7266	5795	Rabid Chokidai Fang	801
7267	30266	Rabid Kodiak Skin	554
7268	27403	Rabid Wolf Hide	1220
7269	10793	Radiant Coin of Tash	646
7270	2356	Radiant Gloves	636
7271	12483	Radiant Meteorite	946
7272	12153	Rage War Maul	581
7273	11057	Ragebringer	1183
7274	18271	A Ragged Book	865
7275	1273	Raiment of Thunder	665
7276	31824	Raiment of the Chosen	1126
7277	8402	Rain Caller	1024
7278	28022	Rain Water	584
7279	28041	Rain of Karana	963
7280	27241	Rak Sapara's Talisman	510
7281	11562	Rakusha Cloak	621
7282	13178	Ranamer's Tax Payment	645
7283	14054	Rancid Wolfkiller	806
7284	5423	Rantho Rapier	762
7285	7002	Rapier	762
7286	7250	Rapier of Oriin	762
7287	22852	Raptor Meat	817
7288	20399	Raptor Steak	816
7289	20399	Raptor Steak	816
7290	12315	Rare Robe Pattern	790
7291	1053	Rat's Foot Necklace	510
7292	14310	Rat Bone Powder	582
7293	13192	Rat Ear Pie	783
7294	13478	Rat Ear Sandwich	1020
7295	13492	Rat Ear Turnovers	783
7296	13072	Rat Ears	793
7297	13065	Rat Foot	743
7298	1050	Rat Fur Cap	639
7299	13717	Rat Head	916
7300	13467	Rat Kabobs	1009
7301	13408	Rat Meat	817
7302	1051	Rat Pelt Cape	841
7303	13474	Rat Sandwich	1020
7304	13301	Rat Shaped Ring	1148
7305	13071	Rat Whiskers	794
7306	14951	Rathe Berries	1037
7307	22749	Rathe Muskie	775
7308	13007	Ration	570
7309	17990	Ration Bladder	539
7310	2312	Ratskin Gloves	636
7311	19850	Rattlesnake Skin	813
7312	11633	Ravener Tail Whip	596
7313	3168	Ravenscale Armguards	622
7314	3167	Ravenscale Belt	563
7315	3172	Ravenscale Boots	844
7316	3169	Ravenscale Bracer	671
7317	3164	Ravenscale Chestguard	624
7318	3166	Ravenscale Cloak	657
7319	3161	Ravenscale Coif	746
7320	3170	Ravenscale Gloves	846
7321	3171	Ravenscale Leggings	845
7322	3162	Ravenscale Mask	528
7323	3163	Ravenscale Neckguard	501
7324	3165	Ravenscale Shoulderpads	798
7325	2143	Raw-hide Belt	564
7326	2148	Raw-hide Boots	633
7327	2142	Raw-hide Cloak	660
7328	2146	Raw-hide Gloves	636
7329	2139	Raw-hide Gorget	643
7330	2147	Raw-hide Leggings	635
7331	2138	Raw-hide Mask	771
7332	2141	Raw-hide Shoulderpads	668
7333	2137	Raw-hide Skullcap	640
7334	2144	Raw-hide Sleeves	634
7335	2140	Raw-hide Tunic	632
7336	2145	Raw-hide Wristbands	637
7337	13770	Raw Bamboo	751
7338	12318	Raw Darkwater Piranha	799
7339	0	Raw Infused Dark Matter	1015
7340	12473	A Raw Pike Head	836
7341	12244	Raw Short Sword 4	580
7342	1165	Raw Silk Cloak	660
7343	1162	Raw Silk Collar	643
7344	1169	Raw Silk Gloves	636
7345	1160	Raw Silk Headband	640
7346	1170	Raw Silk Leggings	635
7347	1164	Raw Silk Mantle	668
7348	1161	Raw Silk Mask	677
7349	1163	Raw Silk Robe	838
7350	1171	Raw Silk Sandals	666
7351	1166	Raw Silk Sash	564
7352	1167	Raw Silk Sleeves	634
7353	1168	Raw Silk Wristbands	637
7354	5412	Razing Sword of Skarlon	519
7355	24649	Razor Fang of Xygoz	1174
7356	24633	Razor Sharp Short Sword	1169
7357	6348	Razor Tooth	775
7358	1797	Reagent pouch	727
7359	31319	Reaper's Ring	872
7360	5374	Reaper of the Dead	579
7361	25204	Reaver	1168
7362	13158	Rebby's Rat Whiskers	794
7363	16889	Rebreather	1023
7364	20474	Receipt	867
7365	19029	Receipt for Provisions Crate	504
7366	29504	Harnessed soul gem	1129
7367	18624	Reconstructing Mythology, Notes	778
7368	18766	Recruitment Letter	504
7369	27068	Recurved Velium Bow	1104
7370	22137	Red Cockatrice Feather	1146
7371	1787	A Red Cod Card	651
7372	11622	Red Dragon Scales	1232
7373	11627	Red Dragon Tooth	801
7374	11623	Red Dragonscale Armor	621
7375	22106	Red Dye	1157
7376	20986	Red Face Paint	1018
7377	6813	Red Flower of Functionality	721
7378	9505	A Red Gift Box	836
7379	10113	Red Headband	935
7380	12922	Red Headband (Kunark)	935
7381	16820	Red Hellebore	1196
7382	24556	A Red Knight	654
7383	19969	Red Porter	979
7384	1140	Red Resistance Stone	964
7385	22775	Red Roughy	775
7386	22115	Red Rust Dye	1153
7387	22131	Red Rust Extract	1153
7388	10133	Red Sash of Order	935
7389	17859	Red Scabbard	726
7390	13030	Red Wine	704
7391	14520	Red Wood Wand	809
7392	20528	Red Wurm Gut	853
7393	1695	Reddish Crystal	964
7394	2407	Reed Belt	549
7395	10355	Reed Ring	872
7396	11276	Reet Froglok Crown	511
7397	20481	Refined Ancient Sword	590
7398	20483	Refined Mithril Blade	590
7399	16860	Reflective Shard	968
7400	5727	Regal Band of Bathezid	1148
7401	14032	Regalis Poison	808
7402	1371	Regent Symbol of Innoruuk	1049
7403	1566	Regent Symbol of Quellious	850
7404	18772	Registration Letter	504
7405	12139	Regurgitonic	584
7406	16005	Rehim's Robe	942
7408	2243	Reinforced Belt	564
7409	2248	Reinforced Boots	633
7410	2242	Reinforced Cloak	660
7411	27127	Reinforced Dragonhide Belt	503
7412	27126	Reinforced Dragonhide Breastplate	621
7413	27121	Reinforced Dragonhide Gauntlets	530
7414	27120	Reinforced Dragonhorn Boots	779
7415	27122	Reinforced Dragonhorn Bracers	505
7416	27119	Reinforced Dragonleg Breeches	630
7417	27125	Reinforced Dragonskin Mask	770
7418	27124	Reinforced Dragonskull Helm	746
7419	27123	Reinforced Dragonspine Vambraces	622
7420	27128	Reinforced Dragonwing Cloak	663
7421	27118	Reinforced Dragonwing Mantle	668
7422	2246	Reinforced Gloves	636
7423	2239	Reinforced Gorget	643
7424	2247	Reinforced Leggings	635
7425	2238	Reinforced Mask	771
7426	3194	Reinforced Rhino Arm Guards	634
7427	3199	Reinforced Rhino Boots	633
7428	3193	Reinforced Rhino Chest Guard	632
7429	3198	Reinforced Rhino Gloves	636
7430	3196	Reinforced Rhino Leggings	635
7431	3197	Reinforced Rhino Skullcap	640
7432	3195	Reinforced Rhino Wrist Guard	637
7433	2241	Reinforced Shoulderpads	668
7434	2237	Reinforced Skullcap	640
7435	2244	Reinforced Sleeves	634
7436	2240	Reinforced Tunic	632
7437	2245	Reinforced Wristbands	637
7438	20666	Rejesiam Ore	1138
7439	31395	Rekeklo's War Sword	519
7440	30819	Reliant Cap of the Kin	536
7441	2089	Remaining Bone dust	1075
7442	11676	Renard's Belt of Quickness	572
7443	14097	Rending Swiftness	806
7444	18187	Renux's Translations	870
7445	20927	Replica of the Wyrm Queen	893
7446	1709	Report of Failure	864
7447	6474	Report to Skargus	861
7448	18295	Research Briefing	778
7449	2583	Researcher's Badge	510
7450	3097	Reserve Militia Tunic	538
7451	22100	Resin	1075
7452	31041	Resonant Boots	524
7453	31038	Resonant Bracer	516
7454	31036	Resonant Breastplate	624
7455	31039	Resonant Gauntlets	531
7456	31040	Resonant Greaves	540
7457	31035	Resonant Helm	746
7458	31037	Resonant Vambraces	622
7459	25528	Resplendent Crown	511
7460	25532	Resplendent Gloves	636
7461	25529	Resplendent Robe	838
7462	25530	Resplendent Sleeves	634
7463	25534	Resplendent Slippers	666
7464	25533	Resplendent Trousers	635
7465	25531	Resplendent Wristguard	671
7466	14050	Retinal Deactivator	808
7467	16511	Reucoat's	795
7468	6709	Revenant Ash	1075
7469	4265	Revenant Skullcap	1070
7470	5522	Revultant Whip	1132
7471	11679	Rheumguls	847
7472	4241	Rhino Hide Arm Guards	634
7473	4249	Rhino Hide Boots	633
7474	4245	Rhino Hide Cape	660
7475	4240	Rhino Hide Chest Guard	632
7476	4373	Rhino Hide Collar	643
7477	4247	Rhino Hide Gloves	636
7478	4244	Rhino Hide Leggings	635
7479	4248	Rhino Hide Shoulderpads	668
7480	4246	Rhino Hide Skullcap	640
7481	4372	Rhino Hide Snout Guard	771
7482	4243	Rhino Hide Waistband	564
7483	4246	Rhino Hide Skullcap	637
7484	14768	Rhino Hoof	1139
7485	11945	Rhino Horn	807
7486	17989	Rhinohide Backpack	565
7487	12374	Ribcage Chest Armor	974
7488	16593	Rice	881
7489	25344	Rijoely's Bracelet	1071
7490	25343	Rijoely's Dancing Rapier	762
7491	25345	Rijoely's Earring	522
7492	12794	Rile's Sand Coin	998
7493	3888	Rile's Shattered Blade	890
7494	2369	Riley's Confession	683
7495	30385	Ring of Dain Frostreaver IV	515
7496	25211	Ring of Destruction	1148
7497	5807	Ring of Di`Zok	876
7498	10386	Ring of Dominance	872
7499	10547	Ring of Evoluoy	615
7500	30015	Ring of Frost	880
7501	10340	Ring of Goblin Lords	617
7502	25198	Ring of Lightning	1124
7503	13185	Ring of Pine	880
7504	1540	Ring of Pureblood	880
7505	31403	Ring of Relkententinar	879
7506	10357	Ring of Shadows	880
7507	10312	Ring of Slime	616
7508	5733	Ring of Stealthy Travel	873
7509	31222	Ring of Superiority	1064
7510	20789	Ring of Veeshan	765
7511	30506	Ring of Winter	614
7512	10215	Ring of Xorbb	515
7513	12268	Ring of the Ancients	563
7514	29063	Ring of the Chameleon	607
7515	1464	Ring of the Coldain Council	872
7516	13393	Ring of the Dead	674
7517	2744	Ring of the Frost Spiders	1124
7518	25561	Ring of the Frozen Flame	675
7519	10079	Ring of the Rockchanters	617
7520	31377	Ring of the Sky	880
7521	3573	Ring of the Stalker	612
7522	10078	Ring of the Stonechanters	617
7523	3563	Ring of the Warlord	1040
7524	6607	Ringed Mace of the Ykesha	578
7525	3112	Ringmail Boots	545
7526	3109	Ringmail Bracelet	620
7527	3106	Ringmail Cape	661
7528	3104	Ringmail Coat	538
7529	3101	Ringmail Coif	625
7530	3110	Ringmail Gloves	526
7531	3105	Ringmail Mantle	769
7532	3103	Ringmail Neckguard	627
7533	3111	Ringmail Pants	540
7534	3107	Ringmail Skirt	562
7535	3108	Ringmail Sleeves	543
7536	0	Ringmail Visor	770
7537	18193	Rings, Chains, and Arrowheads	778
7538	20464	Ripened Heartfruit	1037
7539	19141	Ripened Mango	1000
7540	20374	Ripped Qeynos Bards Guild Flyer	864
7541	12413	Ripped Tapestry	790
7542	7319	Riptide Spear	740
7543	18272	Rites of Exoneration	865
7544	13334	Rivervale Trout	21296
7545	14330	Ro's Breath	701
7546	14935	Ro Dates	773
7547	19971	Ro Porter	979
7548	29100	Roasted Walrus with Plum Sauce	816
7549	12094	Robe Pattern	504
7550	24623	Robe of Adversity	838
7551	1602	Robe of Asphyxiation	838
7552	29685	Robe of Benevolence	930
7553	24610	Robe of Burning Rage	838
7554	25522	Robe of Conjuration	930
7555	1609	Robe of Dalnir	838
7556	1603	Robe of Decay	838
7557	10175	Robe of Discord	838
7558	6831	Robe of Distraction	929
7559	1355	Robe of Enshroudment	1126
7560	31155	Robe of Icicles	931
7561	0	Robe of Icy Undeath	1126
7562	1552	Robe of Inspiration	928
7563	1268	Robe of Living Fungus	940
7564	25580	Robe of Melding Auras	929
7565	24604	Robe of Smothering	838
7566	10845	Robe of the Azure Sky	838
7567	25515	Robe of the Bonecaster	1126
7568	1356	Robe of the Elements	931
7569	1263	Robe of the Foci	1126
7570	2572	Robe of the Great Panda	712
7571	1548	Robe of the Grove	940
7572	25406	Robe of the Invoker	931
7573	1357	Robe of the Ishva	940
7574	1253	Robe of the Kedge	940
7575	1345	Robe of the Keeper	1126
7576	12256	Robe of the Lost Circle	931
7577	1354	Robe of the Oracle	838
7578	1605	Robe of the Spring	838
7579	12970	Robe of the Whistling Fists	931
7580	24091	Rock Fern	1200
7581	31317	Rocksmasher	581
7582	14350	A Rod	821
7583	12871	Rod Segment 'I'	601
7584	12872	Rod Segment 'II'	601
7585	6204	Rod of Annihilation	973
7586	6657	Rod of Battle	1175
7587	10550	Rod of Bone	809
7588	10380	Rod of Drones	821
7589	6605	Rod of Faith	578
7590	10378	Rod of Health	821
7591	12001	Rod of Identification	547
7592	11574	Rod of Infinite Thought	821
7593	6329	Rod of Insidious Glamour	822
7594	6693	Rod of Lamentation	581
7595	10374	Rod of Malisement	821
7596	6629	Rod of Mourning	581
7597	10383	Rod of Oblations	822
7598	11572	Rod of Unbound Thought	821
7599	11688	Rod of Warding Winds	811
7600	27711	Rod of the Protecting Winds	811
7601	1045	Rodrick's Head	990
7602	18127	Rohand's Edibles	778
7603	18126	Rohand's Sea Treats	778
7604	13177	Rohand's Tax Payment	645
7605	10219	Rokyls Channelling Crystal	973
7606	20389	Rolled Cutlassfish	1021
7607	2049	Rolled Up Strip of Cloth	864
7608	12998	Rolled up Note	861
7609	20649	Rolling Stone Moss	978
7610	12178	Rondo's Tongue	1087
7611	11949	A Root	1203
7612	22539	Root Beer Float	711
7613	13047	Roots	583
7614	5666	Ropy Tendril	596
7615	14639	Rose Platinum Engagement Ring	1052
7616	30318	Rose Velium Engagement Ring	1052
7617	12774	Rose of Firiona	721
7618	4297	Rotbone Bracelet	505
7619	4296	Rotbone Sleeves	634
7620	13022	Rotgrub Rye	832
7621	2709	Rotted Griffon-Hide Wrist Guard	560
7622	13360	Rotted Illegible Scroll	863
7623	0	Rotted Staff	601
7624	12310	Rotten Shark Meat	814
7625	31167	Rotting Boots	633
7626	31161	Rotting Crown	523
7627	19134	Rotting Dragon Scale	1136
7628	7107	Rotting Femur	905
7629	31165	Rotting Gloves	636
7630	31162	Rotting Robe	1126
7631	31163	Rotting Sleeves	634
7632	31166	Rotting Trousers	655
7633	31164	Rotting Wristguard	637
7634	10902	Rotwood Club	601
7635	8809	Rough Ashwood Recurve Bow	597
7636	8809	Rough Ashwood Recurve Bow	597
7637	8809	Rough Ashwood Recurve Bow	597
7638	8837	Rough Darkwood 1-Cam Bow	597
7639	8837	Rough Darkwood 1-Cam Bow	597
7640	8837	Rough Darkwood 1-Cam Bow	597
7641	8838	Rough Darkwood Compound Bow	597
7642	8838	Rough Darkwood Compound Bow	597
7643	8838	Rough Darkwood Compound Bow	597
7644	8836	Rough Darkwood Recurve Bow	597
7645	8836	Rough Darkwood Recurve Bow	597
7646	8836	Rough Darkwood Recurve Bow	597
7647	8803	Rough Elm Recurve Bow	597
7648	8803	Rough Elm Recurve Bow	597
7649	8803	Rough Elm Recurve Bow	597
7650	8803	Rough Elm Recurve Bow	597
7651	8800	Rough Hickory Recurve Bow	597
7652	8800	Rough Hickory Recurve Bow	597
7653	8800	Rough Hickory Recurve Bow	597
7654	17032	Rough Leather Sack	565
7655	8819	Rough Oak 1-Cam Bow	597
7656	8819	Rough Oak 1-Cam Bow	597
7657	8819	Rough Oak 1-Cam Bow	597
7658	8818	Rough Oak Recurve Bow	597
7659	8818	Rough Oak Recurve Bow	597
7660	8818	Rough Oak Recurve Bow	597
7661	30033	Rough Silver Chain	1043
7662	9002	Round Shield	542
7663	22060	Round Shield Mold	1151
7664	31055	Rowyl's Boots of Nature	524
7665	31052	Rowyl's Bracer of Nature	516
7666	31050	Rowyl's Chestguard of Nature	624
7667	31049	Rowyl's Circlet of Nature	523
7668	31053	Rowyl's Gauntlets of Nature	531
7669	31054	Rowyl's Greaves of Nature	540
7670	31229	Rowyl`s Metal Armguards	546
7671	31051	Rowyl's Vambraces of Nature	622
7672	13109	Royal Amulet of Thex	1058
7673	13145	Royal Jelly	1018
7674	1858	Royal Kromrif blood	1157
7675	22525	Royal Temper	1158
7676	25856	Royal Velium Frosted Boots	524
7677	25853	Royal Velium Frosted Bracer	516
7678	25854	Royal Velium Frosted Gauntlets	531
7679	25855	Royal Velium Frosted Greaves	540
7680	25850	Royal Velium Frosted Helmet	523
7681	25851	Royal Velium Frosted Plate	624
7682	25852	Royal Velium Frosted Vambraces	622
7683	12418	Rubbing Alcohol	584
7684	4172	Rubicite Boots	524
7685	4169	Rubicite Bracers	516
7686	4164	Rubicite Breastplate	624
7687	4166	Rubicite Cloak	663
7688	4163	Rubicite Collar	626
7689	4170	Rubicite Gauntlets	531
7690	4171	Rubicite Greaves	540
7691	4161	Rubicite Helm	746
7692	4162	Rubicite Mask	772
7693	4165	Rubicite Pauldron	798
7694	4168	Rubicite Vambraces	622
7695	4167	Rubicite Waistband	549
7696	10035	Ruby	964
7697	10051	Ruby Crown	511
7698	14693	Ruby Electrum Ring	1061
7699	10122	Stone Circlet	509
7700	13985	Ruby Pendant	964
7701	31259	Ruby Symbol	967
7702	31270	Ruby Tear	734
7703	20945	Rugous Globe	947
7704	13769	Ruined Backpack	565
7705	6343	Ruined Battleworn Morning Star	741
7706	13781	Ruined Bear Pelt	554
7707	13026	Ruined Blackburrow Gnoll Pelt	556
7708	13783	Ruined Cat Pelt	555
7709	10956	Ruined Coyote Pelt	555
7710	10973	Ruined Ebon Drakeling Scales	1234
7711	20118	Ruined Gnoll Chain Boots	545
7712	20113	Ruined Gnoll Chain Bracelet	620
7713	20110	Ruined Gnoll Chain Coat	538
7714	20109	Ruined Gnoll Chain Coif	625
7715	20114	Ruined Gnoll Chain Gloves	526
7716	20117	Ruined Gnoll Chain Pants	540
7717	20112	Ruined Gnoll Chain Sleeves	543
7718	20174	Ruined Gnoll Leather Boots	633
7719	20172	Ruined Gnoll Leather Gloves	636
7720	20173	Ruined Gnoll Leather Leggings	635
7721	20119	Ruined Gnoll Leather Skullcap	640
7722	20170	Ruined Gnoll Leather Sleeves	634
7723	20169	Ruined Gnoll Leather Tunic	632
7724	20171	Ruined Gnoll Leather Wristbands	637
7725	1074	Ruined Heretic Longsword	590
7726	20359	Ruined Kobold Pelt	556
7727	13763	Ruined Lion Skin	834
7728	13516	Ruined Miner's Tunic*	678
7729	1295	Ruined Scaled Boots	545
7730	1292	Ruined Scaled Bracelet	620
7731	1289	Ruined Scaled Cape	661
7732	1287	Ruined Scaled Coat	538
7733	1284	Ruined Scaled Coif	625
7734	1293	Ruined Scaled Gloves	526
7735	1288	Ruined Scaled Mantle	769
7736	1286	Ruined Scaled Neckguard	627
7737	1294	Ruined Scaled Pants	540
7738	1290	Ruined Scaled Skirt	562
7739	1291	Ruined Scaled Sleeves	543
7740	1285	Ruined Scaled Visor	770
7741	5115	Ruined Steel Bastard Sword	577
7742	1076	Ruined Sword Hilt	973
7743	6377	Ruined Teir`Dal Great Staff	601
7744	5114	Ruined Teir`Dal Long Sword	590
7745	7343	Ruined Teir`Dal Rapier	762
7746	13598	Ruined Training Tunic*	678
7747	30075	Ruined Tundra Kodiak Pelt	552
7748	30094	Ruined Walrus Hide	554
7749	13782	Ruined Wolf Pelt	553
7750	22760	Rujarkian Chub	775
7751	7372	RukGus' Sticker	575
7752	30040	Rum Box Key	1078
7753	1860	Rune Casing	1002
7754	2040	Rune Casing Pattern	504
7755	25069	Rune Covered Torque	535
7756	31013	Rune Crafter's Boots	524
7757	31010	Rune Crafter's Bracer	516
7758	31008	Rune Crafter's Breastplate	624
7759	31011	Rune Crafter's Gauntlets	531
7760	31012	Rune Crafter's Greaves	540
7761	31007	Rune Crafter's Helm	746
7762	31009	Rune Crafter's Vambraces	622
7763	4877	Rune Etched Boots	524
7764	4874	Rune Etched Bracer	516
7765	4872	Rune Etched Chestplate	624
7766	4875	Rune Etched Gauntlets	531
7767	4876	Rune Etched Greaves	540
7768	4871	Rune Etched Helm	746
7769	25059	Rune Etched Icewurm Fang	776
7770	4873	Rune Etched Vambraces	622
7771	29209	Rune Etched Wedding Band	1148
7772	1860	Rune casing	1002
7773	11746	Rune of Al'Kabor	967
7774	11779	Rune of Ap`Sagor	967
7775	11762	Rune of Arrest	967
7776	0	Rune of Association	967
7777	11748	Rune of Attraction	967
7778	11764	Rune of Banding	967
7779	1895	Rune of Bleve	967
7780	10539	Rune of Clay	967
7781	1896	Rune of Concentration	967
7782	11774	Rune of Conception	967
7783	11763	Rune of Concussion	967
7784	11760	Rune of Consumption	967
7785	11769	Rune of Contortion	967
7786	0	Rune of Coruscation	967
7787	11783	Rune of Crippling	967
7788	11750	Rune of Disassociation	967
7789	11755	Rune of Dismemberment	967
7790	11773	Rune of Embrace	967
7791	1893	Rune of Eradication	967
7792	11747	Rune of Expulsion	967
7793	11738	Rune of Falhalem	967
7794	0	Rune of Flash	967
7795	10530	Rune of Fortune	967
7796	11780	Rune of Frost	967
7797	11741	Rune of Fulguration	967
7798	0	Rune of Gale	967
7799	11768	Rune of Howling	967
7800	11782	Rune of Impetus	967
7801	11775	Rune of Infraction	967
7802	10566	Rune of Ivy	967
7803	11753	Rune of Karana	967
7804	16054	Rune of Nagafen	967
7805	11743	Rune of Neglect	967
7806	11744	Rune of Oppression	967
7807	11772	Rune of Paralysis	967
7808	11740	Rune of Periphery	967
7809	11770	Rune of Petrification	967
7810	11749	Rune of Presence	967
7811	11742	Rune of Proximity	967
7812	11757	Rune of Rallos Zek	967
7813	11776	Rune of Rathe	967
7814	11756	Rune of Regeneration	967
7815	1894	Rune of Revenge	967
7816	10553	Rune of Scale	967
7817	11766	Rune of Solusek Ro	967
7818	11761	Rune of Sorcery	967
7819	11739	Rune of Substance	967
7820	11781	Rune of the Astral	967
7821	11754	Rune of the Combine	967
7822	11767	Rune of the Cyclone	967
7823	11778	Rune of the Inverse	967
7824	11751	Rune of Trauma	967
7825	11771	Rune of Tyranny	967
7826	11745	Rune of Velious	967
7827	11752	Rune of Xegony	967
7828	11781	Rune of the Astral	967
7829	11765	Rune of the Catalyst	967
7830	11754	Rune of the Combine	967
7831	11767	Rune of the Cyclone	967
7832	11758	Rune of the Helix	967
7833	10560	Rune of the One Eye	967
7834	10560	Rune of the One Eye	967
7835	10560	Rune of the One Eye	967
7836	3554	Runebladed Sword of Night	575
7837	1620	Runebranded Girdle	562
7838	30241	Runebranded Stone Buckler	759
7839	20460	Runecrested Bowl	858
7840	5617	Runed Blade	519
7841	6914	Runed Bokken	602
7842	11601	Runed Bolster Belt	563
7843	7314	Runed Bone Fork	742
7844	8949	Runed Branding Iron	581
7845	6397	Runed Brass Disk	647
7846	3400	Runed Circlet	523
7847	1199	Runed Coldain Prayer Shawl	642
7848	10141	Runed Cowl	1121
7849	29679	Runed Elder Staff	602
7850	5503	Runed Falchion	1169
7851	31219	Runed Fang Necklace	1237
7852	6630	Runed Fighters Staff	601
7853	25186	Runed Frost Blade	1190
7854	10338	Runed Lava Pendant	566
7855	4406	Runed Mithril Bracer	671
7856	6606	Runed Morning Star	578
7857	8325	Runed Oak Bow	597
7858	22817	Runed Othmir Spear	776
7859	1849	Runed Prayer Shawl Pattern	504
7860	1849	Runed Prayer Shawl pattern	504
7861	31027	Runed Protector's Boots	524
7862	31024	Runed Protector's Bracer	516
7863	31022	Runed Protector's Breastplate	624
7864	31025	Runed Protector's Gauntlets	531
7865	31026	Runed Protector's Greaves	540
7866	31021	Runed Protector's Helm	746
7867	31023	Runed Protector's Vambraces	622
7868	31020	Runed Scout's Boots	524
7869	31017	Runed Scout's Bracer	516
7870	31015	Runed Scout's Breastplate	624
7871	31018	Runed Scout's Gauntlets	531
7872	31019	Runed Scout's Greaves	540
7873	31014	Runed Scout's Helm	746
7874	31016	Runed Scout's Vambraces	622
7875	28521	Runed Sea Shell	998
7876	28521	Runed Sea Shell	998
7877	28516	Runed Shell Necklace	998
7878	31252	Runed Symbol	967
7879	31263	Runed Tear	734
7880	6310	Runed Totem Staff	602
7881	27022	Runed Velium Battlehammer	567
7882	27044	Runed Velium Claidhmore	1211
7883	24743	Runed Walrus Fang Ring	675
7884	24751	Runed Walrus Hide Cloak	842
7885	14569	Runed Wind Amulet	566
7886	29621	Runed Writ	1116
7887	18175	Runes and Research Volume I	778
7888	18176	Runes and Research Volume II	778
7889	2364	Runescale Cloak	663
7890	6636	Runestone Maul	903
7891	6383	Runewood Great Staff	602
7892	9406	Runewood Shield	758
7893	11977	Runic Carver	1176
7894	13226	Runner Pouch	690
7895	10301	Runners Ring	765
7896	13931	RunnyEye Warbeads	848
7897	22130	Russet Extract	1154
7898	22123	Russet Oxide	571
7899	13208	Rusted Blackbox	1144
7900	20704	Rusted Pauldrons	798
7901	5392	Rusted Throneblade	1171
7902	5014	Rusty Axe	569
7903	5022	Rusty Bastard Sword	577
7904	5020	Rusty Battle Axe	569
7905	5016	Rusty Broad Sword	605
7906	7007	Rusty Dagger	592
7907	5074	Rusty Fer`Esh	1174
7908	6015	Rusty Flail	741
7909	5024	Rusty Halberd	736
7910	30980	Rusty Knuckles	975
7911	5019	Rusty Long Sword	590
7912	6011	Rusty Mace	578
7913	5040	Rusty Mining Pick	768
7914	6016	Rusty Morning Star	741
7915	7008	Rusty Rapier	762
7916	5021	Rusty Scimitar	604
7917	5015	Rusty Scythe	579
7918	5072	Rusty Shan`Tok	1185
7919	5076	Rusty Sheer Blade	1186
7920	5013	Rusty Short Sword	580
7921	7010	Rusty Shortened Spear	740
7922	7009	Rusty Spear	776
7923	2310	Rusty Spiked Shoulderpads	668
7924	5025	Rusty Two Handed Battle Axe	568
7925	6013	Rusty Two Handed Hammer	567
7926	5023	Rusty Two Handed Sword	519
7927	26800	Rusty Ulak	1180
7928	6014	Rusty Warhammer	567
7929	30136	Ry'Gorr Invasion Plans	682
7930	30114	Ry`Gorr Battle Mail	527
7931	30119	Ry`Gorr Chain Bracer	671
7932	30117	Ry`Gorr Chain Coif	625
7933	30121	Ry`Gorr Chain Collar	627
7934	30120	Ry`Gorr Chain Gloves	526
7935	30116	Ry`Gorr Chain Leggings	630
7936	30136	Ry'Gorr Invasion Plans	682
7937	30115	Ry`Gorr Iron Armguards	543
7938	25605	Ry`Gorr Mining Pick	768
7939	30166	Ry`Gorr Oracle Shield	805
7940	30087	Ry`Gorr Scalp	555
7941	14756	Sabertooth Amulet	1237
7942	12426	Sabertooth Cub Canine	801
7943	7360	Sabertooth Dagger	591
7944	11946	Sabertooth Fang	1137
7945	12670	Sabertooth Kitten Canine	801
7946	30357	Sabertooth Tiger Hide	834
7947	12824	Sabertooth Tiger Mane	555
7948	14320	Sack of Cursed Hay	690
7949	13990	Sack of Hay	1145
7950	13872	Sack of Piranha	690
7951	13873	Sack of Sharkskins	690
7952	14321	Sack of Writhing Hay	690
7953	2048	Sacred Velium Ink	1157
7954	29329	Sacrifice	578
7955	7318	Sacrificial Dagger	575
7956	20514	Sacrificial Robe Clasp	753
7957	20961	Saffron Spiroc Feather	1146
7958	6658	Sage's Battle Staff	602
7959	31062	Sage's Boots	633
7960	31059	Sage's Bracelet	1044
7961	31056	Sage's Crown	1124
7962	31060	Sage's Gloves	636
7963	31061	Sage's Pantaloons	635
7964	31057	Sage's Robe	931
7965	31058	Sage's Sleeves	634
7966	14215	Sage Leaf	514
7967	7228	Sainy's Claw	890
7968	7234	Sainy's Singing Dagger	575
7969	31239	Sal`Varae`s Robe of Darkness	928
7970	29622	Saldaren Spear	740
7971	11711	Salil's Writ Pg. 153	1004
7972	11713	Salil's Writ Pg. 153	1005
7973	11714	Salil's Writ Pg. 174	1004
7974	11715	Salil's Writ Pg. 174	1005
7975	11716	Salil's Writ Pg. 282	1004
7976	11717	Salil's Writ Pg. 282	1005
7977	11718	Salil's Writ Pg. 288	1004
7978	11719	Salil's Writ Pg. 288	1005
7979	11882	Salil's Writ Pg. 60	1004
7980	11704	Salil's Writ Pg. 60	1005
7981	11705	Salil's Writ Pg. 64	1004
7982	11707	Salil's Writ Pg. 64	1005
7983	11708	Salil's Writ Pg. 90	1004
7984	11709	Salil's Writ Pg. 90	1005
7985	1158	Salindrite Dagger	574
7986	19113	Saltwater Seaweed	582
7987	22768	Salty Whitefish	775
7988	20388	Salty Whitefish Fillets	815
7989	2054	Sanctified bone dust	1075
7990	2065	Sanctum Guardian's Earring	756
7991	12792	Sand Crabs	926
7992	16904	Sand of Ro	582
7993	1280	Sandals of Alacrity	558
7994	31813	Sandals of Harmony	524
7995	14245	Sandalwood	583
7996	16904	Sand of Ro	582
7997	10625	Sands of the Mystics	1076
7998	5803	A Sandwich of Foul Smelling Herbs	1020
7999	2582	Sap Encrusted Branch	1083
8000	6364	Sap Sheen Staff	602
8001	6626	Sap of Piety	737
8002	10034	Sapphire	963
8003	14689	Sapphire Electrum Earring	1042
8004	10050	Sapphire Necklace	850
8005	14691	Sapphire Platinum Necklace	1043
8006	30344	Sapphire Velium Necklace	1043
8007	22127	Sarcoscypha Extract	1157
8008	22120	Sarcoscypha Fungus	1076
8009	2734	Sarnak-Hide Mask	771
8010	1915	Sarnak-hide Leggings	635
8011	14753	Sarnak Arcane Fetish	1043
8012	5816	Sarnak Backstabber	575
8013	9205	Sarnak Battle Shield	676
8014	6647	Sarnak Battlehammer	567
8015	14822	Sarnak Berserker Head	1070
8016	22519	Sarnak Blood	1157
8017	11917	Sarnak Bracer of Honor	1044
8018	14599	Sarnak Broodling Fang	800
8019	11906	Sarnak Ceremonial Dagger	589
8020	11900	Sarnak Ceremonial Sword	1190
8021	6671	Sarnak Channeler Staff	887
8022	5731	Sarnak Devastator	1117
8023	12761	Sarnak Dragoon Helm	746
8024	11903	Sarnak Earring of Station	752
8025	11905	Sarnak Eitchatka	975
8026	11902	Sarnak Emblazened Tabard	621
8027	6627	Sarnak Enforcer	737
8028	11908	Sarnak Flesh Harvester	1168
8029	11907	Sarnak Great Cleaver	1167
8030	12408	Sarnak Hatchling Brain	1204
8031	4581	Sarnak Headguard	746
8032	5749	Sarnak Hide Boots	844
8033	2739	Sarnak Hide Girdle	718
8034	14826	Sarnak Knight's Sword	890
8035	11924	Sarnak Liberator	1177
8036	5748	Sarnak Lightning Caller	567
8037	5801	Sarnak Parrying Blade	1165
8038	11904	Sarnak Pitchatka	975
8039	5773	Sarnak Prayer Beads	850
8040	12409	Sarnak Raider Brain	1204
8041	14775	Sarnak Recruitment Letter	504
8042	5660	Sarnak Skullsplitter	580
8043	0	Sarnak Staff of Glyphs	1083
8044	5759	Sarnak Summoner`s Dagger	591
8045	24642	Sarnak Summoners Staff	887
8046	5758	Sarnak War Bow	597
8047	12982	A Sarnak War Braid	1132
8048	6613	Sarnak Warhammer	567
8049	12380	A Sarnak Whelp Head	1231
8050	0	Sash of Infinite Blows	938
8051	3565	Sash of Woven Vine	933
8052	1623	Sash of the Dragonborn	938
8053	14743	Sathir's Wand	810
8054	1451	Saucy Bearmeat	816
8055	1452	Saucy Bunnymeat	815
8056	1302	Savant's Cap	641
8057	13174	Sayer's Tax Payment	645
8058	0	Scalded Rat Skin	555
8059	10907	Scale Hide Whip	596
8060	22513	Scale Temper	698
8061	10590	Scale Wolf Hide Boots	633
8062	1899	Scale of Hsagra	1088
8063	12654	Scaled Curskin	553
8064	5182	Scaled Hierophant Boots	545
8065	5186	Scaled Hierophant Bracers	620
8066	5187	Scaled Hierophant Breastplate	538
8067	5189	Scaled Hierophant Cloak	661
8068	5183	Scaled Hierophant Gauntlets	526
8069	5185	Scaled Hierophant Greaves	540
8070	5188	Scaled Hierophant Helm	1070
8071	5184	Scaled Hierophant Vambraces	543
8072	31125	Scaled Knight's Boots	524
8073	31122	Scaled Knight's Bracer	516
8074	31120	Scaled Knight's Breastplate	624
8075	31123	Scaled Knight's Gauntlets	531
8076	31124	Scaled Knight's Greaves	540
8077	31119	Scaled Knight's Helm	746
8078	31121	Scaled Knight's Vambraces	622
8079	4984	Scaled Mystic Boots	545
8080	4988	Scaled Mystic Bracers	620
8081	4989	Scaled Mystic Breastplate	538
8082	4991	Scaled Mystic Cloak	661
8083	4985	Scaled Mystic Gauntlets	526
8084	4987	Scaled Mystic Greaves	540
8085	4990	Scaled Mystic Helm	1070
8086	4986	Scaled Mystic Vambraces	543
8087	2505	Scaled Prowler Belt	562
8088	2503	Scaled Prowler Cloak	841
8089	2574	Scaled Robe of the Elder Serpent	940
8090	20645	Scaled Symbol of the Serpent	648
8091	12656	Scaled Wolf Hide	553
8092	10591	Scaled Wolf Hide Belt	560
8093	10583	Scaled Wolf Hide Cap	641
8094	10595	Scaled Wolf Hide Cloak	841
8095	10586	Scaled Wolf Hide Gloves	636
8096	10582	Scaled Wolf Hide Leggings	635
8097	12654	Scaled Curskin	553
8098	12090	Scaler	1035
8099	12026	Scaler Mold	1151
8100	13849	Scarab Carapace	927
8101	13847	Scarab Eye	885
8102	13848	Scarab Legs	1089
8103	10365	Scarab Ring	617
8104	13152	Scare Straw	796
8105	11802	The Scent of Marr	599
8106	14363	A Scepter	821
8107	6354	Scepter of Flame	822
8108	25187	Scepter of Mastery	822
8109	6319	Scepter of Rahotep	822
8110	6913	Scepter of the Forlorn	822
8111	3579	Sceptre of Ancient Knowledge	822
8112	1154	Sceptre of Destruction	822
8113	28017	Sceptre of Ixiblat Fer	822
8114	30269	Sceptre of the Coldain Ancients	822
8115	5009	Scimitar	604
8116	22824	Scimitar of the Emerald Dawn	604
8117	11604	Scimitar of the Mistwalker	1169
8118	5507	Scimitar of the Ykesha	604
8119	2701	Scintillating Bracer of Protection	1055
8120	1914	Scorched Pauldrons	798
8121	7371	Scorpikis Claw Impaler	1227
8122	16974	Scorpikis Venom	1241
8123	14821	Scorpion Chitin	1225
8124	12647	Scorpion Meat	817
8125	12650	Scorpion Pincer	807
8126	19988	Scorpion Sandwich	1020
8127	2504	Scourgetail Bracer	637
8128	5331	Scourgetail Whip	596
8129	29688	Scout Report	682
8130	29683	Scout Tools	884
8131	7321	Scouts Blade	575
8132	2914	Scouts Cape	840
8133	13198	Scrap Metal	1031
8134	6305	Screaming Mace	578
8135	12971	Scribbled Note	864
8136	10629	Scribbled Parchment	864
8137	12990	Scribblings	864
8138	12494	Scroll in a Bottle	1006
8139	31440	Scroll of Enlightenment	682
8140	18401	Scroll of Flayed Goblin Skin	683
8141	31442	Scroll of Insight	682
8142	31441	Scroll of Knowledge	682
8143	31439	Scroll of Power	682
8144	24985	Scroll of Scaled Tactics	863
8145	6539	Scroll of the Dark	863
8146	5314	Scrounge's Claw	975
8147	10705	Scrounge's Pelt	555
8148	20633	Scuffed Silver Key	1081
8149	21625	Sculpting Tools	716
8150	9308	Scute Shield	805
8151	5010	Scythe	579
8152	20544	Scythe of the Shadowed Soul	2869
8153	22813	Sea Dragon Meat	817
8154	22814	Sea Dragon Scales	1088
8155	11589	Sea Dragonscale Bracer	516
8156	19172	Sea Green Cookies	785
8157	16517	Sea Spirit	795
8158	22546	Sea Temper	1156
8159	21356	Seafarer Ring Belt	562
8160	21361	Seafarer Ring Boots	545
8161	21358	Seafarer Ring Bracer	620
8162	21355	Seafarer Ring Cloak	661
8163	21359	Seafarer Ring Gauntlets	526
8164	21352	Seafarer Ring Gorget	627
8165	21350	Seafarer Ring Helm	625
8166	21360	Seafarer Ring Leggings	540
8167	21353	Seafarer Ring Mail	538
8168	21354	Seafarer Ring Mantle	769
8169	21351	Seafarer Ring Mask	770
8170	21357	Seafarer Ring Sleeves	543
8171	23374	Seafarers Buckler Shield	759
8172	21522	Seafarers Cutlass	604
8173	21519	Seafarers Dirk	1214
8174	21520	Seafarers Harpoon	776
8175	14998	Seahorse Roe	1006
8176	3403	Seahorse Scale Cloak	661
8177	12999	Seahorse Scales	1015
8178	24739	Seahorse Spine Bracelet	1071
8179	14375	Seal of Kastane	1002
8180	1422	Seal of Thoridain	752
8181	2694	Seal of Vegalys	515
8182	28057	Sealed Box	836
8183	20638	Sealed Ghoul Boss' Log Book	865
8184	1795	Sealed Jar	1006
8185	1717	Sealed Letter	682
8186	14144	Sealed Note	866
8187	1772	Sealed Parchment	682
8188	16967	Sealed Poison Vial	599
8189	1786	Sealed Reagent Box	1144
8190	16970	Sealed Vial Sketch	861
8191	19156	Seaweed Vinegar	1006
8192	27262	Seaworthy Planking	1084
8193	7322	Seax	592
8194	7222	Sebilite Croaking Dirk	574
8195	3206	Sebilite Scale Belt	562
8196	3211	Sebilite Scale Boots	545
8197	3208	Sebilite Scale Bracelet	620
8198	3200	Sebilite Scale Cap	625
8199	3205	Sebilite Scale Cape	661
8200	3203	Sebilite Scale Coat	538
8201	3209	Sebilite Scale Gloves	526
8202	3210	Sebilite Scale Leggings	540
8203	3204	Sebilite Scale Mantle	769
8204	3201	Sebilite Scale Mask	770
8205	3202	Sebilite Scale Neckguard	627
8206	3207	Sebilite Scale Vambraces	543
8207	31444	Second Half of Al`Tarlkal's Tome	865
8208	31446	Second Half of Vin`Pekir's Tome	865
8209	18653	Second Riddle for the Troll	504
8210	30044	Second part of an Iceclad Map	869
8211	18189	Secrets of the White Rose	865
8212	22815	Section of Lodizal's Shell	1088
8213	12546	Section of a Draconic Tome	862
8214	13171	Sedder's Tax Payment	645
8215	29640	Seer Lore Book	778
8216	3147	Sejah Ghulam Bracer	637
8217	11626	Selo`s Drums of the March	1152
8218	13175	Semhart's Tax Payment	645
8219	13696	Senior Apprentice Robe*	713
8220	22841	Sentient Plate Boots	524
8221	22837	Sentient Bracer	516
8222	22837	Sentient Bracer	516
8223	22835	Sentient Breastplate	624
8224	22839	Sentient Gauntlets	531
8225	22840	Sentient Greaves	540
8226	22834	Sentient Helm	550
8227	22841	Sentient Plate Boots	524
8228	24891	Sentient Two-Handed Axe	1166
8229	22836	Sentient Vambraces	622
8230	12438	Sentinel Creot's Head	986
8231	29094	Sentry Boots	524
8232	29092	Sentry Bracer	516
8233	29088	Sentry Breastplate	624
8234	29096	Sentry Choker	626
8235	29093	Sentry Gauntlets	531
8236	29097	Sentry Girdle	549
8237	29090	Sentry Helmet	746
8238	29089	Sentry Leggings	540
8239	29098	Sentry Maul	581
8240	29095	Sentry Pauldrons	798
8241	29087	Sentry Robe	942
8242	29091	Sentry Shield	805
8243	25002	Sergeant's Claymore	603
8244	14442	Serpent's Conviction	700
8245	0	Serpent's Drink	701
8246	7257	Serpent's Tooth	592
8247	14311	Serpent Blood Potion	585
8248	10316	Serpent Insignia Collar	566
8249	10148	Serpentine Bracer	521
8250	1317	Serpentskin Eyepatch	595
8251	6663	Serpentwood Staff	602
8252	5355	Serrated Blade	1168
8253	7502	Serrated Bone Dirk	574
8254	31469	Serrated Dragon Tooth	800
8255	31254	Serrated Symbol	967
8256	31265	Serrated Tear	734
8257	14812	Serrated Wire	1140
8258	1879	A Servant's Blade	590
8259	12208	Servant's Staff	601
8260	8068	Set of Bone Arrow Vanes	1110
8261	8069	Set of Ceramic Arrow Vanes	1012
8262	0	Set of Vials	1006
8263	8067	Set of Wooden Arrow Vanes	1012
8264	8065	Several Parabolic Cut Fletchings	1102
8265	8064	Several Round Cut Fletchings	1102
8266	8066	Several Shield Cut Fletchings	1102
8267	17014	Severed Paw	743
8268	20669	Severely Damaged Dragon Head Hilt	1231
8269	12444	Sewer Catfish	786
8270	7485	Sewing Contraption Parts	892
8271	3561	Sewn Hide Shawl	665
8272	1046	Shackle key	1077
8273	20015	Shackle Key 15	1081
8274	20016	Shackle Key 16	1079
8275	20017	Shackle Key 17	1077
8276	20018	Shackle Key 18	1081
8277	20019	Shackle Key 19	1079
8278	20020	Shackle Key 20	1081
8279	20021	Shackle Key 21	1079
8280	20022	Shackle Key 22	1078
8281	20023	Shackle Key 23	1081
8282	20024	Shackle Key 24	1079
8283	1046	Shackle key	1077
8284	4195	Shackle of Bronze	516
8285	4191	Shackle of Clay	637
8286	4194	Shackle of Copper	516
8287	4190	Shackle of Dust	637
8288	4193	Shackle of Rock	1235
8289	4196	Shackle of Steel	620
8290	4192	Shackle of Stone	1235
8292	29206	Shaded Torch	559
8293	10917	Shadewood Bow Staff	601
8294	3317	ShadowBound Boots	633
8295	3318	ShadowBound Gloves	636
8296	31132	Shadow Boots	524
8297	31129	Shadow Bracer	516
8298	31127	Shadow Chestguard	624
8299	31126	Shadow Crown	523
8300	31220	Shadow Fang Necklace	1237
8301	31130	Shadow Gauntlets	531
8302	31131	Shadow Greaves	540
8303	25594	Shadow Rager	574
8304	16483	Shadow Silk	823
8305	22512	Shadow Temper	706
8306	31128	Shadow Vambraces	622
8307	27412	Shadow Wolf Paw	743
8308	13779	Shadow Wolf Pelt	556
8309	29634	Shadowbone Bracers	634
8310	29632	Shadowbone Dagger	592
8311	29630	Shadowbone Earring	619
8312	29633	Shadowbone Spear	776
8313	29631	Shadowbone Staff	602
8314	10528	Shadowed Ball	507
8315	5102	Shadowed Battle Axe	569
8316	10529	Shadowed Book	777
8317	20636	Shadowed Code Book	778
8318	5106	Shadowed Halberd	736
8319	5101	Shadowed Long Sword	590
8320	6100	Shadowed Mace	578
8321	6101	Shadowed Morning Star	741
8322	7100	Shadowed Rapier	762
8323	5104	Shadowed Scimitar	604
8324	5103	Shadowed Scythe	579
8325	7101	Shadowed Spear	776
8326	6102	Shadowed Two Handed Hammer	567
8327	5100	Shadowed Two Handed Sword	519
8328	14074	Shadowveil Hemlock	808
8329	8144	Shadowy Assassin's Cape	656
8330	5744	Shai`din Revenant Bauble	753
8331	9841	Shamanistic Shenanigan Gauntlets	531
8332	9839	Shamanistic Shenannigan Arm Guard	622
8333	9843	Shamanistic Shenannigan Boots	524
8334	9840	Shamanistic Shenannigan Bracer	516
8335	9837	Shamanistic Shenannigan Chestplate	624
8336	29658	A Shamanistic Shenannigan Doll	720
8337	9842	Shamanistic Shenannigan Greaves	540
8338	9838	Shamanistic Shenannigan Helm	746
8339	22089	Shan`Tok Blade Mold	1151
8340	8811	Shaped Ashwood Recurve Bow	597
8341	8811	Shaped Ashwood Recurve Bow	597
8342	8811	Shaped Ashwood Recurve Bow	597
8343	8843	Shaped Darkwood 1-Cam Bow	597
8344	8843	Shaped Darkwood 1-Cam Bow	597
8345	8843	Shaped Darkwood 1-Cam Bow	597
8346	8844	Shaped Darkwood Compound Bow	597
8347	8844	Shaped Darkwood Compound Bow	597
8348	8844	Shaped Darkwood Compound Bow	597
8349	8842	Shaped Darkwood Recurve Bow	597
8350	8842	Shaped Darkwood Recurve Bow	597
8351	8842	Shaped Darkwood Recurve Bow	597
8352	8823	Shaped Oak 1-Cam Bow	597
8353	8823	Shaped Oak 1-Cam Bow	597
8354	8823	Shaped Oak 1-Cam Bow	597
8355	8822	Shaped Oak Recurve Bow	597
8356	8822	Shaped Oak Recurve Bow	597
8357	8822	Shaped Oak Recurve Bow	597
8358	2073	Shaped blade core	890
8359	25100	Shard Wurm Fang	801
8360	7227	Shard of Darkness	575
8361	14314	Shard of Golem Stone	695
8362	5841	Shard of Night	575
8363	30235	Shardtooth's Flayed Skin	632
8364	8330	Shardwing Arrow	598
8365	30262	Shardwurm Claw	807
8366	30233	Shardwurm Eye	1130
8367	30234	Shardwurm Skin	632
8368	30230	Shardwurm Stinger	776
8369	12126	Shark Bones	804
8370	13457	Shark Fillet	815
8371	13420	Shark Meat	817
8372	16990	Embalming Dust	1075
8373	13477	Shark Rolls	1021
8374	13075	Shark Skin	814
8375	7408	Shark Tooth	803
8376	13457	Shark Fillet	815
8377	6408	Sharkbone Warhammer	567
8378	5425	Sharkjaw Cutlass	1168
8379	10373	Sharkskin Drum	1152
8380	13868	Sharkskin Shield	759
8381	16891	Sharkskin Tubing	853
8382	12450	Sharp Cutting Disk	734
8383	7025	Sharp Metal Shard	801
8384	6347	Sharp Tooth	803
8385	27029	Sharpened Velium Spear	776
8386	12056	Sharpening Stone	969
8387	13968	Shattered Caster Beads	848
8388	12814	Shattered Choppers	804
8389	12696	Shattered Crusader Khukri	604
8390	20484	Shattered Emerald of Corruption	958
8391	2577	Shattered Fading Soul Orb	507
8392	2576	Shattered Soul Orb	507
8393	13948	Shattered Warbeads	848
8394	1726	Shattering Hammer	567
8395	1114	Shawl of Perception	665
8396	1557	Shawl of Protection	662
8397	1055	Shawl of the Wind Spirit	665
8398	1413	Shazda Turban	1121
8399	8320	Sheaf Arrow	598
8400	22091	Sheer Blade Mold	1151
8401	10101	Sheer Bone Mask	528
8402	12003	Sheet Metal	1036
8403	10498	Sheet of Adamantite	1036
8404	10494	Sheet of Brellium	1036
8405	10496	Sheet of Mithril	1036
8406	22095	Sheet of Velium	1036
8407	9778	Shellcracker's Seaside Salad	858
8408	12467	Shestar's Scaled Coif	625
8409	12468	Shestar's Unfinished Coif	625
8410	25040	Shield of Battle	676
8411	31215	Shield of Dragonkind	606
8412	10851	Shield of Elders	1244
8413	1679	Shield of Falsehood	676
8414	31211	Shield of Fury	976
8415	0	Shield of Hatred	974
8416	9318	Shield of Kurn	805
8417	31359	Shield of Midnight	606
8418	13720	Shield of Nife	805
8419	9315	Shield of Prexus	974
8420	11644	Shield of Rainbow Hues	606
8421	29201	Shield of Shadows	976
8422	9027	Shield of Spectral Essence	1136
8423	31217	Shield of Thorns	1244
8424	1133	Shield of the Clawed Guardian	805
8425	31358	Shield of the Dawn	606
8426	9427	Shield of the Devout	973
8427	1523	Shield of the Forlorn	676
8428	25570	Shield of the Freezing Winds	805
8429	11587	Shield of the Green Dragon	1244
8430	11551	Shield of the Immaculate	805
8431	31212	Shield of the Protector	758
8432	11585	Shield of the Red Dragon	1244
8433	30508	Shield of the Seneschal	1244
8434	7406	Shield of the Slain Unicorn	606
8435	11552	Shield of the Stalwart Seas	974
8436	24749	Shield of the Tsunami	1244
8437	11588	Shield of the Water Dragon	1244
8438	11586	Shield of the White Dragon	1244
8439	31216	Shield of the Wurms	805
8440	5608	Shieldstorm	1176
8441	6411	Shillelagh	1083
8442	20837	Shimmering Amber	951
8443	20824	Shimmering Diamond	966
8444	20797	Shimmering Opal	959
8445	7206	Shimmering Partisan	1187
8446	20863	Shimmering Pearl	953
8447	20863	Shimmering Pearl	953
8448	24706	Shimmering Sapphire Ring	878
8449	0	Shimmering Shard	1535
8450	25552	Shimmering Terror Hide Boots	633
8451	25551	Shimmering Terror Hide Cloak	839
8452	20818	Shimmering Topaz	954
8453	27999	Shimmering Velium Ruby	964
8454	1363	A Shimmering White Shroud	839
8455	6821	Shimmering Wristguard	508
8456	4114	Shin Gauntlets	846
8457	4116	Shin Greaves	845
8458	25376	Shining Boots	524
8459	25373	Shining Bracer	516
8460	25371	Shining Breastplate	624
8461	25374	Shining Gauntlets	531
8462	25375	Shining Greaves	540
8463	25370	Shining Helm	746
8464	31339	Shining Metallic Pantaloons	631
8465	1360	Shining Metallic Robes	929
8466	6356	Shining Star of Light	741
8467	25372	Shining Vambraces	622
8468	27024	Shining Velium Battlehammer	567
8469	5361	Shiny Brass Halberd	736
8470	14322	Shiny Brass Idol	895
8471	9307	Shiny Brass Shield	805
8472	13844	Shiny Card	648
8473	12876	Shiny Emerald	958
8474	10157	Shiny Golden Coin	645
8475	8961	Shiny Hunk of Metal	1092
8476	20441	Shiny Metal Key	1081
8477	31340	Shiny Metallic Gloves	636
8478	31342	Shiny Metallic Sleeves	634
8479	3366	Shiny Ore Machete	604
8480	20811	Shiny Pauldrons	798
8481	8960	Shiny Robe of the Underfoot	929
8482	1403	Shiny Silk Gloves	636
8483	17860	Shiny Tin Bowl	858
8484	17860	Shiny Tin Bowl	858
8485	0	Ship Manifesto	866
8486	12218	Ship in a Bottle	704
8487	29064	A shipment of Velium Ore	608
8488	10892	Shissar Apothic Staff	811
8489	24640	Shissar Deathspeaker Staff	602
8490	6667	Shissar Elementalist's Staff	602
8491	24615	Shissar Elementalist`s Cane	602
8492	24637	Shissar Focus Staff	602
8493	6677	Shissar Guardian Staff	602
8494	6676	Shissar Nullifier Staff	602
8495	10914	Shissar Protection Staff	811
8496	6668	Shissar Seance Staff	602
8497	1202	Shiverback-hide Armbands	634
8498	1206	Shiverback-hide Boots	633
8499	1204	Shiverback-hide Gloves	636
8500	1201	Shiverback-hide Jerkin	838
8501	1205	Shiverback-hide Leggings	635
8502	1203	Shiverback-hide Wristbands	637
8503	1741	Shorn Head of Narandi	920
8504	13018	Short Ale	827
8505	13032	Short Beer	828
8506	22076	Short Blade Mold	1151
8507	8009	Short Bow	597
8508	5001	Short Sword	580
8509	9998	Short Sword*	580
8510	5422	Short Sword of Morin	1170
8511	5500	Short Sword of the Ykesha	1170
8512	16599	Shotglass	1030
8513	13805	Shoulderpad Pattern	504
8514	6026	Shovel	891
8515	6361	Shovel of Ponz	891
8516	31398	Shovel of the Harvest	891
8517	17401	Shralok Pack	884
8518	7507	Shrieking Ahlspiess	740
8519	28602	Shrine Key	1080
8520	16977	Shriveled Flesh	823
8521	1137	Shroud of Longevity	1126
8522	14732	Shroud of Nature	662
8523	1628	Shroud of Veeshan	657
8524	27261	Shroud of the Dar Brood	662
8525	10905	Shrouds of Earthen Shadow	838
8526	12446	Shrub Lettuce	922
8527	10580	Shrunken Goblin Skull Earring	619
8528	8007	Shuriken	681
8529	22083	Shuriken Mold	1151
8530	8332	Shuriken of the Tranquil	681
8531	1619	Siblisian Berserker Cloak	841
8532	22140	Sickle Leaf	1200
8533	31200	Sickly Glowing Orb	507
8534	22842	Sifaye Dart	591
8535	22849	Sifaye Dust	1075
8536	25113	Sifaye Head	744
8537	22832	Sifaye Parts	817
8538	19176	Sifaye Pickles	1018
8539	22850	Sifaye Wing	910
8540	1704	Sifaye messenger's report	864
8541	20512	Sigil of the Calendar	754
8542	1707	Signed Requisition	868
8543	25193	Signet Ring	515
8544	31221	Silent Fang Necklace	1237
8545	9312	Silent Watch Shield	542
8546	16487	Silk Bandage	812
8547	1179	Silk Coldain Prayer Shawl	658
8548	16489	Silk Cord	572
8549	13352	Silk Evening Tunic	678
8550	16862	Silk Lined Steel Helm	640
8551	8090	Silk String	572
8552	16482	Silk Swatch	823
8553	16486	Silk Thread	853
8554	2740	Silken Cat-fur Girdle	718
8555	20772	Silken Mask	677
8556	20794	Silken Strands	853
8557	5643	Silken Whip of Ensnaring	596
8558	20800	Silken Wrap	853
8559	4303	Silver-Plated Bracer	516
8560	3311	Silver-Plated Leggings	540
8561	3556	Silver-Plated Shark Scale Cap	640
8562	14640	Silver Amber Ring	1051
8563	10040	Silver Amulet	566
8564	16500	Silver Bar	1092
8565	14620	Silver Bloodstone Earring	1048
8566	30360	Silver Blue Diamond Ring	1064
8567	13281	Silver Bracelet	521
8568	31307	Silver Bracelet of Rage	521
8569	31461	Silver Bracelet of Speed	521
8570	14632	Silver Carnelian Wedding Ring	1060
8571	14616	Silver Cat Eye Necklace	1056
8572	20476	Silver Chained Locket	1147
8573	31371	Silver Chains	538
8574	31460	Silver Charm of Tranquility	1056
8575	2746	Silver Chitin Hand Wraps	517
8576	2747	Silver Chitin Wristband	521
8577	30133	Silver Coldain Insignia Ring	874
8578	13195	Silver Cylinder	732
8579	31349	Silver Dagger of Destruction	574
8580	14704	Silver Diamond Wedding Ring	1064
8581	20938	Silver Disc	646
8582	31347	Silver Disk	972
8583	25056	Silver Dragon Tattoo	771
8584	10006	Silver Earring	544
8585	14664	Silver Emerald Ring	1041
8586	6653	Silver Etched Warhammer	567
8587	14676	Silver Fire Wedding Ring	1060
8588	21040	Silver Full Breastplate	624
8589	21048	Silver Full Plate Boots	524
8590	21045	Silver Full Plate Bracer	516
8591	21039	Silver Full Plate Collar	626
8592	21046	Silver Full Plate Gauntlets	531
8593	21043	Silver Full Plate Girdle	549
8594	21047	Silver Full Plate Greaves	540
8595	21037	Silver Full Plate Helm	550
8596	21041	Silver Full Plate Pauldron	798
8597	21044	Silver Full Plate Vambraces	622
8598	21038	Silver Full Plate Visor	772
8599	21042	Silver Full Splinted Cloak	663
8600	9512	A Silver Gift Box	836
8601	31401	Silver Girdle of Stability	549
8602	8760	Silver Griffon Feathers	908
8603	14612	Silver Hematite Ring	1047
8604	20807	Silver Hoop	544
8605	14696	Silver Jacinth Wedding Ring	1060
8606	14628	Silver Jasper Ring	1051
8607	14604	Silver Lapis Lazuli Necklace	1043
8608	14600	Silver Malachite Ring	1041
8609	31464	Silver Mask of the Slayer	772
8610	20974	Silver Mesh	1062
8611	25544	Silver Moon Arm Wraps	634
8612	25543	Silver Moon Chest Wraps	838
8613	25542	Silver Moon Headband	937
8614	25547	Silver Moon Pants	635
8615	25548	Silver Moon Slippers	666
8616	25545	Silver Moon Wrist Wraps	637
8617	14624	Silver Onyx Bracelet	1057
8618	14668	Silver Opal Engagement Ring	1052
8619	1876	Silver Plated War Sword	906
8620	10038	Silver Ring	675
8621	10038	Silver Ring (Ring of Opolla)	675
8622	14636	Silver Rose Engagement Ring	1052
8623	14692	Silver Ruby Veil	1062
8624	3547	Silver Runed Jade Earring	1042
8625	25078	Silver Steel Gauntlets	530
8626	10005	Silver Stud	544
8627	5659	Silver Swiftblade	1211
8628	25579	Silver Sword of Yalrek	575
8629	31253	Silver Symbol	967
8630	31264	Silver Tear	734
8631	12095	Silver Thread	853
8632	8057	Silver Tipped Arrowheads	1100
8633	14608	Silver Turquoise Bracelet	1044
8634	6338	Silver Wand	810
8635	31300	Silver Whip of Rage	596
8636	14644	Silver Wolf's Eye Necklace	1056
8637	6819	Silver Wristguards	671
8638	21569	Silvered Battle Axe	569
8639	21566	Silvered Dagger	592
8640	14684	Silvered Fire Emerald Ring	1041
8641	21574	Silvered Javelin	740
8642	21577	Silvered Long Sword	590
8643	21572	Silvered Mace	578
8644	14652	Silvered Pearl Ring	613
8645	14660	Silvered Peridot Ring	1041
8646	21580	Silvered Pick	768
8647	21567	Silvered Rapier	762
8648	14688	Silvered Sapphire Necklace	1043
8649	21571	Silvered Scimitar	604
8650	21568	Silvered Short Sword	580
8651	21575	Silvered Shuriken	681
8652	21578	Silvered Spear	776
8653	20813	Silvered Spiroc Necklace	1043
8654	14680	Silvered Star Ruby Veil	1062
8655	21576	Silvered Throwing Axe	573
8656	21573	Silvered Throwing Knife	591
8657	21579	Silvered Warhammer	567
8658	5357	Silverish Scimitar	604
8659	2199	Silverleaf Belt	718
8660	0	Silverleaf Girdle	718
8661	3315	Silvermesh Leggings	540
8662	1366	Silversilk Leggings	631
8663	31203	Silvery Belt of Contention	718
8664	20868	Silvery Girdle	563
8665	25077	Silvery Mask	772
8666	20700	Silvery Ring	675
8667	5359	Silvery Two Handed Axe	1166
8668	5364	Silvery War Axe	902
8669	20542	Singing Short Sword	882
8670	4563	Singing Steel Boots	524
8671	4560	Singing Steel Bracer	516
8672	4558	Singing Steel Breastplate	624
8673	4561	Singing Steel Gauntlets	531
8674	4562	Singing Steel Greaves	540
8675	4557	Singing Steel Helm	746
8676	4559	Singing Steel Vambraces	622
8677	7210	Sionachie's Partisan	1187
8678	26896	Sir Arlindo's Head	982
8679	14344	Sir Gerwin's Head	982
8680	11430	Sir Gregon's Head	982
8681	22892	Sir Telian's Head	982
8682	1834	Siren Hair	853
8683	24741	Siren Hair Earring	619
8684	24735	Siren Hair Locket	754
8685	22803	Siren Parts	817
8686	19162	Siren Pickles	1018
8687	1607	Siren Scale Robe	714
8688	31315	Siren Song, Dagger of the Sea	574
8689	27425	Sironans Head	982
8690	31245	Sirran`s Boots of Insanity	764
8691	1501	Siryn Hair Hood	664
8692	27213	Sivar's Talisman	510
8693	11553	Six Note Blade	1170
8694	13138	A Size 4 Gizmo	731
8695	13135	A Size 4 Sprocket	731
8696	13139	A Size 5 Gizmo	731
8697	13136	A Size 5 Sprocket	731
8698	13140	A Size 6 Gizmo	731
8699	13137	A Size 6 Sprocket	731
8700	14823	Skeletal Feet	794
8701	14825	Skeletal Hand	1089
8702	12826	A Skeleton Fist	743
8703	12023	Skewer Mold	1151
8704	13430	Skewers	1012
8705	16950	Skewers Sketch	861
8706	30055	Skin of the Garou	640
8707	2284	Skinned Halfling Face Mask	992
8708	1537	Skinner's Belt	563
8709	21565	Skinning Knife	592
8710	30062	Skinning Rock	871
8711	12425	Skipping Stone	767
8712	20515	Skull-engraved Coin	646
8713	4301	Skull-shaped Barbute	746
8714	10897	Skull-topped Runestaff	887
8715	9732	Skull Ale	1070
8716	13168	Skull of Jhen`Tra	1070
8717	10571	Skull of Meldrath	1070
8718	12724	Skull with I	1070
8719	12725	Skull with II	1070
8720	13723	Skullcap of Rodcet Nife	639
8721	10388	Skullchip Bracelet	505
8722	24635	Skullcrusher of Kragg	1194
8723	1916	Skullhelm of Krenlek	536
8724	19187	Skunk Breath Ale	979
8725	27658	Skunk Eye	1130
8726	14030	Skunk Scent Gland	820
8727	27651	Skunk Tail	680
8728	20806	Sky Emerald	958
8729	20771	Sky Pearl	953
8730	20745	Sky Topaz	954
8731	31328	Sky Watcher's Monocle	999
8732	16819	Skyash Bile	1003
8733	22826	Skydarkener	1104
8734	29604	Skyfury Scimitar	604
8735	21556	Skyiron Fer`Esh	1174
8736	10457	Skyiron Scales	1135
8737	21555	Skyiron Shan`Tok	1185
8738	21557	Skyiron Sheer Blade	1186
8739	10462	Skyiron Sheet	1036
8740	13926	Slashed Militia Tunic	1149
8741	31304	Sledge of Smashing	581
8742	3045	Sleek Black Cape	661
8743	27265	Sleeper's Key	1080
8744	13808	Sleeve Pattern	504
8745	12043	Sleeves Sectional Mold	1151
8746	25523	Sleeves of Conjuration	634
8747	11968	Sleeves of the Ancients	543
8748	25516	Sleeves of the Bonecaster	634
8749	25407	Sleeves of the Invoker	634
8750	24730	Sleeves of the Kelpmaidens	634
8751	5736	Slick Leather Courier`s Cape	659
8752	20655	Slime Blood of Cazic Thule	526
8753	7223	Slime Coated Harpoon	776
8754	6335	Slime Crystal Staff	811
8755	14523	Slime filled potion	586
8756	3564	Slippers of the Silent Stalker	666
8757	11969	Slithinis's Shield	606
8758	12508	Slowstone Amber	951
8759	4312	Sludged Girdle	533
8760	29653	A Sly Summoner Doll	720
8761	6871	Sly Summoners Boots	633
8762	6866	Sly Summoners Crown	1124
8763	6869	Sly Summoners Gloves	636
8764	6870	Sly Summoners Pants	635
8765	6865	Sly Summoners Robe	930
8766	6867	Sly Summoners Sleeves	634
8767	6868	Sly Summoners Wristguard	516
8768	18767	Small, Folded Note	504
8769	17003	Small Bag	539
8770	3071	Small Banded Belt	562
8771	3076	Small Banded Boots	545
8772	3073	Small Banded Bracer	620
8773	3070	Small Banded Cloak	661
8774	3074	Small Banded Gauntlets	526
8775	3067	Small Banded Gorget	627
8776	3065	Small Banded Helm	625
8777	3075	Small Banded Leggings	540
8778	3068	Small Banded Mail	527
8779	3069	Small Banded Mantle	769
8780	3066	Small Banded Mask	770
8781	3072	Small Banded Sleeves	543
8782	12033	Small Belt Sectional Mold	1151
8783	12865	Small Black Boots	633
8784	12861	Small Black Gloves	636
8785	12860	Small Black Sleeves	634
8786	12859	Small Black Trousers	635
8787	12858	Small Black Tunic	632
8788	12864	Small Black Wristbands	637
8789	16900	Small Block of Clay	1135
8790	12028	Small Boot Mold	1151
8791	16939	Small Bowl	858
8792	17006	Small Box	609
8793	12005	Small Bracer Sectional Mold	1151
8794	22027	Small Breastplate Mold	1151
8795	10485	Small Brick of Adamantite	1138
8796	10487	Small Brick of Brellium	1138
8797	10441	Small Brick of Enchanted Ore	1138
8798	10468	Small Brick of High Quality Ore	1138
8799	10467	Small Brick of Medium Quality Ore	1138
8800	10483	Small Brick of Mithril	1138
8801	10501	Small Brick of Ore	1135
8802	10460	Small Brick of Skyiron	1138
8803	10396	Small Brick of Unrefined Ore	1138
8804	22093	Small Brick of Velium	1138
8805	4224	Small Bronze Boots	524
8806	4221	Small Bronze Bracers	516
8807	4216	Small Bronze Breastplate	624
8808	4215	Small Bronze Collar	626
8809	4222	Small Bronze Gauntlets	531
8810	4219	Small Bronze Girdle	549
8811	4223	Small Bronze Greaves	540
8812	4213	Small Bronze Helm	550
8813	4214	Small Bronze Mask	772
8814	4217	Small Bronze Pauldron	798
8815	4220	Small Bronze Vambraces	622
8816	9009	Small Buckler	759
8817	22064	Small Buckler Mold	1151
8818	3013	Small Chain Coif	625
8819	3019	Small Chainmail Belt	562
8820	22211	Small Chainmail Boot Pattern	504
8821	3021	Small Chainmail Bracelet	620
8822	22208	Small Chainmail Bracelet Pattern	504
8823	3018	Small Chainmail Cape	661
8824	22205	Small Chainmail Cloak Pattern	504
8825	3016	Small Chainmail Coat	538
8826	22200	Small Chainmail Coif Pattern	504
8827	22209	Small Chainmail Glove Pattern	504
8828	3022	Small Chainmail Gloves	526
8829	3017	Small Chainmail Mantle	769
8830	22204	Small Chainmail Mantle Pattern	504
8831	3015	Small Chainmail Neckguard	627
8832	22202	Small Chainmail Neckguard Pattern	504
8833	22210	Small Chainmail Pant Pattern	504
8834	22206	Small Chainmail Skirt Pattern	504
8835	22207	Small Chainmail Sleeve Pattern	504
8836	22203	Small Chainmail Tunic Pattern	504
8837	22201	Small Chainmail Veil Pattern	504
8838	19128	Small Chunk of Velium	507
8839	19124	Small Clam	998
8840	17960	Small Clay Jar	1006
8841	12032	Small Cloak Sectional Mold	1151
8842	1013	Small Cloth Cap	639
8843	1018	Small Cloth Cape	656
8844	1015	Small Cloth Choker	500
8845	1019	Small Cloth Cord	572
8846	1022	Small Cloth Gloves	517
8847	1023	Small Cloth Pants	631
8848	1024	Small Cloth Sandals	666
8849	1017	Small Cloth Shawl	665
8850	1016	Small Cloth Shirt	678
8851	1020	Small Cloth Sleeves	670
8852	1014	Small Cloth Veil	677
8853	1021	Small Cloth Wristband	638
8854	17203	Small Coin Purse	582
8855	12061	Small Container Base Mold	1151
8856	12068	Small Container Lid Mold	1151
8857	16956	Small Deity Sketch	861
8858	26005	Small Dragonbone Shard	1182
8859	17090	Small Embroidered Sack	582
8860	22055	Small Field Splinted Cloak Mold	1151
8861	21024	Small Fine Plate Boots	524
8862	21021	Small Fine Plate Bracer	516
8863	21015	Small Fine Plate Collar	626
8864	21022	Small Fine Plate Gauntlets	531
8865	21019	Small Fine Plate Girdle	549
8866	21023	Small Fine Plate Greaves	540
8867	21013	Small Fine Plate Helm	550
8868	21017	Small Fine Plate Pauldron	798
8869	21020	Small Fine Plate Vambraces	622
8870	21014	Small Fine Plate Visor	772
8871	21018	Small Fine Splinted Cloak	663
8872	21016	Small Fine Steel Breastplate	624
8873	12091	Small Gauntlet Mold	1151
8874	12004	Small Gorget Mold	1151
8875	8052	Small Groove Nocks	977
8876	12029	Small Helm Mold	1151
8877	3020	Small Iron Armplates	543
8878	3024	Small Iron Boots	545
8879	3023	Small Iron Legplates	540
8880	3014	Small Iron Mask	770
8881	1043	Small Iron Torque	535
8882	3114	Small Iron Visor	770
8883	16951	Small Jar Sketch	861
8884	9012	Small Kite Shield	676
8885	22067	Small Kite Shield Mold	1151
8886	13003	Small Lantern	684
8887	2019	Small Leather Belt	564
8888	2024	Small Leather Boots	633
8889	2018	Small Leather Cloak	660
8890	2022	Small Leather Gloves	636
8891	2015	Small Leather Gorget	643
8892	2023	Small Leather Leggings	635
8893	2014	Small Leather Mask	771
8894	2017	Small Leather Shoulderpads	668
8895	2013	Small Leather Skullcap	640
8896	2020	Small Leather Sleeves	634
8897	2016	Small Leather Tunic	632
8898	2021	Small Leather Wristbands	637
8899	12035	Small Leggings Sectional Mold	1151
8900	12064	Small Mail Sectional Mold	1151
8901	10125	Small Mammoth Tusks	807
8902	2688	Small Manisi Plant	911
8903	12031	Small Mantle Sectional Mold	1151
8904	12030	Small Mask Mold	1151
8905	17963	Small Metal Container	1144
8906	12405	Small Mosquito Wing	910
8907	21325	Small Ornate Chain Boots	545
8908	21322	Small Ornate Chain Bracelet	620
8909	21319	Small Ornate Chain Cloak	661
8910	21314	Small Ornate Chain Coif	625
8911	21323	Small Ornate Chain Gloves	526
8912	21316	Small Ornate Chain Gorget	627
8913	21324	Small Ornate Chain Leggings	540
8914	21317	Small Ornate Chain Mail	527
8915	21318	Small Ornate Chain Mantle	769
8916	21320	Small Ornate Chain Skirt	562
8917	21321	Small Ornate Chain Sleeves	543
8918	21315	Small Ornate Chain Veil	770
8919	2124	Small Patchwork Boots	633
8920	2118	Small Patchwork Cloak	660
8921	2123	Small Patchwork Pants	635
8922	2120	Small Patchwork Sleeves	634
8923	2116	Small Patchwork Tunic	632
8924	20972	Small Pick	768
8925	22229	Small Piece of High Quality Ore	1135
8926	22228	Small Piece of Mithril	1135
8927	10500	Small Piece of Ore	1135
8928	22569	Small Piece of Velium	1135
8929	22024	Small Plate Belt Mold	1151
8930	22020	Small Plate Boot Mold	1151
8931	22019	Small Plate Bracer Mold	1151
8932	22030	Small Plate Gauntlet Mold	1151
8933	4022	Small Plate Gauntlets	531
8934	4019	Small Plate Girdle	549
8935	22018	Small Plate Gorget Mold	1151
8936	22026	Small Plate Greaves Mold	1151
8937	22021	Small Plate Helm Mold	1151
8938	22023	Small Plate Pauldron Mold	1151
8939	22025	Small Plate Vambrace Mold	1151
8940	22022	Small Plate Visor Mold	1151
8941	4013	Small Platemail Helm	550
8942	2093	Small Portal Fragments	1031
8943	10513	Small Power Source	1027
8944	16937	Small Protection Deity	1007
8945	2155	Small Raw-hide Belt	564
8946	2160	Small Raw-hide Boots	633
8947	2154	Small Raw-hide Cloak	660
8948	2158	Small Raw-hide Gloves	636
8949	2151	Small Raw-hide Gorget	643
8950	2159	Small Raw-hide Leggings	635
8951	2150	Small Raw-hide Mask	771
8952	2153	Small Raw-hide Shoulderpads	668
8953	2149	Small Raw-hide Skullcap	640
8954	2156	Small Raw-hide Sleeves	634
8955	2152	Small Raw-hide Tunic	632
8956	2157	Small Raw-hide Wristbands	637
8957	2255	Small Reinforced Belt	564
8958	2260	Small Reinforced Boots	633
8959	2254	Small Reinforced Cloak	660
8960	2254	Small Reinforced Cloak	660
8961	2258	Small Reinforced Gloves	636
8962	2251	Small Reinforced Gorget	643
8963	2259	Small Reinforced Leggings	635
8964	2250	Small Reinforced Mask	771
8965	2241	Reinforced Shoulderpads	668
8966	2249	Small Reinforced Skullcap	640
8967	2256	Small Reinforced Sleeves	634
8968	2252	Small Reinforced Tunic	632
8969	2257	Small Reinforced Wristbands	637
8970	16938	Small Resisting Deity	1007
8971	3119	Small Ringmail Belt	562
8972	3124	Small Ringmail Boots	545
8973	3121	Small Ringmail Bracelet	620
8974	3118	Small Ringmail Cape	661
8975	3116	Small Ringmail Coat	538
8976	3113	Small Ringmail Coif	625
8977	3122	Small Ringmail Gloves	526
8978	3117	Small Ringmail Mantle	769
8979	3115	Small Ringmail Neckguard	627
8980	3123	Small Ringmail Pants	540
8981	3120	Small Ringmail Sleeves	543
8982	0	Small Ringmail Visor	770
8983	9010	Small Round Shield	542
8984	22065	Small Round Shield Mold	1151
8985	20970	Small Ruby	964
8986	20999	Small Sapphire	963
8987	2177	Small Scarab Boots	779
8988	2176	Small Scarab Breastplate	624
8989	2175	Small Scarab Helm	629
8992	17908	Small Sewing Kit	892
8993	20809	Small Shield	542
8994	12034	Small Sleeves Sectional Mold	1151
8995	4218	Small Splinted Bronze Cloak	663
8996	4018	Small Splinted Cloak	663
8997	4021	Small Steel Bracers	516
8998	4016	Small Steel Breastplate	624
8999	4015	Small Steel Collar	626
9000	4023	Small Steel Greaves	540
9001	4014	Small Steel Mask	772
9002	4017	Small Steel Pauldron	798
9003	4024	Small Steel Plate Boots	524
9004	2042	Small Steel Torque	643
9005	4020	Small Steel Vambraces	622
9006	20631	Small Stone Key	1081
9007	2219	Small Studded Belt	564
9008	2224	Small Studded Boots	633
9009	2218	Small Studded Cloak	660
9010	2222	Small Studded Gloves	636
9011	2215	Small Studded Gorget	643
9012	2223	Small Studded Leggings	635
9013	2214	Small Studded Mask	771
9014	2217	Small Studded Shoulderpads	668
9015	2213	Small Studded Skullcap	640
9016	2220	Small Studded Sleeves	634
9017	2216	Small Studded Tunic	632
9018	2221	Small Studded Wristbands	637
9019	9011	Small Targ Shield	676
9020	22066	Small Targ Shield Mold	1151
9021	2119	Small Tattered Belt	564
9022	13713	A Small Tattered Dress	1149
9023	2122	Small Tattered Gloves	636
9024	2115	Small Tattered Gorget	643
9025	2114	Small Tattered Mask	771
9026	2117	Small Tattered Shoulderpads	668
9027	2113	Small Tattered Skullcap	640
9028	2121	Small Tattered Wristbands	637
9029	9013	Small Tower Shield	676
9030	22068	Small Tower Shield Mold	1151
9031	30158	Small Velium Bracers	516
9032	30153	Small Velium Breastplate	624
9033	30152	Small Velium Collar	626
9034	30159	Small Velium Gauntlets	531
9035	30156	Small Velium Girdle	549
9036	30160	Small Velium Greaves	540
9037	30150	Small Velium Helm	550
9038	30151	Small Velium Mask	772
9039	30154	Small Velium Pauldron	798
9040	30161	Small Velium Plate Boots	524
9041	30155	Small Velium Splint Cloak	663
9042	4220	Small Bronze Vambraces	622
9043	16941	Small Wisdom Deity	1007
9044	12168	Small Wooden Leg	919
9045	9014	Small Wooden Shield	542
9046	20482	Small bit of Mithril Ore	1092
9047	4183	Small Crafted Pauldron	798
9048	20036	Small rusty key	1081
9049	31422	A Smashed Protector of Zek's Head	920
9050	7052	Smithing Chisel	732
9051	10489	Smithy Hammer	567
9052	12058	Smoker Base Mold	1151
9053	20363	Smoked Glass Key	1080
9054	13470	Smoked Shark	814
9055	13469	Smoked Wood Elf	915
9056	13431	Smoker	1014
9057	12058	Smoker Base Mold	1151
9058	16957	Smoker Sketch	861
9059	12067	Smoker Support Mold	1151
9060	7231	Smokey Quartz Dagger	575
9061	1136	Smolder	847
9062	6692	Smoldering Brand	559
9063	10894	Smoldering Cudgel	738
9064	14089	Smoldering Cyanide	806
9065	13088	Snake Egg	871
9066	16495	Snake Egg Oil	1006
9067	13067	Snake Fang	801
9068	1052	Snake Fang Necklace	502
9069	13412	Snake Meat	817
9070	20397	Snake Pickles	1018
9071	13070	Snake Scales	813
9072	20396	Snake Steak	816
9073	14016	Snake Venom	806
9074	14017	A Snake Venom Sac	818
9075	16832	Snakes Head Iris	1196
9076	2305	Snakeskin Gloves	636
9077	2306	Snakeskin Jerkin	632
9078	2307	Snakeskin Mask	771
9079	14810	Snaorf's Medallion	566
9080	13922	Snapped Pole	749
9081	9779	Snapper Oil	1006
9082	10609	Snow Blossoms	721
9083	30099	Snow Bunny Meat	925
9084	0	Snow Bunny Pelt	552
9085	0	Snow Bunny Stew	1016
9086	1429	Snow Griffin Egg	871
9087	30084	Snow Griffin Feather	1146
9088	1428	Snow Griffin Souffle	1021
9089	30083	Snow Griffin Talon	1067
9090	25310	Snow Spider Legs	1089
9091	25571	Snow Storm Mask	771
9092	16557	Snowcap Amanita	854
9093	16822	Snowfall Algae	1074
9094	11561	Sode of Empowerment	668
9095	1315	Soft Leather Boots	633
9096	1342	Soft Leather Shoes	633
9097	1486	Soft Wicker Belt	564
9098	1491	Soft Wicker Boots	633
9099	1485	Soft Wicker Cloak	660
9100	1489	Soft Wicker Gloves	636
9101	1482	Soft Wicker Gorget	643
9102	1480	Soft Wicker Helm	640
9103	1490	Soft Wicker Leggings	635
9104	1481	Soft Wicker Mask	771
9105	1484	Soft Wicker Shoulderpads	668
9106	1487	Soft Wicker Sleeves	634
9107	1483	Soft Wicker Tunic	632
9108	1488	Soft Wicker Wristbands	637
9109	20462	Softly Glowing Stone	960
9110	12282	Soil of Underfoot	539
9111	2363	Soiled Boots	525
9112	1757	Soiled Evoker's Robe	931
9113	17977	Sol Cauldron	1017
9114	5133	Soldier's Pike	736
9115	12902	Soldier's Pike Head	1101
9116	12476	Soldier Head Plans	864
9117	11686	Solidate Mithril Ring	872
9118	14740	Solist's Icy Wand	810
9119	0	Solist's Robe of Invocation	838
9120	31228	Solist`s Earring of Insight	756
9121	20372	Solusek Mining Company Invoice	860
9122	5378	Solvedi Scimitar	604
9123	14052	Solvent Gangrene	806
9124	20820	Songbird Statuette	895
9125	2194	Songshawl	665
9126	2710	Songweaver's Mantle	668
9127	27256	Sontalak's Talisman	510
9128	16550	Soot Hemlock	1196
9129	12638	Sop Bark	1084
9130	25513	Sorcerer's Boots	633
9131	25507	Sorcerer's Circlet	1124
9132	25511	Sorcerer's Gloves	636
9133	25512	Sorcerer's Pantaloons	635
9134	25508	Sorcerer's Robe	931
9135	25509	Sorcerer's Sleeves	634
9136	25510	Sorcerer's Wristband	1044
9137	4266	Sorcerer Skullcap	1070
9138	29207	Sorcerous Bowl	1248
9139	18129	Sorin's Tasty Kills	778
9140	18128	Sorin's Treats on the Go	778
9141	27846	Sorrowsong Boots	524
9142	5504	SoulFire	519
9143	6645	Soul Binder	688
9144	14095	Soul Burn	806
9145	29328	Soul Defiler	588
9146	11609	Soul Leech, Dark Sword of Blood	519
9147	6977	Soul Orb	507
9148	3543	Soul Shepherd	686
9149	17803	Soul Trap	608
9150	20478	Soulbound Hammer	567
9151	17051	Soulcase	958
9152	2099	Soulfiend Lance	740
9153	6979	Soulforge Hammer	567
9154	29129	Sparkling Soul Necklace	752
9155	4356	Sparring Arm Guards	670
9156	4359	Sparring Clogs	666
9157	4352	Sparring Collar	643
9158	4351	Sparring Facemask	677
9159	4357	Sparring Grappler Gloves	636
9160	4353	Sparring Harness	564
9161	4350	Sparring Headgear	639
9162	4355	Sparring Rib Pad	562
9163	4358	Sparring Shin Guards	631
9164	4354	Sparring Shoulder Pads	665
9165	7003	Spear	776
9166	22087	Spear Head Mold	1151
9167	7205	Spear of Constriction	740
9168	10651	Spear of Fate	1187
9169	7241	Spear of Mortification	1187
9170	30000	Spear of Winter	776
9171	1070	Speckled Granite Pebble	956
9172	20466	Speckled Molded Mushroom	1206
9173	14946	Speckled Toadstool	854
9174	12101	A Spectacle	644
9175	11972	Spectral Bow	597
9176	12947	Spectral Pestle	732
9177	2731	Spectral Shroud	839
9178	30447	Spell: Aegolism	504
9179	19368	Spell: Boon of Immolation	504
9180	30474	Spell: Boon of the Garou	504
9181	19360	Spell: Call of the Hero	504
9182	19272	Spell: Cannibalize III	504
9183	19473	Spell: Cannibalize IV	504
9184	30413	Spell: Corpal Empathy	504
9185	19269	Spell: Cripple	504
9186	30460	Spell: Death Peace	504
9187	30403	Spell: Elemental Maelstrom	504
9188	30421	Spell: Enticement of Flame	504
9189	30432	Spell: Focus of Spirit	504
9190	30431	Spell: Form of the Great Bear	504
9191	19496	Spell: Gangrenous Touch of Zum`uul	504
9192	15624	Spell: Lesser Conjuration: Earth	504
9193	15692	Spell: Life Leech	504
9194	19297	Spell: Minion of Shadows	504
9195	19346	Spell: Scintillation	504
9196	19490	Spell: Shroud of Undeath	504
9197	19238	Spell: Spirit of Scale	504
9198	19264	Spell: Talisman of Jasinth	504
9199	19299	Spell: Thrall of Bones	504
9200	30443	Spell: Turning of the Unnatural	504
9201	19357	Spell: Vocarate: Air	504
9202	19355	Spell: Vocarate: Fire	504
9203	10520	Sphere of Unrest	507
9204	2712	Sphinx-Hide Mantle	668
9205	20724	Sphinx Claw	801
9206	20871	Sphinx Crown	523
9207	14554	Sphinx Eye Amulet	753
9208	20997	Sphinx Eye Opal	959
9209	1277	Sphinx Hair Cord	572
9210	14560	Sphinx Heart Amulet	1043
9211	20839	Sphinx Hide	553
9212	20862	Sphinx Tallow	1017
9213	20993	Sphinxian Circlet	1054
9214	20709	Sphinxian Ring	614
9215	15757	Spiced Cinnamon Powder	1074
9216	13425	Spices	881
9217	1453	Spicy Ulthork Meat	815
9218	25609	Spider Fang Choker	548
9219	25312	Spider Fur-Lined Boots	525
9220	25294	Spider Fur Belt	564
9221	25293	Spider Fur Cloak	839
9222	25295	Spider Fur Collar	643
9223	25311	Spider Fur Gloves	636
9224	13417	Spider Legs	1089
9225	13041	Spider Silk	782
9226	14015	Spider Venom	806
9227	13253	Spiderling Eye	885
9228	13254	Spiderling Legs	1089
9229	13099	Spiderling Silk	782
9230	12045	Spiked Ball Mold	1151
9231	2304	Spiked Collar	643
9232	14758	Spiked Goblin Ring	617
9233	24753	Spiked Seahorse Hide Belt	562
9234	30248	Spiked Steel Wrap	719
9235	14051	Spine Break	808
9236	30144	Spine Chill Spear	1187
9237	7239	Spine Piercer	742
9238	14798	Spine Poison Extract	1158
9239	11663	Spined Dragon Claws	975
9240	24742	Spined Seahorse Hide Breastplate	621
9241	31352	Spinning Orb of Confusion	507
9242	25362	Spirit Caller's Boots	524
9243	25359	Spirit Caller's Bracer	516
9244	25357	Spirit Caller's Breastplate	624
9245	25360	Spirit Caller's Gauntlets	531
9246	25361	Spirit Caller's Greaves	540
9247	25356	Spirit Caller's Helm	746
9248	25358	Spirit Caller's Vambraces	622
9249	14767	Spirit Caller Beads	500
9250	17303	Spirit Pouch	884
9251	2578	Spirit Reaver	576
9252	26022	Spirit Talker's Headdress	548
9253	26042	Spirit Talker's War Lance	776
9254	14045	Spirit Tome	777
9255	25464	Spirit Weaver's Boots	524
9256	25461	Spirit Weaver's Bracer	516
9257	25459	Spirit Weaver's Breastplate	624
9258	25458	Spirit Weaver's Coif	625
9259	25462	Spirit Weaver's Gauntlets	531
9260	25463	Spirit Weaver's Greaves	540
9261	25460	Spirit Weaver's Vambraces	622
9262	5723	Spirit Wracked Cord	1118
9263	6477	Spirit Wracked Urn	688
9264	14091	Spirit of Sloth	806
9265	2198	Spiritguard	1007
9266	20844	Spiritualist`s Ring	674
9267	20975	Spiroc Air Totem	894
9268	14555	Spiroc Banisher Focus	895
9269	20733	Spiroc Battle Staff	1083
9270	16973	Spiroc Bone Dust	1075
9271	20855	Spiroc Earth totem	894
9272	20867	Spiroc Elder's Totem	894
9273	20782	Spiroc Feathers	1146
9274	2715	Spiroc Healer's Cloak	659
9275	20812	Spiroc Healing Totem	894
9276	20721	Spiroc Peace Totem	894
9277	20989	Spiroc Sky Totem	894
9278	20954	Spiroc Statuette	895
9279	20799	Spiroc Talon	1067
9280	20856	Spiroc Thunder Totem	894
9281	0	Spiroc Warhammer	567
9282	20977	Spiroc Wind Totem	894
9283	20679	Spiroc Wingblade	588
9284	17947	Spit	1014
9285	9407	Spitestone Shield	976
9286	4206	Splinted Bronze Cloak	663
9287	4006	Splinted Cloak	663
9288	19127	Splinter of Frozen Shadow	507
9289	20361	Splintered Wooden Key	1081
9290	6017	Splintering Club	737
9291	2283	Split Paw Hide Belt	564
9292	2280	Split Paw Hide Gloves	636
9293	2282	Split Paw Hide Mask	771
9294	2281	Split Paw Hide Tunic	632
9295	14708	Split Paw Tooth Necklace	501
9296	12635	Sponge Mushroom	854
9297	1832	Spool of Sacred Coldain Thread	1140
9298	10614	A Spoon	618
9299	1842	Sporali Defender's Blade	1168
9300	1841	Sporali Gloves	636
9301	10257	Spores of Forgetfulness	854
9302	1843	Sporestrand Shield	972
9303	10265	Sprig of Wormwood	583
9304	16856	Spriket	836
9305	14512	Spring Crystal	507
9306	6616	Springwood Club	737
9307	6642	Springwood Stave	601
9308	24621	Sprinkler of Suffering	578
9309	31373	Sprinkler of the Spirits	741
9310	16859	Sprockets	731
9311	29065	A Spy Report	864
9312	16868	Spyglass	1141
9313	13935	Squad Ring	675
9314	13935	Squad Ring	675
9315	1905	Squallsurge Shawl	664
9316	29678	Square Helm	747
9317	5122	Squire's Khukri	1174
9318	31244	Ssra`s Bloodstone Eyepatch	595
9319	6002	Staff	601
9320	13827	Staff Segment	601
9321	6637	Staff of Battle	601
9322	11081	Staff of Dark Reflections	602
9323	11028	Staff of Discord	887
9324	11568	Staff of Elemental Mastery: Air	811
9325	11567	Staff of Elemental Mastery: Earth	811
9326	11566	Staff of Elemental Mastery: Fire	811
9327	11569	Staff of Elemental Mastery: Water	811
9328	0	Staff of Endless Adventure	1172
9329	6306	Staff of Fire	601
9330	11608	Staff of Forbidden Rites	887
9331	14339	Staff of Gabstik	887
9332	24628	Staff of Null	887
9333	6342	Staff of Temperate Flux	601
9334	11650	Staff of The Magister	811
9335	11662	Staff of Undead Legions	887
9336	6404	Staff of Writhing	887
9337	13697	Staff of the Abattoir Initiate	601
9338	30511	Staff of the Chamberlain	602
9339	6681	Staff of the Dreaded Gaze	602
9340	11649	Staff of the Earthcrafter	1083
9341	1173	Staff of the Elder Claws	601
9342	14341	Staff of the Four	2870
9343	2568	Staff of the Moribund Spirits	602
9344	1156	Staff of the Morning Dew	601
9345	10171	Staff of the Observers	602
9346	10650	Staff of the Serpent	2865
9347	31326	Staff of the Silent Star	811
9348	0	Staff of the Spiritcharmer	602
9349	6686	Staff of the Waterwalker	601
9350	14360	Staff of the Wheel	811
9351	5712	Stained Cloth Mask	528
9352	28011	Stained Parchment Bottom	864
9353	28010	Stained Parchment Top	864
9354	13595	Stained Purple Robe*	928
9355	13584	Stained Red Robe*	931
9356	25606	Stalagterror Spine Spear	1187
9357	13793	Stald's Badge	646
9358	16875	Stalking Probe	1026
9359	8087	Standard Bow Cam	1097
9360	12059	Standing Legs Mold	1151
9361	28014	Stanos' Pouch	722
9362	22139	Star Reach Clover	1073
9363	10021	Star Rose Quartz	950
9364	10032	Star Ruby	961
9365	10048	Star Ruby Earring	1048
9366	14361	Star of Eyes	961
9367	10059	Star of Odus	963
9368	5165	Star of the Guardian	578
9369	1869	Starmetal Ore	1033
9370	16882	Static Orb	767
9371	6610	Stave of Shielding	601
9372	14956	Steamfont Spring Water	830
9373	12073	Steel Boning	1034
9374	4009	Steel Bracers	516
9375	4004	Steel Breastplate	624
9376	4003	Steel Collar	626
9377	4011	Steel Greaves	540
9378	7207	Steel Hilted Flint Dagger	1165
9379	30979	Steel Knuckles	975
9380	16854	Steel Lined Gloves	518
9381	4002	Steel Mask	772
9382	4005	Steel Pauldron	798
9383	4012	Steel Plate Boots	524
9384	12471	Steel Rod	732
9385	2039	Steel Torque	643
9386	4008	Steel Vambraces	622
9387	13229	Steel Warrior Bracer	637
9388	22535	Steel Wire	1140
9389	25036	Steel Wristband of Strategy	521
9390	25677	Steelsilk Boots	524
9391	25674	Steelsilk Bracers	516
9392	25669	Steelsilk Breastplate	624
9393	25671	Steelsilk Cloak	663
9394	25668	Steelsilk Collar	626
9395	25675	Steelsilk Gauntlets	531
9396	25676	Steelsilk Greaves	540
9397	25666	Steelsilk Helm	746
9398	25667	Steelsilk Mask	772
9399	25670	Steelsilk Pauldron	798
9400	25673	Steelsilk Vambraces	622
9401	25672	Steelsilk Waistband	549
9402	19742	Stein	709
9403	16547	A Stein	708
9404	25577	Stein of Bitter Cold	708
9405	12802	Stein of Flowing Ichor	708
9406	6359	Stein of Moggok	709
9407	14748	Stein of Tears	709
9408	6363	Stein of Ulissa	708
9409	12276	Stem of Candlestick	732
9410	16512	Sticklewort	795
9411	14075	Stiffening Ergot	806
9412	7312	Stiletto of the Bloodclaw	575
9413	16519	Stinging Nettle	795
9414	20973	Stone Amulet	566
9415	10120	Stone Bracelet	509
9416	10122	Stone Circlet	509
9417	10121	Stone Collar	509
9418	10543	A Stone Marker	967
9419	0	Stone Silk	782
9420	11954	Stone Thunder	903
9421	10331	Stone Totem	895
9422	31863	Stone of Gnoming	966
9423	14720	Stone of Morid	967
9424	22757	Stonefish	787
9425	12827	Stoneglint Lime Plume	1146
9426	12755	Stoneleer Emerald Plume	1146
9427	14761	Stonemelder's Band	501
9428	30372	Stonewood Mail	538
9429	22801	Storm Giant Meat	817
9430	19990	Storm Giant Steak	816
9431	19990	Storm Giant Steak	816
9432	29124	Storm Giant Toes	1094
9433	20740	Storm Sky Opal	960
9434	30053	Stormfeather Talons	975
9435	21526	Stormguard Battle Axe	1167
9436	21527	Stormguard Battle Axe of Brell	1167
9437	21534	Stormguard Battle Hammer	567
9438	21535	Stormguard Battle Hammer of Brell	567
9439	22545	Stormguard Root Beer	711
9440	6654	Stormwood Battle Staff	602
9441	14819	Streaven's Head	984
9442	19985	A Strange Dark Fungus	819
9443	12942	Strange Ochre Clay	1095
9444	12343	Strange Tiger Pelt	833
9445	12384	Strange Writing on a Bookmark	867
9446	16548	A Strategic Map of Kithicor	504
9447	10255	Strathbone Anti-Venom	699
9448	9028	Strathbone Shell Shield	970
9449	12957	Strathbone Silk	782
9450	11545	Straw Spun Belt	548
9451	14819	Streaven's Head	984
9452	24070	Strength of the Elements	798
9453	30296	Strong Raptor Gut	572
9454	30295	Strong Wooden Branch	749
9455	27200	Stronghorn's Horn	1219
9456	2207	Studded Belt	564
9457	2212	Studded Boots	633
9458	2218	Small Studded Cloak	660
9459	27422	A Studded Coin Purse	722
9460	2210	Studded Gloves	636
9461	2203	Studded Gorget	643
9462	2316	Studded Leather Collar	643
9463	30243	Studded Leather Wolf Collar	643
9464	2211	Studded Leggings	635
9465	2202	Studded Mask	771
9466	2205	Studded Shoulderpads	668
9467	2201	Studded Skullcap	640
9468	2208	Studded Sleeves	634
9469	2204	Studded Tunic	632
9470	2209	Studded Wristbands	637
9471	29116	Student's Homework	862
9472	18455	Student's Log	865
9473	12072	Studs	1032
9474	15908	Study Rune (Azia)	967
9475	15909	Study Rune (Beza)	967
9476	15920	Study Rune (Complete)	967
9477	18190	Study of Ethereal Suspension	865
9478	18051	Stupendous Tome	778
9479	16839	Succulent Sap	739
9480	10715	Sullied Two Handed Sword	519
9481	14237	Sumbul	1200
9482	8990	Summoned: A Firework	1025
9483	8991	Summoned: Ale	710
9484	8316	Summoned: Arrow	598
9485	8318	Summoned: Arrow of Marr	598
9486	13081	Summoned: Bandages	812
9487	13078	Summoned: Black Bread	832
9488	8992	Summoned: Cake	914
9489	10291	Summoned: Coldlight	948
9490	10323	Summoned: Coldstone	1043
9491	7305	Summoned: Dagger	592
9492	7310	Summoned: Dagger of Symbols	592
9493	17304	Dimensional Pocket	884
9494	10295	Summoned: Firefly Globe	507
9495	10293	Summoned: Globe of Stars	507
9496	13079	Summoned: Globe of Water	584
9497	10290	Summoned: Halo of Light	1124
9498	6313	Summoned: Hammer of Requital	567
9499	6309	Summoned: Hammer of Striking	567
9500	6307	Summoned: Hammer of Wrath	567
9501	10310	Summoned: Heatstone	1056
9502	8319	Summoned: Knife of Luclin	591
9503	6346	Summoned: Modulating Rod	821
9504	1348	Summoned: Muzzle of Mardu	770
9505	10405	Summoned: Ring of Levitation	617
9506	30275	Summoned: Shard of the Core	948
9507	8333	Summoned: Shuriken of Quellious	681
9508	7313	Summoned: Snake Fang	801
9509	7309	Summoned: Spear of Warding	776
9510	8993	Summoned: Spinning Bottle	828
9511	6332	Summoned: Staff of Runes	601
9512	6333	Summoned: Staff of Symbols	601
9513	6330	Summoned: Staff of Tracing	601
9514	6331	Summoned: Staff of Warding	601
9515	5319	Summoned: Sword of Runes	590
9516	8317	Summoned: Throwing Dagger	591
9517	10342	Summoned: Waterstone	946
9518	10294	Summoned: Wisp Stone	962
9519	25425	Summoner's Boots	633
9520	25419	Summoner's Circlet	523
9521	25423	Summoner's Gloves	636
9522	25424	Summoner's Pantaloons	635
9523	25420	Summoner's Robe	930
9524	25421	Summoner's Sleeves	634
9525	25422	Summoner's Warband	516
9526	11550	Sunderfury	736
9527	6882	Super Sweet Fishing Grubs	926
9528	13857	Superb Bear Hide	554
9529	13856	Superb Lion Skin	555
9530	13855	Superb Wolf Hide	553
9531	3604	Supple Black Cloak	661
9532	1618	Supple Scale Armband	1055
9533	1778	Supplier's Head	989
9534	14904	Surefall Sap	788
9535	12415	Surgical Cleaver	573
9536	12416	Surgical Saw	604
9537	6345	Survival Staff	1083
9538	14093	Susceptible Essence	806
9539	16980	Suspension	599
9540	19192	Swamp Vegetables	1011
9541	5613	Swarmcaller	1176
9542	26011	Swarmer Pincers	588
9543	10185	Swatch of Cryosilk	782
9544	14038	Sweet Lathyris	808
9545	20966	Sweet Nectar	1006
9546	20465	Sweetened Mudroot	583
9547	25203	Swiftblade of Zek	1170
9548	6953	Swiftclaw Sash	938
9549	12498	Swiftmoon's Head	984
9550	20487	Swiftwind	2875
9551	22523	Swirling Mist	694
9552	20494	Swirling Sphere of Color	507
9553	2471	Swirlspine Belt	564
9554	1737	Swollen Flesh	823
9555	10822	Sword Breaker	1183
9556	25320	Sword of Blessings	1169
9557	25319	Sword of Pain	1211
9558	24648	Sword of Rile	1171
9559	5151	Sword of Skyfire	1195
9560	5158	Sword of the Morning	577
9561	24617	Sword of the Shissar	575
9562	7019	Swordfish Bill	740
9563	1853	Swordfish tooth	1137
9564	14957	Sylvan Berries	911
9565	1155	Sylvani Leaf	911
9566	20878	Symbol of Achievement	1002
9567	20648	Symbol of Insanity	648
9568	4304	Symbol of Loyalty to Vox	516
9569	12800	Symbol of Marr	1058
9570	1223	Symbol of Tunarian Worship	671
9571	20847	Symbol of Veeshan	646
9572	5647	Symphonic Saber	580
9573	14772	Sythrax Building Plans	504
9574	2348	Syythrak Hide Vest	632
9575	13306	T.O.L. 2020	1081
9576	17048	Tackle Box	730
9577	17123	Tae Ew Hide Sack	884
9578	13024	Tagglefoot Tingle Drink	717
9579	19190	Tail Kicker Lager	584
9580	5060	Tailor-made Whip	596
9581	17084	Tailored Large Bag	539
9582	17083	Tailored Large Belt Pouch	561
9583	17804	Tailored Quiver	725
9584	17047	Tailored Small Bag	539
9585	17085	Tailored Wrist Pouch	667
9586	18117	Tailoring	778
9587	18117	Tailoring	778
9588	18149	Tailoring Quivers	504
9589	1459	Tainted Avalanche Ale	585
9590	5228	Tainted Battleworn Morning Star	741
9591	29001	Tainted Darksteel Breastplate	624
9592	29002	Tainted Darksteel Shield	758
9593	29000	Tainted Darksteel Sword	577
9594	5113	Tainted Steel Bastard Sword	577
9595	2743	Talisen, Bow of the Trailblazer	1104
9596	29687	Talisman of Benevolence	728
9597	29123	Talisman of Vhal Sera	1002
9598	13173	Tallaherd's Tax Payment	645
9599	20511	Tallow-marked Candle	1127
9600	18077	Talon Southpaw	778
9601	22827	Tanglewood Shield	758
9602	1560	Tanik's note	868
9603	1560	Tanik's note	868
9604	5819	Tanned Iksar Hide Leggings	631
9605	18505	Tanned Split Paw Skin	682
9606	18501	Tanned Split Paw Skin (lore)	863
9607	26036	Tantor's Tusk	1219
9608	1703	Tar goo strands	1222
9609	16555	Tares Lichen	1200
9610	9003	Targ Shield	676
9611	22061	Targ Shield Mold	1151
9612	32614	Targishin's Bone Mask	528
9613	5043	Tarnished Axe	569
9614	5048	Tarnished Bastard Sword	577
9615	5046	Tarnished Battle Axe	569
9616	5044	Tarnished Broad Sword	605
9617	12269	A Tarnished Bronze Key	1077
9618	7021	Tarnished Dagger	592
9619	5075	Tarnished Fer`Esh	1174
9620	6032	Tarnished Flail	741
9621	0	Tarnished Halberd	736
9622	5045	Tarnished Long Sword	590
9623	6030	Tarnished Mace	578
9624	5041	Tarnished Mining Pick	768
9625	6033	Tarnished Morning Star	741
9626	7023	Tarnished Rapier	762
9627	5047	Tarnished Scimitar	604
9628	5049	Tarnished Scythe	579
9629	5073	Tarnished Shan`Tok	1185
9630	5077	Tarnished Sheer Blade	1186
9631	5042	Tarnished Short Sword	580
9632	7022	Tarnished Shortened Spear	740
9633	7024	Tarnished Spear	776
9634	5071	Tarnished Two Handed Battle Axe	568
9635	5070	Tarnished Two Handed Sword	519
9636	6031	Tarnished Warhammer	567
9637	13179	Tassen's Tax Payment	645
9638	1257	Tattered Arm Wrappings	634
9639	2107	Tattered Belt	564
9640	18885	A Tattered Cloth Note	504
9641	1038	Tattered Cloth Sandal	761
9642	5780	Tattered Flesh Veil	771
9643	2110	Tattered Gloves	636
9644	16853	Tattered Gnomish Cloak	931
9645	2103	Tattered Gorget	643
9646	0	Tattered Journal Page 1	864
9647	0	Tattered Journal Page 2	864
9648	0	Tattered Journal Page 3	864
9649	17600	A Tattered Leather Pouch	539
9650	1258	Tattered Leg Wrappings	655
9651	11975	Tattered Mantle	668
9652	2102	Tattered Mask	771
9653	18067	A Tattered Memo	504
9654	28055	Tattered Parchment	868
9655	18940	A Tattered Recipe	504
9656	17036	Tattered Sack from Rinmark	691
9657	18219	A Tattered Scroll	864
9658	2105	Tattered Shoulderpads	668
9659	24980	Tattered Silk Boots	525
9660	24983	Tattered Silk Gloves	517
9661	24978	Tattered Silk Pantaloons	631
9662	24977	Tattered Silk Robe	1126
9663	24979	Tattered Silk Sleeves	670
9664	24982	Tattered Silk Turban	1121
9665	24981	Tattered Silk Wristband	638
9666	2101	Tattered Skullcap	640
9667	1256	Tattered Tomb Shroud	1126
9668	12337	A Tattered Toupee	553
9669	2109	Tattered Wristbands	637
9670	12911	Tattooed Sarnak Head	996
9671	17012	Tax Collection Box	609
9672	14915	Tea Leaves	795
9673	29115	Teacher's Syllabus	860
9674	1864	Teachings of Gkrean	860
9675	1898	Teachings of Relinar	860
9676	20805	Tear of Quellious	966
9677	13108	Tearon's Bracer	516
9678	28040	Tears of Erollisi	963
9679	11806	Tears of Prexus	699
9680	21178	Teir`Dal Adamantite Boots	524
9681	21238	Teir`Dal Adamantite Boots	524
9682	21238	Teir`Dal Adamantite Boots	524
9683	21175	Teir`Dal Adamantite Bracers	516
9684	21235	Teir`Dal Adamantite Bracers	516
9685	21235	Teir`Dal Adamantite Bracers	516
9686	21170	Teir`Dal Adamantite Breastplate	624
9687	21230	Teir`Dal Adamantite Breastplate	624
9688	21230	Teir`Dal Adamantite Breastplate	624
9689	21172	Teir`Dal Adamantite Cloak	663
9690	21232	Teir`Dal Adamantite Cloak	663
9691	21232	Teir`Dal Adamantite Cloak	663
9692	21169	Teir`Dal Adamantite Collar	626
9693	21229	Teir`Dal Adamantite Collar	626
9694	21229	Teir`Dal Adamantite Collar	626
9695	21176	Teir`Dal Adamantite Gauntlets	531
9696	21236	Teir`Dal Adamantite Gauntlets	531
9697	21236	Teir`Dal Adamantite Gauntlets	531
9698	21173	Teir`Dal Adamantite Girdle	549
9699	21233	Teir`Dal Adamantite Girdle	549
9700	21233	Teir`Dal Adamantite Girdle	549
9701	21177	Teir`Dal Adamantite Greaves	540
9702	21177	Teir`Dal Adamantite Greaves	540
9703	21237	Teir`Dal Adamantite Greaves	540
9704	21237	Teir`Dal Adamantite Greaves	540
9705	21167	Teir`Dal Adamantite Helm	550
9706	21227	Teir`Dal Adamantite Helm	550
9707	21227	Teir`Dal Adamantite Helm	550
9708	21171	Teir`Dal Adamantite Pauldron	798
9709	21231	Teir`Dal Adamantite Pauldron	798
9710	21231	Teir`Dal Adamantite Pauldron	798
9711	21174	Teir`Dal Adamantite Vambraces	622
9712	21234	Teir`Dal Adamantite Vambraces	622
9713	21234	Teir`Dal Adamantite Vambraces	622
9714	21168	Teir`Dal Adamantite Visor	772
9715	21228	Teir`Dal Adamantite Visor	772
9716	21228	Teir`Dal Adamantite Visor	772
9717	0	Teir`Dal Blood Pact	864
9718	3283	Teir`Dal Chain Coif	625
9719	3285	Teir`Dal Chain Neckguard	627
9720	3284	Teir`Dal Chain Veil	770
9721	21482	Teir`Dal Chainmail Boots	545
9722	3291	Teir`Dal Chainmail Bracelet	620
9723	3288	Teir`Dal Chainmail Cape	661
9724	3292	Teir`Dal Chainmail Gloves	526
9725	3293	Teir`Dal Chainmail Leggings	540
9726	3287	Teir`Dal Chainmail Mantle	769
9727	3289	Teir`Dal Chainmail Skirt	562
9728	3290	Teir`Dal Chainmail Sleeves	543
9729	3286	Teir`Dal Chainmail Tunic	538
9730	12514	Teir`Dal Courier's Head	989
9731	19065	Teir`Dal Crate	608
9732	23376	Teir`Dal Dragoon Shield	676
9733	13388	Teir`Dal Head	989
9734	1060	Teir`Dal Robe Red	930
9735	31823	Teir`Dal Sai	1214
9736	12738	A Teir`Dal Sooth Doll	1007
9737	10479	Teir`Dal Smithy Hammer	567
9738	12831	Tektite	963
9739	29500	Telescopic Eyepatch	595
9740	18873	Telryd's Expansive Writ	778
9741	18872	Telryd's Writ	778
9742	27082	Tempered Velium Battle Axe	1166
9743	27042	Tempered Velium Claidhmore	1211
9744	27092	Tempered Velium Knuckledusters	1179
9745	27064	Tempered Velium War Lance	742
9746	27006	Tempered Velium Warsword	575
9747	25397	Templar's Boots	524
9748	25394	Templar's Bracer	516
9749	25392	Templar's Chestplate	624
9750	25391	Templar's Crown	523
9751	25395	Templar's Gauntlets	531
9752	25396	Templar's Leggings	540
9753	25393	Templar's Vambraces	622
9754	14084	Temporal Rot	806
9755	20684	Tenal`s note to Kargek	861
9756	5310	Tentacle Whip	596
9757	13387	Tergon's Spellbook	778
9758	14108	Terror Forged Mask	528
9759	19041	Terror Spines	1033
9760	16499	Terrorantula Silk	782
9761	22092	Terrorantula Swatch	823
9762	18508	Tesch Val Compilation	865
9763	7049	Tesch Val Sinisch	776
9764	13991	Testament of Vanear	865
9765	18828	Testimony	504
9766	18827	A Testimony of Truth	504
9767	1322	Thaumaturgist's Robe	838
9768	12213	The Baker	1070
9769	12460	The Book of Knowledge	778
9770	30146	The Broken Glacier Souvenir Mug	709
9771	12214	The Butcher	1070
9772	10860	The Butcherblock Hammer	567
9773	12215	The Captain	1070
9774	12461	The Code of Combat	778
9775	18090	The Crafty Tailor	778
9776	18055	The Crusade of 1312 A.G.	778
9777	18882	The End of an Age	778
9778	0	The Freeport Observer Vol. 8 No. 1	860
9779	3887	The History of the Greenmist	789
9780	25195	The Horn of Hsagra	800
9781	0	The Icy Mug Souvenir	709
9782	12317	The Idol	893
9783	18194	The Legend of Full Plate	778
9784	12216	The Minstrel	1070
9785	12363	The Oblong Bottle	826
9786	10615	The One Key	1077
9787	2883	The Prime Healer's Bulwark	624
9788	11802	The Scent of Marr	599
9789	24608	The Scimitar of Lifestealing	1168
9790	1115	The Skull of Torture	1070
9791	18026	The Thornless Rose	504
9792	0	The Velium Keg Collectors Mug	709
9793	7324	The Visceral Dagger	1186
9794	18874	The Wizard's Canon	778
9795	27709	Thelvorn, Blade of Light	575
9796	2395	Theodore's Confession	683
9797	5519	Theologian Claymore	603
9798	16870	Thermal Cloak	656
9799	11692	Theurgist	578
9800	27718	Theurgist's Star	578
9801	13353	Thex Dagger	592
9802	13390	Thex Mallet	567
9803	14329	Thick Amber Potion	585
9804	2406	Thick Banded Belt	549
9805	2335	Thick Black Cape	660
9806	1595	Thick Caustic Fluid	698
9807	22571	Thick Caustic Liquid	1157
9808	17060	Thick Glass Jar	1006
9809	13756	Thick Grizzly Bear Skin	554
9810	12900	Thick Iksar Skull	1070
9811	2470	Thick Leather Apron	564
9812	20969	Thickened Nectar	1006
9813	12057	Thimble Mold	1151
9814	25090	Thin Banded Belt	549
9815	22075	Thin Blade Mold	1151
9816	14509	Thin Boned Wand	809
9817	18654	Third Riddle for the Troll	504
9818	30045	Third part of an Iceclad Map	869
9819	1418	Thoridain's Napkin	870
9820	27704	Thornstinger	574
9821	6608	Thorny Blackjack	737
9822	16827	Thorny Ergot	1200
9823	4897	Thorny Vine Boots	524
9824	4894	Thorny Vine Bracer	516
9825	4892	Thorny Vine Chestplate	624
9826	4895	Thorny Vine Gauntlets	531
9827	4896	Thorny Vine Greaves	540
9828	4891	Thorny Vine Helm	746
9829	4893	Thorny Vine Vambraces	622
9830	20034	Three Toothed Key	1078
9831	5611	Throneblade of the Ykesha	1171
9832	8008	Throwing Axe	573
9833	22084	Throwing Axe Mold	1151
9834	8013	Throwing Boulder	591
9835	8001	Throwing Knife	591
9836	22081	Throwing Knife Mold	1151
9837	8002	Throwing Spear	740
9838	19986	Thubr's Darkened Ale	830
9839	12501	Thulian Wand	810
9840	22752	Thullian Mudskipper	774
9841	31206	Thunder Etched Gauntlets	526
9842	31207	Thunder Etched Pauldrons	798
9843	31210	Thunder Runed Dagger	592
9844	31209	Thunder Runed Great Sword	1171
9845	31205	Thunder Runed War Spear	1187
9846	22751	Thunder Salmon	786
9847	6357	Thunder Staff	602
9848	14568	Thunderforged Earring	619
9849	14914	Thunderhoof Mushroom	854
9850	17352	Thunderhoof Quiver	725
9851	31331	Thunderstone	507
9852	12388	Ticket Stub	867
9853	2375	Tiger Hide Gloves	636
9854	13762	Tiger Skin	833
9855	24830	Tigeraptor Belt	564
9856	24835	Tigeraptor Boots	633
9857	24829	Tigeraptor Cloak	660
9858	24833	Tigeraptor Gloves	636
9859	24826	Tigeraptor Gorget	643
9860	22844	Tigeraptor Hide	833
9861	24834	Tigeraptor Leggings	635
9862	24825	Tigeraptor Mask	771
9863	24828	Tigeraptor Shoulderpads	668
9864	24824	Tigeraptor Skullcap	640
9865	24831	Tigeraptor Sleeves	634
9866	24827	Tigeraptor Tunic	632
9867	24832	Tigeraptor Wristbands	637
9868	25347	Tijoely's Bracelet	1071
9869	25346	Tijoely's Dancing Rapier	762
9870	25348	Tijoely's Earring	757
9871	14980	Timorous Tuna	775
9872	12791	Timorous Coconut	1000
9873	17045	Tin Box	1144
9874	12763	Tink N' Babble Stein	708
9875	1132	Tinker Wrench	567
9876	16871	Tinkered Catapult	1028
9877	30049	Tinkered Rope	572
9878	17033	Tinmizer's Stupendous Contraption	1112
9879	17202	Tiny Coin Purse	582
9880	14782	A Tiny Collar	643
9881	13080	Tiny Dagger	592
9882	1665	Tiny Gem	961
9883	12732	Tiny Glowing Skull	1070
9884	9962	Tiny Jade Inlaid Coffin	1142
9885	12351	A Tiny Key	1077
9886	20674	Tiny Lute	551
9887	2088	Tiny Pouch of Bone Dice	539
9888	20795	Tiny Ruby	964
9889	25556	Tiny Velium Gargoyle	895
9890	14782	A Tiny Collar	643
9891	2365	Tishan's Kilt	843
9892	6984	Titan Blessed Bokken	1189
9893	6983	Titan Blessed Tachi	1169
9894	6982	Titan Blessed Tanto	591
9895	29603	Titans Fist	567
9896	30252	Tizmak Leggings	635
9897	30253	Tizmak Sleeves	634
9898	30251	Tizmak Tunic	632
9899	17971	Toala's Box for heads	608
9900	11052	Tobrin's Mystical Eyepatch	595
9901	12144	Token of Bravery	646
9902	13865	Token of Generosity	646
9903	13866	Token of Truth	645
9904	4542	Tolan's Darkwood Boots	524
9905	4539	Tolan's Darkwood Bracer	516
9906	4537	Tolan's Darkwood Breastplate	624
9907	4540	Tolan's Darkwood Gauntlets	531
9908	4541	Tolan's Darkwood Greaves	540
9909	4536	Tolan's Darkwood Helm	746
9910	4538	Tolan's Darkwood Vambraces	622
9911	31225	Tolan`s Longsword of the Glade	590
9912	1624	Tolapumj's Robe	838
9913	7238	Tombcarver	575
9914	17018	Tome Binder	865
9915	0	Tome of Dark Healing	860
9916	31436	Tome of Elemental Cognizance	865
9917	31437	Tome of Elemental Contemplation	865
9918	31438	Tome of Elemental Thought	865
9919	31435	Tome of Elemental Understanding	865
9920	17500	Tome of Endless Enchantments	777
9921	18087	Tome of Instruction	778
9922	14759	Tome of Miragul	789
9923	18700	Tome of Order and Discord	777
9924	18032	Tome of Tesh	778
9925	14719	Tome of the Eternal	789
9926	18031	Tome of the Wheel	778
9927	6631	Ton Po's Bo Stick of Understanding	601
9928	1281	Ton Po's Eye Patch	595
9929	1283	Ton Po's Shoulder Wraps	665
9930	12743	Ton Warrior Totem	894
9931	17902	Toolbox	730
9932	12077	Toolbox Mold	1151
9933	31602	Tooth of the Cobalt Scar	801
9934	31600	Tooth of the Great Divide	801
9935	31601	Tooth of the Wakening Lands	801
9936	13232	Top of Broken Staff	601
9937	13738	Top of a Fractured Rune	967
9938	10025	Topaz	954
9939	14657	Topaz Electrum Earring	1042
9940	14656	Topaz Silver Necklace	1043
9941	0	Topaz Velium Necklace	1043
9942	2320	Topknot Headband	640
9943	13002	Torch	547
9944	6362	Torch of Alna	559
9945	20532	Torch of Misty	559
9946	20534	Torch of Rathe	559
9947	20533	Torch of Ro	559
9948	28007	Torch of the Elements	559
9949	0	Torklar's Battle Hammer	903
9950	19070	Torn, Frost covered book	865
9951	19071	Torn, burnt book	865
9952	13570	Torn Brown Shirt*	678
9953	13507	Torn Cloth Tunic*	678
9954	24952	Torn Enchanted Silk Boots	633
9955	24955	Torn Enchanted Silk Gloves	517
9956	24950	Torn Enchanted Silk Pantaloons	631
9957	24949	Torn Enchanted Silk Robe	1126
9958	24951	Torn Enchanted Silk Sleeves	670
9959	24954	Torn Enchanted Silk Turban	1121
9960	24953	Torn Enchanted Silk Wristband	638
9961	13785	Torn Old Pouch	539
9962	28000	Torn Page of Magi`kot pg. 1	504
9963	28001	Torn Page of Magi`kot pg. 2	504
9964	28002	Torn Page of Magi`kot pg. 3	504
9965	28029	Torn Page of Mastery Earth	864
9966	28027	Torn Page of Mastery Fire	864
9967	28030	Torn Page of Mastery Water	864
9968	28028	Torn Page of Mastery Wind	864
9969	13718	Torn Parchment	864
9970	12812	Torn Sash	933
9971	12412	Torn Tapestry	790
9972	13593	Torn Training Robe*	940
9973	30013	Torque of Hoar Frost	757
9974	29672	Totem of Disruption	720
9975	20681	Totem of Fiery War	894
9976	20680	Totem of the Freezing War	895
9977	10581	Totem of the Warrior Spirit	895
9978	10584	Totem of the Wizened Spirits	893
9979	4941	Totemic Boots	524
9980	4945	Totemic Bracers	516
9981	4946	Totemic Breastplate	624
9982	4948	Totemic Cloak	663
9983	4942	Totemic Gauntlets	531
9984	4944	Totemic Greaves	540
9985	4947	Totemic Helm	746
9986	4943	Totemic Vambraces	622
9987	27414	Tovaxs Necklace	850
9988	5630	Tower Guard's Blade	519
9989	9005	Tower Shield	676
9990	22063	Tower Shield Mold	1151
9991	17987	Tracker's Water Extractor	1239
9992	12687	Training Bag Husk	565
9993	15904	Training Rune (Azia)	967
9994	15905	Training Rune (Beza)	967
9995	15918	Training Rune (Complete)	967
9996	17055	Traitor's Bane Box	1144
9997	14807	Traitor's Heart	1003
9998	6472	Traitor's note	864
9999	1067	Trakanasaur Hide Gloves	636
10000	1065	Trakanasaur Hide Leggings	635
10001	1066	Trakanasaur Hide Sleeves	634
10002	1064	Trakanasaur Hide Tunic	632
10003	7276	Trakanon's Tooth	800
10004	12796	Trakanon Fern Root	583
10005	20883	Trakanon Idol	894
10006	11983	Trakasaur's Tooth	574
10007	6639	Tranquil Staff	601
10008	18961	Translated Parchment	682
10009	31418	Transparent Eyepatch	595
10010	2702	Transparent Mask	771
10011	1740	Traveler's Boots	764
10012	17301	Travelers Pack	884
10013	17300	Travelers Pouch	884
10014	8091	Treant Bow Staff	601
10015	12344	Treant Fists	636
10016	6300	Treant Staff	602
10017	12801	Treant Tear	618
10018	17702	Treasure Hunter`s Satchel	691
10019	22701	Treble Hook	522
10020	0	Tree Snake Fang	801
10021	11974	Tree Weave	632
10022	0	Treeflayer	573
10023	22138	Tri-Fern Leaf	1199
10024	30502	Tri-Plated Golden Hackle Hammer	567
10025	4920	Tribal War Boots	545
10026	4200	Tribal War Mask	771
10027	31308	Trident of the Deep Sea	1163
10028	7510	Trident of the Seven Seas	1163
10029	1416	Trita's Napkin	870
10030	1539	Triumphant Mask	1063
10031	1297	Triumvirate Missionary Robe	838
10032	5078	Trochilic's Skean	2456
10033	2464	Troll-Hide Belt	560
10034	2464	Troll-hide Belt	560
10035	12017	Troll Cookie Mold	1151
10036	12200	Troll Head	996
10037	13413	Troll Parts	817
10038	13485	Troll Shaped Cookie	785
10039	13435	Troll Shaped Cookie Cutter	1008
10040	16911	Troll Template	861
10041	5134	Trooper's Pike	736
10042	12903	Trooper's Pike Head	1101
10043	12477	Trooper Head Plans	864
10044	4983	Trooper Scale Boots	524
10045	4980	Trooper Scale Bracers	516
10046	4977	Trooper Scale Breastplate	624
10047	4981	Trooper Scale Gauntlets	531
10048	4982	Trooper Scale Greaves	540
10049	4976	Trooper Scale Helm	550
10050	4978	Trooper Scale Pauldron	798
10051	4979	Trooper Scale Vambraces	622
10052	12883	Trooper Shield	676
10053	25390	Troubadour's Boots	524
10054	25387	Troubadour's Bracer	516
10055	25385	Troubadour's Breastplate	624
10056	25388	Troubadour's Gauntlets	531
10057	25389	Troubadour's Greaves	540
10058	25384	Troubadour's Helm	746
10059	25386	Troubadour's Vambraces	622
10060	31414	True Mithril Breastplate	624
10061	9403	Trueheart Shield	805
10062	8401	Trueshot Longbow	1024
10063	11565	Truesight Hammer	567
10064	31407	Truesight Helmet	628
10065	10874	Truesilver Mail Boots	524
10066	10871	Truesilver Mail Bracelets	516
10067	10868	Truesilver Mail Coif	550
10068	10872	Truesilver Mail Gloves	531
10069	10873	Truesilver Mail Pants	540
10070	10869	Truesilver Mail Shirt	624
10071	10870	Truesilver Mail Sleeves	622
10072	14563	Truewind Earring	1042
10073	13773	Trumpet Valves	594
10074	6638	Truncheon of Doom	567
10075	1686	Trunt's Head	920
10076	11682	Truvinan	519
10077	11691	Truwian Baton	822
10078	29121	Tserrina's Staff	887
10079	29122	Tserrina's Symbol	645
10080	29126	Tserrina's Whip	596
10081	20039	Tserrina's Key	1077
10082	29127	Tserrina`s Robe	930
10083	26037	Tsiraka's Claws	975
10084	0	Tsu Shaman Powder	1075
10085	19131	Tuft of Dire Wolf Fur	556
10086	12114	Tumpy Tonic	1029
10087	12360	Tunare's Finest	788
10088	8950	Tunarean Signet Ring	1041
10089	14327	Tunareberry	1037
10090	11563	Tunarian Scimitar	604
10091	30080	Tundra Kodiak Meat	817
10092	30079	Tundra Kodiak Paw	743
10093	30078	Tundra Kodiak Tooth	800
10094	30086	Tundra Mammoth Tail	1132
10095	30085	Tundra Mammoth Tusk	807
10096	1425	Tundrabear Sandwich	1020
10097	13804	Tunic Pattern	504
10098	1765	Tunic of Ridossan	621
10099	18145	Turgan's Note	778
10100	8331	Turmoil Warts	1106
10101	13979	Turnip	923
10102	10017	Turquoise	946
10103	1411	Turquoise Eyepatch	595
10104	10100	Turtleshell Helm	629
10105	25087	Tuuak's Fishgutter	574
10106	25088	Tuuak's Fishing Pole	749
10107	31355	Tvenken`s Slippers of Silence	666
10108	2360	Twice-Woven Cloak	532
10109	10557	Twice-Woven Silk	790
10110	20658	Twisted Bone Earring	907
10111	29655	A Twisted Druid Doll	720
10112	9632	Twisted Nature Armband	622
10113	9636	Twisted Nature Boots	524
10114	9633	Twisted Nature Bracer	516
10115	9630	Twisted Nature Chestguard	624
10116	9631	Twisted Nature Crown	1124
10117	9634	Twisted Nature Gloves	531
10118	9635	Twisted Nature Leggings	540
10119	29607	Twisted Oaken Staff	602
10120	11952	A Twisted Stalk	1222
10121	31383	Twisted Steel Bastard Sword	577
10122	31382	Twisted Steel Gauntlets	518
10123	14099	Twisting Disorientation	806
10124	5012	Two Handed Battle Axe	568
10125	6005	Two Handed Hammer	567
10126	5631	Two Handed Practice Sword	519
10127	5005	Two Handed Sword	519
10128	22820	Typhoon, Sword of the Tidalwave	890
10129	27210	Uiliak`s Talisman	510
10130	1755	Uliorn's Fishing Pole	749
10131	30092	Ulthork Hide	554
10132	30122	Ulthork Hide Arms	634
10133	30125	Ulthork Hide Boots	633
10134	30127	Ulthork Hide Bracer	637
10135	30129	Ulthork Hide Collar	643
10136	30128	Ulthork Hide Gloves	636
10137	30123	Ulthork Hide Legs	635
10138	30124	Ulthork Hide Skullcap	642
10139	30126	Ulthork Hide Tunic	632
10140	30093	Ulthork Meat	817
10141	1427	Ulthork Meat Pie	1019
10142	24874	Ulthork Tusks	807
10143	30100	Ulthork Whiskers	794
10144	4847	Umbral Platemail Boots	524
10145	4844	Umbral Platemail Bracer	516
10146	4842	Umbral Platemail Breastplate	624
10147	4845	Umbral Platemail Gauntlets	531
10148	4846	Umbral Platemail Greaves	540
10149	4841	Umbral Platemail Helm	746
10150	4843	Umbral Platemail Vambraces	622
10151	24956	Unadorned Breastplate	624
10152	24966	Unadorned Chain Boots	844
10153	24967	Unadorned Chain Bracer	620
10154	24968	Unadorned Chain Coif	625
10155	24969	Unadorned Chain Gauntlets	846
10156	24964	Unadorned Chain Leggings	630
10157	24965	Unadorned Chain Sleeves	543
10158	24963	Unadorned Chain Tunic	538
10159	24973	Unadorned Leather Boots	633
10160	24974	Unadorned Leather Bracelet	637
10161	24975	Unadorned Leather Cap	640
10162	24976	Unadorned Leather Gloves	636
10163	24971	Unadorned Leather Leggings	635
10164	24972	Unadorned Leather Sleeves	634
10165	24970	Unadorned Leather Tunic	632
10166	24959	Unadorned Plate Boots	545
10167	24960	Unadorned Plate Bracer	671
10168	24962	Unadorned Plate Gauntlets	531
10169	24957	Unadorned Plate Greaves	540
10170	24961	Unadorned Plate Helmet	746
10171	24958	Unadorned Plate Vambraces	546
10172	13191	Uncooked Rat Ear Pie	783
10173	10191	Uncut Hyacinth	965
10174	6478	Undead Dragon Sinew	1118
10175	20526	Undead Dragongut Strings	853
10176	6526	Undead Froglok Spine	1132
10177	16532	Undead Froglok Tongue	1087
10178	19967	Underfoot Brown	979
10179	19972	Underfoot Mushroom	854
10180	12361	Underfoot Triple Bock	826
10181	13772	Unfinished Brass Trumpet	594
10182	13775	Unfinished Lute Body	551
10183	13776	Unfinished Lute Neck	551
10184	0	Unfired Animal Cookie Cutter	1008
10185	0	Unfired Barbarian Cookie Cutter	1008
10186	16927	Unfired Cake Round	858
10187	16946	Unfired Ceramic Lining	609
10188	16918	Unfired Deity	1007
10189	0	Unfired Gnome Cookie Cutter	1008
10190	21610	Unfired Idol	1007
10191	16933	Unfired Large Bowl	858
10192	16916	Unfired Large Container	1006
10193	16886	Unfired Lined Poison Vial	861
10194	16929	Unfired Medium Bowl	858
10195	16915	Unfired Medium Container	1006
10196	16930	Unfired Mixing Bowl	858
10197	16928	Unfired Muffin Tin	609
10198	16926	Unfired Pie Tin	858
10199	16885	Unfired Poison Vial	861
10200	16917	Unfired Pot	1016
10201	1851	Unfired Rune	969
10202	16887	Unfired Sealed Poison Vial	861
10203	16913	Unfired Skewers	1034
10204	16925	Unfired Small Bowl	858
10205	16914	Unfired Small Container	1006
10206	16919	Unfired Smoker	1014
10207	0	Unfired Troll Cookie Cutter	1008
10208	1562	Unfired Velium Vial	1154
10209	12835	Unholy Coldstone	963
10210	10154	Unicorn Horn	1137
10211	10155	Unicorn Horn Fragments	1137
10212	22833	Unicorn Meat	817
10213	20668	Unjeweled Dragon Head Hilt	1231
10214	31399	Unopenable Box	1144
10215	12341	Unusual Tiger Pelt	833
10216	12251	Ursa Tresses	554
10217	16983	Urticating Hairs	853
10218	13591	Used Gold Training Tunic*	678
10219	1054	Used Merchants Gloves	517
10220	1419	Used Napkin	823
10221	1424	Used Pie Tin	1013
10222	13894	Useless Cloth Cap	639
10223	7471	Utensil Parts	716
10224	18120	Vaashar's Sweet Revenge	778
10225	18119	Vaashar's Sweet Treats	778
10226	5498	Vacra Av Svim	577
10227	1995	Vale Reinforced Belt	564
10228	2000	Vale Reinforced Boots	633
10229	1994	Vale Reinforced Cloak	660
10230	1998	Vale Reinforced Gloves	636
10231	1991	Vale Reinforced Gorget	643
10232	1999	Vale Reinforced Leggings	635
10233	1993	Vale Reinforced Mantle	668
10234	1990	Vale Reinforced Mask	771
10235	1989	Vale Reinforced Skullcap	640
10236	1996	Vale Reinforced Sleeves	634
10237	1992	Vale Reinforced Tunic	632
10238	1997	Vale Reinforced Wristbands	637
10239	17812	Vale Sewing Kit	892
10240	1983	Vale Studded Belt	564
10241	1988	Vale Studded Boots	633
10242	1982	Vale Studded Cloak	660
10243	1986	Vale Studded Gloves	636
10244	1979	Vale Studded Gorget	643
10245	1987	Vale Studded Leggings	635
10246	1978	Vale Studded Mask	771
10247	1981	Vale Studded Shoulderpads	668
10248	1977	Vale Studded Skullcap	640
10249	1984	Vale Studded Sleeves	634
10250	1980	Vale Studded Tunic	632
10251	1985	Vale Studded Wristbands	637
10252	14230	Valerian Root	583
10253	6970	Valley Spiritling Stone	507
10254	4857	Valorium Boots	524
10255	4854	Valorium Bracers	516
10256	4852	Valorium Chestplate	624
10257	4855	Valorium Gauntlets	531
10258	4856	Valorium Greaves	540
10259	4851	Valorium Helmet	746
10260	4853	Valorium Vambraces	622
10261	31234	Valtron`s Necklace of Wonder	1002
10262	25048	Vambraces of Avoidance	622
10263	31329	Vambraces of Discontent	543
10264	6826	Vambraces of Distraction	546
10265	31044	Vambraces of Forbidden Rites	622
10266	31809	Vambraces of Harmony	622
10267	3152	Vambraces of Ro	622
10268	25495	Vambraces of Stability	622
10269	31135	Vambraces of Twilight	622
10270	4923	Vambraces of the Fervent	622
10271	31184	Vambraces of the Myrmidon	622
10272	31816	Vambraces of the Righteous	622
10273	31802	Vambraces of the Untamed	622
10274	16837	Vampire Bat Saliva	1006
10275	26033	Vaniki's Heart	1003
10276	13126	Vasty Deep Ale	827
10277	13126	Vasty Deep Ale	827
10278	20918	Veeshan's Key	952
10279	20386	Vegetable Oil	1006
10280	13491	Vegetable Pie	1019
10281	20385	Vegetable Roughy	815
10282	13480	Vegetable Soup	1016
10283	13419	Vegetables	1011
10284	25083	Vehement Sword of Reivaj	1171
10285	3574	Veil of the Watcher	1062
10286	12780	Vein Worm	926
10287	12997	Veisha's Engagement Ring	1052
10288	12994	Veisha Fathomwalker's Head	987
10289	24613	Veldrak's Shortblade	1178
10290	16087	Velishoul's Tome Pg.43	869
10291	16088	Velishoul's Tome Pg.44	869
10292	16089	Velishoul's Tome Pg.67	869
10293	16091	Velishoul's Tome Pg.68	869
10294	16092	Velishoul's Tome Pg.75	869
10295	11700	Velishoul's Tome Pg. 108	869
10296	11701	A faded Velishoul's Tome Page	869
10297	11702	Velishoul's Tome Pg. 109	869
10298	16085	Velishoul's Tome Pg. 16	869
10299	16086	Velishoul's Tome Pg.17	869
10300	16087	Velishoul's Tome Pg. 43	869
10301	16088	Velishoul's Tome Pg. 44	869
10302	16089	Velishoul's Tome Pg. 67	869
10303	16091	Velishoul's Tome Pg. 68	869
10304	16092	Velishoul's Tome Pg. 75	869
10305	16093	Velishoul's Tome Pg. 76	869
10306	16082	Velishoul's Tome Pg. 8	869
10307	16083	Velishoul's Tome Pg. 9	869
10308	30320	Velium Amber Ring	1051
10309	22098	Velium Bar	1092
10310	27077	Velium Battle Axe	1166
10311	22565	Velium Bits	1031
10312	30310	Velium Bloodstone Earring	1048
10313	30298	Velium Blue Diamond Bracelet	513
10314	30165	Velium Bolt	598
10315	22568	Velium Boning	1034
10316	27047	Velium Brawl Stick	1175
10317	30316	Velium Carnelian Wedding Ring	1060
10318	27037	Velium Claidhmore	1211
10319	30164	Velium Coldain Insignia Ring	616
10320	25644	Velium Crawler Eye	859
10321	25566	Velium Crystal Staff	811
10322	30207	Velium Dagger	592
10323	1725	Velium Delivery Note	860
10324	30352	Velium Diamond Wedding Ring	1064
10325	30333	Velium Emerald Ring	1041
10326	25201	Velium Encrusted Gauntlets	531
10327	29636	Velium Etched Circlet	523
10328	1859	Velium Etched Rune	967
10329	30256	Velium Etched Stone Mace	1216
10330	30339	Velium Fire Wedding Ring	1060
10331	1692	Velium Focus	972
10332	25309	Velium Gargoyle Pieces	1234
10333	30206	Velium Great Staff	602
10334	30306	Velium Hematite Ring	1047
10335	24895	Velium Hound Fur	556
10336	24990	Velium Hound Fur Cap	640
10337	24898	Velium Hound Fur Cloak	657
10338	24992	Velium Hound Fur Moccasins	633
10339	30348	Velium Jacinth Wedding Ring	1060
10340	30314	Velium Jasper Ring	1051
10341	19977	Velium Keg Stout	827
10342	27087	Velium Knuckledusters	1179
10343	30302	Velium Lapis Lazuli Necklace	1043
10344	29503	Velium Lens	1129
10345	30200	Velium Long Sword	590
10346	30300	Velium Malachite Ring	1041
10347	26998	Velium Mastodon Fur	555
10348	26999	Velium Mastodon Fur Cloak	657
10349	31406	Velium Maul of Superiority	578
10350	30205	Velium Morning Star	741
10351	30312	Velium Onyx Bracelet	1057
10352	30334	Velium Opal Engagement Ring	1052
10353	30327	Velium Pearl Ring	613
10354	30331	Velium Peridot Ring	1041
10355	17513	Velium Purifier	1239
10356	30209	Velium Rapier	762
10357	22566	Velium Rings	1031
10358	0	Velium Rose Engagement Ring	1052
10359	1044	Velium Round Shield	972
10360	30346	Velium Ruby Veil	1062
10361	30344	Sapphire Velium Necklace	1043
10362	30203	Velium Scimitar	604
10363	25308	Velium Short Blade	580
10364	30202	Velium Short Sword	580
10365	8342	Velium Shuriken	681
10366	10425	Velium Smithy Hammer	567
10367	27036	Velium Spear	776
10368	4395	Velium Spear of Impaling	776
10369	29080	Velium Spider Leg	1089
10370	29130	Velium Spiked Skull Helm	628
10371	30340	Velium Star Ruby Veil	1062
10372	1705	Velium Studded Cloak	661
10373	22567	Velium Studs	1032
10374	31208	Velium Swiftblade	890
10375	8343	Velium Throwing Axe	573
10376	8340	Velium Throwing Knife	591
10377	8341	Velium Throwing Spear	740
10378	25278	Velium Torque	535
10379	30304	Velium Turquoise Bracelet	1044
10380	30201	Velium Two Handed Sword	519
10381	1561	Velium Vial	1155
10382	27057	Velium War Lance	742
10383	31204	Velium War Mask	772
10384	1583	Velium War Maul	581
10385	30246	Velium War Wolf Choker	627
10386	30204	Velium Warhammer	581
10387	27001	Velium Warsword	575
10388	0	Velium Wolf's Eye Necklace	1056
10389	1859	Velium etched rune	967
10390	1117	Velketor's Spell Book	777
10391	24704	Velvet-Trimmed Satin Robe	929
10392	1316	Velvet Choker	643
10393	2745	Venomous Axe of the Velium Brood	573
10394	14773	Venomous Parchment	504
10395	31828	Venomous Spikefish Poison Sac	820
10396	18039	Venril the Chief	778
10397	20932	Verdant Tessera	734
10398	10821	Veridix's Shortsword	1178
10399	31341	Verlekarnorm's Horn of Disaster	593
10400	3803	Vermiculated Armplates	543
10401	3807	Vermiculated Boots	844
10402	3804	Vermiculated Bracelet	620
10403	3801	Vermiculated Crown	523
10404	3805	Vermiculated Gloves	846
10405	3806	Vermiculated Leggings	845
10406	3802	Vermiculated Tunic	538
10407	25297	Vermilion Orb of Torrefaction	961
10408	25094	Vermilion Robe of Torrefaction	838
10409	27730	Vermilion Sky Ring	617
10410	17207	Very Large Coin Purse	582
10411	13351	A Very Large Pelt	554
10412	6838	A Very Rusty Dagger	574
10413	12377	Very Tiny Crumpled Skeleton	804
10414	16523	Vetiver Root	795
10415	11557	Vexthorne	762
10416	29128	Vhal`Sera Skull Earring	619
10417	10253	Vial of Distilled Mana	1134
10418	16968	Vial Sketch	861
10419	10252	Vial of Clear Mana	1134
10420	10251	Vial of Cloudy Mana	1134
10421	12619	Vial of Datura Ink	1006
10422	10253	Vial of Distilled Mana	1134
10423	2643	Vial of Drachnid Blood	697
10424	14302	Vial of Egg Whites	585
10425	0	Vial of Halfling Blood	1157
10426	6976	Vial of Healing Liquid	1157
10427	10262	Vial of Infectious Disease	1006
10428	2063	Vial of Kromzek blood	1157
10429	1890	Vial of Noble's Blood	1157
10430	10254	Vial of Purified Mana	1134
10431	14301	Vial of Rabid Froth	585
10432	5752	Vial of Roiling Gas	1006
10433	14402	Vial of Swirling Smoke	695
10434	14440	Vial of Tamed Mercury	697
10435	14103	Vial of Tunare's Breath	599
10436	14323	Vial of Vampire Blood	698
10437	1553	Vial of Velium Vapors	1160
10438	10250	Vial of Viscous Mana	1134
10439	11668	Vibrating Gauntlets of Infuse	531
10440	11669	Vibrating Hammer of Infuse	581
10441	7218	Viik's Dark Defender	575
10442	31240	Viik`s Pauldrons of Pain	798
10443	5805	Vile Sarnak Brew	705
10444	29605	Vindication	519
10445	19100	Vineclinger Berries	795
10446	13428	Vinegar	1006
10447	1760	Violet Flame Lantern	728
10448	13621	Violet Jr Apprentice Robe*	929
10449	13625	Violet Sr Apprentice Robe*	929
10450	22141	Violet Tri-Tube Sap	582
10451	20979	Virulent Poison	1018
10452	1324	Visage of Life	1062
10453	14080	Visceral Rot	806
10454	14076	Visionistic Pain	806
10455	0	Visions of Sebilite	504
10456	27203	Vitaela's Talisman	510
10457	25137	Vluudeen's Tail	596
10458	16582	Vodka	585
10459	27225	Von's Talisman	510
10460	25281	Voucher for Mechanical Net	682
10461	12499	Voucher of Service to Naythox	504
10462	16515	Vox's Dust	795
10463	27207	Vraptin's Talisman	510
10464	19048	Vulcanized Platinum Bar	1135
10465	31301	Vyemm`s Fang	592
10466	31303	Vyemm`s Left Eye	507
10467	31302	Vyemm`s Right Eye	507
10468	31236	Vyrinn`s Earring of Insanity	522
10469	6952	Wakizashi of the Frozen Skies	890
10470	24733	Walrus Hide Pauldrons	668
10471	28509	Walrus Skin Drum	1152
10472	30107	Walrus Tooth	801
10473	29675	Walrusbone Shield	1246
10474	14160	Wand	809
10475	12507	Wand of Allure	810
10476	12500	Wand of Conflagration	810
10477	12505	Wand of Darkness	810
10478	12002	Wand of Frost Bolts	810
10479	10379	Wand of Ice	810
10480	12503	Wand of Lava	810
10481	10375	Wand of Mana Tapping	810
10482	12869	Wand of Pain	809
10483	10377	Wand of Shadow	809
10484	12504	Wand of Souls	810
10485	12506	Wand of Swiftness	810
10486	12502	Wand of Swords	810
10487	31396	Wand of the Black Dragon Eye	810
10488	13236	Wand of the Burning Dead	809
10489	25208	War Bow of Rallos Zek	1104
10490	24988	War Tactics of the Frostreavers	778
10491	30245	War Wolf Choker	627
10492	16535	Warbone Chips	804
10493	6009	Warclub	738
10494	1572	Warden Symbol of Tunare	852
10495	6603	Warding Star	578
10496	6006	Warhammer	567
10497	11611	Warhammer of Divine Grace	567
10498	27729	Warhammer of the Wind	567
10499	31069	Warlock's Boots	633
10500	31063	Warlock's Crown	523
10501	31067	Warlock's Gloves	636
10502	31068	Warlock's Pantaloons	655
10503	31064	Warlock's Robe	1126
10504	31065	Warlock's Sleeves	634
10505	31066	Warlock's Wristguard	637
10506	25439	Warlord's Boots	524
10507	25436	Warlord's Bracer	516
10508	25434	Warlord's Breastplate	624
10509	25433	Warlord's Crown	523
10510	25437	Warlord's Gauntlets	531
10511	25438	Warlord's Greaves	540
10512	25435	Warlord's Vambraces	622
10513	14774	Warlord Drawing Pen	755
10514	5137	Warlord Mancatcher	736
10515	14096	Warlords Rage	806
10516	20695	Warm Pulsing Treant Heart	1003
10517	20468	Warmly Glowing Stone	960
10518	7247	Warpainted Spear	575
10519	6020	Warped Great Staff	602
10520	1347	Warthread Kilt	843
10521	13141	Wasp Wing	910
10522	12441	Watcher Signal Torch	547
10523	14777	Watchman's Spectacles	1161
10524	12379	Watchman Boots	844
10525	6336	Water Crystal Staff	811
10526	11583	Water Dragon Scales	1088
10527	13006	Water Flask	584
10528	12778	Water Reed	583
10529	10546	Water Ring	616
10530	5532	Water Sprinkler of Nem Ankh	741
10531	6684	Water Sprinkler of the Forgiven	602
10532	1735	Waterlogged Flesh	823
10533	6678	Waters of Impenetrable Aura	602
10534	24724	Wavecrasher	1174
10535	12219	Wax Candle	1127
10536	24093	Wax Flower	721
10537	20673	Wax Sealed Note	866
10538	12723	Waz Skull	1070
10539	22774	Weary Wrass	775
10540	16561	Wedding Cake	1065
10541	16563	Wedding Cake Slice	1066
10542	16563	Wedding Cake Slice	1066
10543	13980	Wee Harvester	891
10544	6341	Weeping Wand	810
10545	2924	Weight of the Gods	642
10546	30982	Weighted Gloves	636
10547	27084	Weighted Velium Battle Axe	1166
10548	27019	Weighted Velium Battlehammer	567
10549	27052	Weighted Velium Brawl Stick	1175
10550	5050	Well-Balanced Long Sword	590
10551	7020	Well-Balanced Rapier	762
10552	5051	Well-Balanced Scimitar	604
10553	5053	Well-Balanced Two-Handed Axe	568
10554	5052	Well-Balanced Two-Handed Sword	519
10555	17049	Wenglawks Manly Purse	717
10556	2326	Werewolf-hide Jerkin	632
10557	13715	Werewolf Claws	743
10558	13714	Werewolf Pelt	556
10559	2401	Werewolf Skin Cloak	842
10560	13746	Werewolf Talon	1089
10561	12789	Wet Clay	1135
10562	30050	Whale Bone	905
10563	16479	Whip Pattern	504
10564	14734	Whip of Strangulation	596
10565	12681	Whipped Hunkle Pear Pie	783
10566	10212	Whirling Agate	955
10567	10211	Whirling Amber	951
10568	10206	Whirling Bloodstone	947
10569	10209	Whirling Carnelian	962
10570	10205	Whirling Crystal	968
10571	10204	Whirling Hematite	767
10572	10208	Whirling Jasper	949
10573	10202	Whirling Lapis Lazuli	945
10574	10201	Whirling Malachite	944
10575	10207	Whirling Onyx	956
10576	10210	Whirling Quartz	950
10577	10203	Whirling Turquoise	946
10578	7246	Whistling Dagger	575
10579	20958	White-tipped Spiroc Feather	1146
10580	19174	White Algae	703
10581	31201	White Bear Pelt Cloak	839
10582	17810	White Cauldron	1016
10583	16560	White Chocolate	1129
10584	16573	White Chocolate Cookies	1086
10585	16574	White Chocolate Muffins	1105
10586	1788	A White Cod Card	651
10587	29648	White Dragon Helm	625
10588	31465	White Dragon Idol	895
10589	25199	White Dragon Scale Sash	718
10590	11602	White Dragon Scales	1088
10591	31466	White Dragon Statue	895
10592	11605	White Dragon Tooth	801
10593	29645	White Dragonscale Boots	633
10594	11603	White Dragonscale Cloak	657
10595	6815	White Flower of Functionality	721
10596	9511	A White Gift Box	836
10597	20857	White Gold Earring	535
10598	10147	White Gold Necklace	752
10599	10110	White Headband	932
10600	16552	White Hellebore	1200
10601	16558	White Lead	1075
10602	31191	White Lotus Arm Wraps	634
10603	31190	White Lotus Chest Wraps	838
10604	31189	White Lotus Headband	938
10605	31194	White Lotus Pants	635
10606	31195	White Lotus Slippers	666
10607	31192	White Lotus Wrist Wraps	637
10608	10602	White Paper	504
10609	1138	White Resistance Stone	966
10610	2923	White Satin Gloves	517
10611	30232	White Scaled Leggings	635
10612	30231	White Scaled Tunic	678
10613	25302	White Spider Fur	552
10614	20960	White Spiroc Feather	1146
10615	31250	White Symbol	967
10616	31261	White Tear	734
10617	10130	White Training Sash	932
10618	13031	White Wine	788
10619	2346	White Wolf-hide Cloak	839
10620	2900	White Wolf-hide Girdle	718
10621	25170	White Wolf Hide Robe	838
10622	13768	White Wolf Skin	552
10623	13556	White and Blue Tunic*	678
10624	6502	Whitened Treant Fists	971
10625	31316	Whitestone Shield	606
10626	8085	Whittling Blade	591
10627	16994	Whore's Bane	1073
10628	14109	Widowmistress Hair	782
10629	14913	Wild Cabbage	922
10630	12252	Wild One Wig	833
10631	14920	Wild Radish	923
10632	20734	Wilder's Girdle	560
10633	14370	Will of Innoruuk	621
10634	2394	Willie's Confession	683
10635	26034	Willsapper	1179
10636	6861	Wily Warlock Bracer	1044
10637	6859	Wily Warlock Crown	1124
10638	29652	A Wily Warlock Doll	720
10639	6862	Wily Warlock Gloves	636
10640	6863	Wily Warlock Pants	635
10641	6858	Wily Warlock Robe	931
10642	6860	Wily Warlock Sleeves	634
10643	12783	Wind Dragon Crystal	507
10644	4337	Wind Etched Boots of Ro	524
10645	4334	Wind Etched Bracers of Ro	516
10646	4335	Wind Etched Gauntlets of Ro	531
10647	4331	Wind Etched Helm of Ro	746
10648	8407	Wind Saber	1104
10649	20978	Wind Tablet	1095
10650	1276	Wind Walker's Mantle	665
10651	10898	Windetched Staff	811
10652	31353	Windraider`s Belt	549
10653	10896	Windruned Dagger	1214
10654	13116	Winds of Karana sheet 1	504
10655	13116	Winds of Karana sheet 1	504
10656	11696	Windstriker	1104
10657	16597	Wine Yeast	539
10658	10994	Winex's Staff	602
10659	11809	Wing of Xegony	753
10660	14827	Wings of the Drixie Queen	909
10661	16570	Winter Chocolate	1093
10662	19981	Winter Falls Wine	788
10663	0	Winter Lilly	1200
10664	29600	Winters Fury	590
10665	6620	Wintry Club	1194
10666	14552	Wispy Choker of Vigor	501
10667	12819	A Withered 2.5 Inch Finger	751
10668	12817	A Withered 3.1 Inch Finger	751
10669	12818	A Withered 3 Inch Finger	751
10670	12820	A Withered 4 Inch Finger	751
10671	2288	Withered Leather Belt	564
10672	2293	Withered Leather Boots	633
10673	2287	Withered Leather Cloak	660
10674	2291	Withered Leather Gloves	636
10675	2296	Withered Leather Gorget	643
10676	2292	Withered Leather Leggings	635
10677	2295	Withered Leather Mask	771
10678	2286	Withered Leather Shoulderpads	668
10679	2294	Withered Leather Skullcap	640
10680	2289	Withered Leather Sleeves	634
10681	2285	Withered Leather Tunic	632
10682	2290	Withered Leather Wristbands	637
10683	2671	Withered Manisi Leaf	1073
10684	6682	Withered Staff	602
10685	11665	Withered Totem of Widdershins	887
10686	1676	Woe	580
10687	16010	Wolf's Eye Agate	767
10688	14645	Wolf's Eye Electrum Bracelet	1055
10689	14646	Wolf's Eye Golden Bracelet	1055
10690	14647	Wolf's Eye Platinum Necklace	1056
10691	2323	Wolf-hide Sleeves	634
10692	2907	Wolf-hide Belt	564
10693	2906	Wolf-hide Boots	525
10694	2905	Wolf-hide Cape	840
10695	14227	Wolf Blood	583
10696	31111	Wolf Caller's Boots	524
10697	31108	Wolf Caller's Bracer	516
10698	31106	Wolf Caller's Breastplate	624
10699	31109	Wolf Caller's Gauntlets	531
10700	31110	Wolf Caller's Greaves	540
10701	31105	Wolf Caller's Helm	746
10702	31107	Wolf Caller's Vambraces	622
10703	30037	Wolf Fur Earcovers	640
10704	1368	Wolf Fur Slippers	666
10705	13403	Wolf Meat	817
10706	13471	Wolf Sandwich	1020
10707	13441	Wolf Steaks	816
10708	2313	Wolfskin Gloves	636
10709	16551	Wolves Bane	1197
10710	30026	Wolves Eye Necklace	848
10711	13421	Wood Elf Parts	817
10712	20475	Wood Painting	652
10713	16831	Wood Rose	1197
10714	20841	Wooden Bands	509
10715	13702	Wooden Fishing Tackle	730
10716	13001	Wooden Flute	751
10717	9007	Wooden Kite Shield	758
10718	13824	Wooden Shards	1084
10719	9006	Wooden Shield	542
10720	13864	Wooden Statue	894
10721	10324	Wooden Totem	895
10722	6635	Woodsman's Staff	1083
10723	13463	Wooly Spider Crunchies	785
10724	13967	Wooly Fungus	855
10725	30088	Wooly Rhino Horn	807
10726	30089	Wooly Rhino Meat	817
10727	13463	Wooly Spider Crunchies	785
10728	14316	Wooly Spider Silk Net	782
10729	16037	Words of Abatement	869
10730	11820	Words of Absorption	869
10731	11840	Words of Acquisition (Azia)	869
10732	11866	Words of Acquisition (Beza)	869
10733	11829	Words of Allure	869
10734	11822	Words of Anthology	869
10735	11857	Words of Bidding	869
10736	11807	Words of Bondage	896
10737	11862	Words of Burnishing	869
10738	16039	Words of Cazic-Thule	869
10739	11833	Words of Cloudburst	869
10740	11794	Words of Coercion	869
10741	11803	Words of Collection (Azia)	864
10742	11858	Words of Collection (Beza)	869
10743	11864	Words of Collection (Caza)	869
10744	11872	Words of Convocation	869
10745	0	Words of Covert	863
10746	11870	Words of Crippling Force	869
10747	11850	Words of Dark Paths	869
10748	10527	Words of Darkness	789
10749	16024	Words of Derivation	869
10750	11852	Words of Descrying	869
10751	11835	Words of Detachment	869
10752	11798	Words of Detention	869
10753	11871	Words of Dimension	869
10754	11823	Words of Discernment	869
10755	11854	Words of Disillusionment	869
10756	11841	Words of Dissemination	869
10757	11812	Words of Dissolution	869
10758	11788	Words of Dominion	869
10759	11845	Words of Duration	869
10760	11799	Words of Duress	869
10761	11849	Words of Efficacy	869
10762	11859	Words of Enchantment	869
10763	11848	Words of Endurance	869
10764	11821	Words of Enlightenment	869
10765	11810	Words of Eradication	869
10766	11827	Words of Eventide	869
10767	11867	Words of Grappling	869
10768	11836	Words of Haunting	869
10769	11811	Words of Imitation	869
10770	11804	Words of Incarceration	869
10771	28003	Words of Magi`kot	504
10772	28004	Words of Mastery	865
10773	11813	Words of Materials	869
10774	11834	Words of Mistbreath	869
10775	11846	Words of Motion	869
10776	11847	Words of Neglect	869
10777	11863	Words of Obligation	869
10778	11868	Words of Odus	869
10779	11842	Words of Parasitism	869
10780	11815	Words of Possession	869
10781	11855	Words of Projection	869
10782	11838	Words of Purification	869
10783	11844	Words of Quivering	869
10784	11824	Words of Radiance	869
10785	0	Words of Recall	863
10786	11832	Words of Recluse	869
10787	11819	Words of Refuge	869
10788	11865	Words of Requisition	869
10789	0	Words of Resolution	869
10790	11843	Words of Resolve	869
10791	11817	Words of Reviviscence	869
10792	11837	Words of Rupturing	869
10793	11853	Words of Seizure	869
10794	11793	Words of Sight	869
10795	11814	Words of Spirit	869
10796	0	Words of Stimulation	863
10797	11825	Words of the Extinct	869
10798	11861	Words of the Psyche	869
10799	11816	Words of the Spoken	869
10800	0	Words of Torment	863
10801	11792	Words of Transcendence	869
10802	11787	Words of Tyranny	869
10803	18008	Words of Wealth	504
10804	9502	Words of Wealth: Bottom Left	1004
10805	9503	Words of Wealth: Bottom Right	1005
10806	9500	Words of Wealth: Top Left	1004
10807	9501	Words of Wealth: Top Right	1005
10808	11786	Words of the Element	869
10809	11869	Words of the Ethereal	869
10810	11825	Words of the Extinct	869
10811	11839	Words of the Incorporeal	869
10812	11861	Words of the Psyche	869
10813	11826	Words of the Quickening	869
10814	11818	Words of the Sentient (Azia)	869
10815	11831	Words of the Sentient (Beza)	869
10816	11856	Words of the Spectre	869
10817	11816	Words of the Spoken	869
10818	11851	Words of the Suffering	869
10819	27116	Worked Dragonhide Belt	503
10820	27115	Worked Dragonhide Breastplate	621
10821	27110	Worked Dragonhide Gauntlets	530
10822	27109	Worked Dragonhorn Boots	779
10823	27111	Worked Dragonhorn Bracers	505
10824	27108	Worked Dragonleg Breeches	630
10825	27114	Worked Dragonskin Mask	770
10826	27113	Worked Dragonskull Helm	746
10827	27112	Worked Dragonspine Vambraces	622
10828	27117	Worked Dragonwing Cloak	663
10829	27107	Worked Dragonwing Mantle	668
10830	12863	Worker Sledgemallet	567
10831	1259	Worm-eaten Gloves	636
10832	21967	Wormwood	1084
10833	14766	Worn Charbone	804
10834	1621	Worn Cloth Mantle	664
10835	18237	Worn Coldain Tome	789
10836	5662	Worn Crescent Axe	1166
10837	20448	Worn Dark Metal Coin	647
10838	0	Worn Erudite Sewing Kit	892
10839	6012	Worn Great Staff	602
10840	20729	Worn Leather Mask	771
10841	2045	Worn Leather Shoulderpads	668
10842	5709	Worn Shai`din Naginata	1529
10843	30983	Worn Weighted Gloves	636
10844	20472	Worn Note	864
10845	16526	Woundwart	795
10846	1121	Woven Cap	640
10847	1126	Woven Cape	660
10848	1177	Woven Coldain Prayer Shawl	656
10849	1123	Woven Collar	643
10850	1195	Woven Cord of Mistletoe	939
10851	24467	Woven Dire Wolf Fur	556
10852	30106	Woven Frost Giant Beard	1001
10853	1127	Woven Girth	564
10854	1130	Woven Gloves	636
10855	14550	Woven Grass Amulet	848
10856	31153	Woven Grass Boots	524
10857	31150	Woven Grass Bracelet	516
10858	31148	Woven Grass Chestguard	624
10859	31151	Woven Grass Gauntlets	531
10860	31152	Woven Grass Greaves	540
10861	31147	Woven Grass Headband	939
10862	31149	Woven Grass Vambraces	622
10863	0	Woven Kelp Sandals	558
10864	1131	Woven Leggings	635
10865	1125	Woven Mantle	668
10866	1122	Woven Mask	677
10867	4907	Woven Shadow Boots	524
10868	4904	Woven Shadow Bracer	516
10869	4902	Woven Shadow Chestplate	624
10870	4905	Woven Shadow Gauntlets	531
10871	4906	Woven Shadow Greaves	540
10872	4901	Woven Shadow Helm	746
10873	4903	Woven Shadow Vambraces	622
10874	20744	Woven Skull Cap	639
10875	1128	Woven Sleeves	634
10876	1124	Woven Tunic	838
10877	1196	Woven Vine Wristband	637
10878	1129	Woven Wristbands	637
10879	6382	Wraith Bone Hammer	581
10880	10298	Wraithstone	507
10881	26035	Wrapped Entropy Serpent Spine	560
10882	27069	Wrapped Velium Bow	1104
10883	27051	Wrapped Velium Brawl Stick	1175
10884	12223	Wrath Orc Wristbands	637
10885	1325	Wreath of Nature	1072
10886	25200	Wrist Guard of Thunder	1044
10887	17001	Wrist Pouch	667
10888	13809	Wristband Pattern	504
10889	25524	Wristband of Conjuration	516
10890	25517	Wristband of the Bonecaster	637
10891	6829	Wristguard of Distraction	521
10892	31810	Wristguard of Harmony	516
10893	5737	Writ of Di`zok	861
10894	1134	Writ of Dragonkind	789
10895	5220	Writ of Innoruuk	789
10896	20804	Writ of Quellious	863
10897	18453	Written Announcement	860
10898	25716	Wu's Fighting Cap	640
10899	25721	Wu's Fighting Cloak	660
10900	25718	Wu's Fighting Collar	643
10901	1192	Wu's Fighting Gauntlets	530
10902	25720	Wu's Fighting Mantle	668
10903	25717	Wu's Fighting Mask	677
10904	25725	Wu's Fighting Pantaloons	635
10905	25722	Wu's Fighting Sash	932
10906	25719	Wu's Fighting Shirt	714
10907	25723	Wu's Fighting Sleeves	634
10908	25726	Wu's Fighting Slippers	666
10909	25724	Wu's Fighting Wristbands	637
10910	27715	Wu's Fist of Mastery	971
10911	6651	Wu's Quivering Staff	602
10912	11690	Wu's Tranquil Fist	971
10913	14978	Wulf Fish	775
10914	29619	Wurm Bone Ring	1148
10915	31337	Wurm Claw Pauldrons	798
10916	19138	Wurm Egg	969
10917	29615	Wurm Lord Shawl	665
10918	22809	Wurm Meat	817
10919	11934	Wurm Scale	1088
10920	29617	Wurm Scale Cape	665
10921	11976	Wurm Scale Coat	841
10922	30260	Wurm Tendon Whip	596
10923	5839	Wurmscale Fistwraps	971
10924	1718	Wurmscale Scroll	682
10925	5057	Wurmslayer	736
10926	29644	Wyvern Claw	1179
10927	29642	Wyvern Claw Mask	528
10928	29668	Wyvern Hide Boots	633
10929	29620	Wyvern Hide Tunic	632
10930	22808	Wyvern Meat	817
10931	29641	Wyvern Wing Cape	840
10932	7236	Xalgozian Fang	575
10933	18109	Xectia's Favored Flavors	778
10934	18111	Xectia's Hot Pie	778
10935	14067	Xegony's Curse	808
10936	12247	Xelha's Sparkler	809
10937	29616	Xialn Mask	771
10938	10606	Xolion Rod	811
10939	31230	Yakatizma`s Shield of Crafting	542
10940	30264	Yakman Parts	817
10941	19991	Yakman Steak	816
10942	27217	Yal's Talisman	510
10943	27426	Yalroens Head	982
10944	11697	Yannikil	575
10945	14231	Yarrow	721
10946	6918	Ye Auld Ball Peen Hammer	567
10947	16596	Yeast	539
10948	16510	Yebamante	795
10949	27211	Yeldema's Talisman	510
10950	1771	Yelesom's Reports	865
10951	1768	Yelesom's Tools	716
10952	24984	Yelinak's Head	1231
10953	27266	Yelinak's Talisman	510
10954	22112	Yellow Dye	1158
10955	10111	Yellow Headband	933
10956	10131	Yellow Sash of Order	933
10957	22182	Yerbhimba	1201
10958	16589	Yew Leaf	795
10959	19181	Yew Leaf Tannin	692
10960	24618	Ykeshan Broad Axe	1166
10961	6621	Ykeshan War Club	737
10962	0	You Mad Brew	706
10963	10984	Young Ebon Drake Bile	1003
10964	20849	Ysgaril Root	583
10965	12944	Yun Shaman Powder	733
10966	10912	Yunnb's Earring	514
10967	18550	Yvonne's Guide to Alchemy	778
10968	3000	Zaharn's Coronet	523
10969	5615	Zealot's Incarnadine Sword	519
10970	5124	Zealot's Khukri	1174
10971	14072	Zek Frost	808
10972	11681	Zephyrwind	575
10973	0	Zeriphra's Dagger of Blood	592
10974	27254	Zil Sapara's Talisman	510
10975	17929	Zimbittle's Pouch	539
10976	26009	Zlandicar's Heart	1003
10977	27258	Zlandicar's Talisman	510
10978	16533	Zombie Flesh	924
10979	1559	Zombie Flesh Bracer	637
10980	0	Zombie Heart	1003
10981	13074	Zombie Skin	823
10982	9004	Kite Shield	676
10983	16472	Potion of Dulsehound	697
10984	1753	Brawler's Belt	7342
10986	25460	Spirit Weaver's Vambraces	622
10987	4213	Small Bronze Helm	550
10988	5705	Hammered Golden Loop	757
10989	25027	Coldain Skin Boots	633
10990	15688	Spell: Aanya's Animation	504
10991	19383	Spell: Aanya's Quickening	504
10992	15098	Spell: Abolish Disease	504
10993	15097	Spell: Abolish Poison	504
10994	15052	Spell: Abundant Drink	504
10995	15053	Spell: Abundant Food	504
10996	19278	Spell: Acumen	504
10997	15647	Spell: Adorning Grace	504
10998	19227	Spell: Aegis	504
10999	15511	Spell: Affliction	504
11000	15154	Spell: Agility	504
11001	15170	Spell: Alacrity	504
11002	15298	Spell: Alliance	504
11003	15184	Spell: Allure	504
11004	15642	Spell: Allure of Death	504
11005	15150	Spell: Alluring Aura	504
11006	15071	Spell: Anarchy	504
11007	15440	Spell: Animate Dead	504
11008	19223	Spell: Antidote	504
11009	30416	Spell: Arch Lich	504
11010	15019	Spell: Armor of Faith	504
11011	30445	Spell: Armor of Protection	504
11012	19402	Spell: Asphyxiate	504
11013	15384	Spell: Assiduous Vision	504
11014	15853	Spell: Asystole	504
11015	15480	Spell: Atone	504
11016	19416	Spell: Augment	504
11017	15661	Spell: Augment Death	504
11018	15010	Spell: Augmentation	504
11019	30414	Spell: Augmentation of Death	504
11020	19292	Spell: Avatar	504
11021	19277	Spell: Bane of Nife	504
11022	15118	Spell: Banish Undead	504
11023	19228	Spell: Banishment of Shadows	504
11024	15364	Spell: Banshee Aura	504
11025	19400	Spell: Bedlam	504
11026	15182	Spell: Beguile	504
11027	15197	Spell: Beguile Undead	504
11028	15173	Spell: Benevolence	504
11029	15176	Spell: Berserker Spirit	504
11030	15021	Spell: Berserker Strength	504
11031	15193	Spell: Blanket of Forgetfulness	504
11033	30429	Spell: Blast of Poison	504
11034	15134	Spell: Blinding Luminance	504
11035	15510	Spell: Blizzard Blast	504
11036	19431	Spell: Bobbing Corpse	504
11037	15451	Spell: Boil Blood	504
11038	19382	Spell: Boltran's Agacerie	504
11039	15687	Spell: Boltran's Animation	504
11040	15456	Spell: Bond of Death	504
11041	15351	Spell: Bone Walk	504
11042	19386	Spell: Boon of the Clear Mind	504
11043	15244	Spell: Bravery	504
11044	15478	Spell: Breath of the Dead	504
11045	15697	Spell: Breeze	504
11046	15033	Spell: Brilliance	504
11047	19219	Spell: Bulwark of Faith	504
11048	15280	Spell: Burst of Strength	504
11049	15495	Spell: Cackling Bones	504
11050	15198	Spell: Cajole Undead	504
11051	15183	Spell: Cajoling Whispers	504
11052	15643	Spell: Call of Bones	504
11053	15047	Spell: Calm	504
11054	15265	Spell: Cannibalize	504
11055	12941	Spell: Cannibalize II	504
11056	15453	Spell: Cascading Darkness	504
11057	15407	Spell: Cast Sight	504
11058	15171	Spell: Celerity	504
11059	19500	Spell: Celestial Cleansing	504
11060	19226	Spell: Celestial Elixir	504
11061	30444	Spell: Celestial Healing	504
11062	15219	Spell: Center	504
11063	19304	Spell: Cessation of Cor	504
11064	15350	Spell: Chaos Flux	504
11065	15296	Spell: Chaotic Feedback	504
11066	15156	Spell: Charisma	504
11067	15300	Spell: Charm	504
11068	15304	Spell: Chase the Moon	504
11069	19302	Spell: Chill Bones	504
11070	30412	Spell: Chilling Embrace	504
11071	15521	Spell: Choke	504
11072	19482	Spell: Circle of Surefall Glade	504
11073	15540	Spell: Clarify Mana	504
11074	15174	Spell: Clarity	504
11075	19379	Spell: Clarity II	504
11077	15344	Spell: Clinging Darkness	504
11078	15651	Spell: Cloud	504
11079	15339	Spell: Coldlight	504
11080	19376	Spell: Collaboration	504
11081	15290	Spell: Color Flux	504
11082	15177	Spell: Color Shift	504
11083	15178	Spell: Color Skew	504
11084	19378	Spell: Color Slant	504
11085	15164	Spell: Companion Spirit	504
11086	15013	Spell: Complete Healing	504
11087	19480	Spell: Conglaciation of Bone	504
11088	15631	Spell: Conjuration: Air	504
11089	15628	Spell: Conjuration: Earth	504
11090	15630	Spell: Conjuration: Fire	504
11091	15629	Spell: Conjuration: Water	504
11092	19307	Spell: Conjure Corpse	504
11093	19423	Spell: Convergence	504
11094	15362	Spell: Convoke Shadow	504
11095	9985	Spell: Courage*	504
11097	15640	Spell: Creeping Vision	504
11098	15439	Spell: Crystallize Mana	504
11099	15212	Spell: Cure Blindness	504
11100	15408	Spell: Curse of the Simple Mind	504
11101	15089	Spell: Daring	504
11102	15357	Spell: Dark Empathy	504
11103	15641	Spell: Dark Pact	504
11104	15190	Spell: Dazzle	504
11105	15457	Spell: Dead Man Floating	504
11106	19495	Spell: Dead Men Floating	504
11107	15352	Spell: Deadeye	504
11108	19203	Spell: Death Pact	504
11109	19298	Spell: Deflux	504
11110	19296	Spell: Defoliation	504
11111	15152	Spell: Deftness	504
11112	19268	Spell: Deliriously Nimble	504
11113	19384	Spell: Dementia	504
11114	19481	Spell: Dementing Visions	504
11115	19314	Spell: Demi Lich	504
11116	19312	Spell: Devouring Darkness	504
11117	15157	Spell: Dexterity	504
11118	15266	Spell: Dexterous Aura	504
11119	19406	Spell: Dictate	504
11120	15673	Spell: Discordant Mind	504
11121	15340	Spell: Disease Cloud	504
11122	15281	Spell: Disempower	504
11123	15117	Spell: Dismiss Undead	504
11124	15695	Spell: Distill Mana	504
11125	15207	Spell: Divine Aura	504
11126	15130	Spell: Divine Barrier	504
11127	19432	Spell: Divine Favor	504
11128	19505	Spell: Divine Glory	504
11129	19230	Spell: Divine Intervention	504
11130	19208	Spell: Divine Light	504
11131	15693	Spell: Divine Might	504
11132	30453	Spell: Divine Purpose	504
11133	30456	Spell: Divine Strength	504
11134	15196	Spell: Dominate Undead	504
11135	15452	Spell: Dooming Darkness	504
11136	15447	Spell: Drain Soul	504
11137	15525	Spell: Drain Spirit	504
11138	19202	Spell: Dread of Night	504
11139	15270	Spell: Drowsy	504
11140	15619	Spell: Dyn's Dizzying Draught	504
11141	19364	Spell: Dyzil's Deafening Decoy	504
11142	15645	Spell: Ebbing Strength	504
11143	15404	Spell: Elemental: Air	504
11144	15401	Spell: Elemental: Earth	504
11145	15403	Spell: Elemental: Fire	504
11146	15402	Spell: Elemental: Water	504
11147	15400	Spell: Elementaling: Air	504
11148	15397	Spell: Elementaling: Earth	504
11149	15399	Spell: Elementaling: Fire	504
11150	15398	Spell: Elementaling: Water	504
11151	15317	Spell: Elementalkin: Air	504
11152	15058	Spell: Elementalkin: Earth	504
11153	15316	Spell: Elementalkin: Fire	504
11154	15315	Spell: Elementalkin: Water	504
11155	19311	Spell: Emissary of Thule	504
11156	15890	Spell: Enchant Adamantite	504
11157	15893	Spell: Enchant Brellium	504
11158	15796	Spell: Enchant Clay	504
11159	15668	Spell: Enchant Electrum	504
11160	15669	Spell: Enchant Gold	504
11161	15889	Spell: Enchant Mithril	504
11162	15670	Spell: Enchant Platinum	504
11163	15667	Spell: Enchant Silver	504
11164	15892	Spell: Enchant Steel	504
11165	15797	Spell: Enchant Velium	504
11166	15291	Spell: Enfeeblement	504
11167	19222	Spell: Enforced Reverence	504
11168	15355	Spell: Engulfing Darkness	504
11169	19396	Spell: Enlightenment	504
11170	19313	Spell: Enslave Death	504
11171	15187	Spell: Enthrall	504
11172	15188	Spell: Entrance	504
11173	15436	Spell: Envenomed Bolt	504
11174	15434	Spell: Envenomed Breath	504
11175	19523	Spell: Everlasting Breath	504
11176	19214	Spell: Exile Undead	504
11177	15662	Spell: Expel Undead	504
11178	15233	Spell: Expulse Undead	504
11179	15297	Spell: Eye of Confusion	504
11180	19380	Spell: Fascination	504
11181	15229	Spell: Fear	504
11182	15179	Spell: Feckless Might	504
11183	15191	Spell: Feedback	504
11184	15366	Spell: Feign Death	504
11185	30454	Spell: Flame of Light	504
11186	15201	Spell: Flash of Light	504
11187	15271	Spell: Fleeting Fury	504
11188	15124	Spell: Force	504
11189	19395	Spell: Forlorn Deeds	504
11190	19216	Spell: Fortitude	504
11191	15166	Spell: Frenzied Spirit	504
11192	15504	Spell: Frenzied Strength	504
11193	15308	Spell: Frenzy	504
11194	15275	Spell: Frost Rift	504
11195	15508	Spell: Frost Strike	504
11196	15153	Spell: Furious Strength	504
11197	15560	Spell: Furor	504
11198	15326	Spell: Fury	504
11199	15438	Spell: Gale of Poison	504
11200	15195	Spell: Gasping Embrace	504
11201	15522	Spell: Gather Shadows	504
11202	30410	Spell: Gift of Brilliance	504
11203	30409	Spell: Gift of Insight	504
11204	30408	Spell: Gift of Magic	504
11205	19401	Spell: Gift of Pure Thought	504
11206	15155	Spell: Glamour	504
11207	19385	Spell: Glamour of Kintaz	504
11208	15635	Spell: Greater Conjuration: Air	504
11209	15632	Spell: Greater Conjuration: Earth	504
11210	15634	Spell: Greater Conjuration: Fire	504
11211	15633	Spell: Greater Conjuration: Water	504
11212	15576	Spell: Greater Summoning: Air	504
11213	15573	Spell: Greater Summoning: Earth	504
11214	15575	Spell: Greater Summoning: Fire	504
11215	15574	Spell: Greater Summoning: Water	504
11216	19371	Spell: Greater Vocaration: Air	504
11217	19366	Spell: Greater Vocaration: Earth	504
11218	19367	Spell: Greater Vocaration: Fire	504
11219	19372	Spell: Greater Vocaration: Water	504
11220	15346	Spell: Grim Aura	504
11221	15072	Spell: Group Resist Magic	504
11222	15018	Spell: Guard	504
11223	15389	Spell: Guardian	504
11224	15165	Spell: Guardian Spirit	504
11225	15675	Spell: Hammer of Requital	504
11226	15037	Spell: Hammer of Striking	504
11227	15223	Spell: Hammer of Wrath	504
11228	15199	Spell: Harmshield	504
11229	15493	Spell: Haunting Corpse	504
11230	15293	Spell: Haze	504
11231	15161	Spell: Health	504
11232	15367	Spell: Heart Flutter	504
11233	15360	Spell: Heat Blood	504
11234	19213	Spell: Heroic Bond	504
11235	19204	Spell: Heroism	504
11236	15011	Spell: Holy Armor	504
11237	15123	Spell: Holy Might	504
11238	15369	Spell: Hungry Earth	504
11239	19273	Spell: Ice Strike	504
11240	15006	Spell: Ignite Blood	504
11241	15559	Spell: Ignite Bones	504
11242	15597	Spell: Illusion: Air Elemental	504
11243	15586	Spell: Illusion: Barbarian	504
11244	15590	Spell: Illusion: Dark Elf	504
11245	15591	Spell: Illusion: Dwarf	504
11246	15584	Spell: Illusion: Earth Elemental	504
11247	15587	Spell: Illusion: Erudite	504
11248	15598	Spell: Illusion: Fire Elemental	504
11249	15595	Spell: Illusion: Gnome	504
11250	15583	Spell: Illusion: Half-Elf	504
11251	15594	Spell: Illusion: Halfling	504
11252	15589	Spell: Illusion: High Elf	504
11253	15582	Spell: Illusion: Human	504
11254	15243	Spell: Illusion: Iksar	504
11255	15593	Spell: Illusion: Ogre	504
11256	15581	Spell: Illusion: Skeleton	504
11257	15600	Spell: Illusion: Spirit Wolf	504
11258	15601	Spell: Illusion: Tree	504
11259	15592	Spell: Illusion: Troll	504
11260	15599	Spell: Illusion: Water Elemental	504
11261	15585	Spell: Illusion: Werewolf	504
11262	15588	Spell: Illusion: Wood Elf	504
11263	15885	Spell: Imbue Amber	504
11264	15894	Spell: Imbue Black Pearl	504
11265	15897	Spell: Imbue Black Sapphire	504
11266	15895	Spell: Imbue Diamond	504
11267	15884	Spell: Imbue Ivory	504
11268	15891	Spell: Imbue Jade	504
11269	15798	Spell: Imbue Opal	504
11270	15898	Spell: Imbue Peridot	504
11271	15896	Spell: Imbue Rose Quartz	504
11272	15887	Spell: Imbue Ruby	504
11273	15886	Spell: Imbue Sapphire	504
11274	15799	Spell: Imbue Topaz	504
11275	15358	Spell: Impart Strength	504
11276	15163	Spell: Incapacitate	504
11277	19479	Spell: Incinerate Bones	504
11278	15365	Spell: Infectious Cloud	504
11279	19424	Spell: Infusion	504
11280	9983	Spell: Inner Fire*	504
11281	19266	Spell: Insidious Decay	504
11282	15526	Spell: Insidious Fever	504
11283	15527	Spell: Insidious Malady	504
11284	15175	Spell: Insight	504
11285	15180	Spell: Insipid Weakness	504
11286	15126	Spell: Inspire Fear	504
11287	15449	Spell: Intensify Death	504
11288	15443	Spell: Invoke Death	504
11289	15127	Spell: Invoke Fear	504
11290	15494	Spell: Invoke Shadow	504
11291	15681	Spell: Juli's Animation	504
11292	15682	Spell: Kilan's Animation	504
11293	15690	Spell: Kintaz's Animation	504
11294	15302	Spell: Languid Pace	504
11295	19388	Spell: Largarn's Lamentation	504
11296	15491	Spell: Leering Corpse	504
11297	15627	Spell: Lesser Conjuration: Air	504
11298	15626	Spell: Lesser Conjuration: Fire	504
11299	15625	Spell: Lesser Conjuration: Water	504
11300	15499	Spell: Lesser Summoning: Air	504
11301	15496	Spell: Lesser Summoning: Earth	504
11302	15498	Spell: Lesser Summoning: Fire	504
11303	15497	Spell: Lesser Summoning: Water	504
11304	19303	Spell: Levant	504
11305	19534	Spell: Levitation	504
11306	15644	Spell: Lich	504
11307	15445	Spell: Lifedraw	504
11308	15502	Spell: Lifespike	504
11309	9989	Spell: Lifetap*	504
11310	15162	Spell: Listless Power	504
11311	15342	Spell: Locate Corpse	504
11312	15208	Spell: Lull	504
11313	15442	Spell: Malignant Dead	504
11314	19291	Spell: Malo	504
11316	15074	Spell: Mana Sieve	504
11317	19279	Spell: Manicial Strength	504
11318	19218	Spell: Mark of Karn	504
11319	15301	Spell: Memory Blur	504
11320	19390	Spell: Memory Flux	504
11321	15353	Spell: Mend Bones	504
11322	15307	Spell: Mesmerization	504
11323	15292	Spell: Mesmerize	504
11324	15192	Spell: Mind Wipe	504
11325	15623	Spell: Minor Conjuration: Air	504
11326	15620	Spell: Minor Conjuration: Earth	504
11327	15622	Spell: Minor Conjuration: Fire	504
11328	15621	Spell: Minor Conjuration: Water	504
11329	15287	Spell: Minor Illusion	504
11330	15396	Spell: Minor Summoning: Air	504
11331	15335	Spell: Minor Summoning: Earth	504
11332	15395	Spell: Minor Summoning: Fire	504
11333	15336	Spell: Minor Summoning: Water	504
11334	15295	Spell: Mircyl's Animation	504
11335	15650	Spell: Mist	504
11336	30400	Spell: Monster Summoning I	504
11337	30402	Spell: Monster Summoning II	504
11338	30404	Spell: Monster Summoning III	504
11339	19283	Spell: Mortal Deftness	504
11340	19435	Spell: Naltron's Mark	504
11341	15160	Spell: Nimble	504
11342	15347	Spell: Numb the Dead	504
11343	15652	Spell: Obscure	504
11344	19392	Spell: Overwhelming Splendor	504
11345	15045	Spell: Pacify	504
11346	15694	Spell: Pact of Shadow	504
11347	15059	Spell: Panic the Dead	504
11348	15285	Spell: Pendril's Animation	504
11349	15025	Spell: Pillage Enchantment	504
11350	15032	Spell: Plague	504
11351	15348	Spell: Poison Bolt	504
11352	15437	Spell: Poison Storm	504
11353	19288	Spell: Pox of Bertoxxulous	504
11354	19491	Spell: Primal Avatar	504
11355	19520	Spell: Primal Essence	504
11356	15649	Spell: Protect	504
11357	15696	Spell: Purify Mana	504
11358	19308	Spell: Pyrocruor	504
11359	15039	Spell: Quickness	504
11360	19309	Spell: Quivering Veil of Xarn	504
11361	15646	Spell: Radiant Visage	504
11362	15337	Spell: Rage	504
11363	15151	Spell: Raging Strength	504
11364	15648	Spell: Rampage	504
11365	19403	Spell: Rapture	504
11366	19381	Spell: Recant Magic	504
11367	15215	Spell: Reckless Strength	504
11368	19212	Spell: Reckoning	504
11369	19201	Spell: Remedy	504
11370	15444	Spell: Renew Bones	504
11371	15194	Spell: Reoccurring Amnesia	504
11372	15314	Spell: Resolution	504
11373	15448	Spell: Rest the Dead	504
11374	15492	Spell: Restless Bones	504
11375	15392	Spell: Resurrection	504
11376	15388	Spell: Resuscitate	504
11377	15672	Spell: Retribution	504
11378	15391	Spell: Revive	504
11379	19217	Spell: Reviviscence	504
11380	19270	Spell: Riotous Health	504
11381	15349	Spell: Rising Dexterity	504
11382	15481	Spell: Rune I	504
11383	15482	Spell: Rune II	504
11384	15483	Spell: Rune III	504
11385	15484	Spell: Rune IV	504
11386	19377	Spell: Rune V	504
11387	19421	Spell: Sacrifice	504
11388	15685	Spell: Sagar's Animation	504
11389	15306	Spell: Sanity Warp	504
11390	15274	Spell: Scale Skin	504
11391	15858	Spell: Scent of Darkness	504
11392	15856	Spell: Scent of Dusk	504
11393	15857	Spell: Scent of Shadow	504
11394	19408	Spell: Scent of Terris	504
11396	15031	Spell: Scourge	504
11398	15549	Spell: Screaming Terror	504
11399	19410	Spell: Sedulous Subversion	504
11400	15221	Spell: Sense the Dead	504
11401	15299	Spell: Sentinel	504
11402	15276	Spell: Serpent Sight	504
11403	19305	Spell: Servant of Bones	504
11404	15653	Spell: Shade	504
11405	15654	Spell: Shadow	504
11406	15855	Spell: Shadow Compact	504
11407	15090	Spell: Shadow Sight	504
11408	15370	Spell: Shadow Vortex	504
11409	19409	Spell: Shadowbond	504
11410	15683	Spell: Shalee's Animation	504
11411	9987	Spell: Shallow Breath*	504
11412	15020	Spell: Shield of Words	504
11413	15431	Spell: Shifting Shield	504
11414	15186	Spell: Shiftless Deeds	504
11415	15204	Spell: Shock of Poison	504
11416	30427	Spell: Shock of the Tainted	504
11417	15345	Spell: Shrink	504
11418	30459	Spell: Shroud of Death	504
11419	30457	Spell: Shroud of Hate	504
11420	30458	Spell: Shroud of Pain	504
11421	19271	Spell: Shroud of the Spirits	504
11422	15075	Spell: Sicken	504
11423	15361	Spell: Sight Graft	504
11424	15446	Spell: Siphon Life	504
11425	15343	Spell: Siphon Strength	504
11426	15684	Spell: Sisna's Animation	504
11427	19301	Spell: Skin of the Shadow	504
11428	15016	Spell: Smite	504
11429	15501	Spell: Soothe	504
11430	15125	Spell: Sound of Force	504
11431	15368	Spell: Spirit Armor	504
11432	15279	Spell: Spirit of Bear	504
11433	15148	Spell: Spirit of Cat	504
11434	15146	Spell: Spirit of Monkey	504
11435	15149	Spell: Spirit of Ox	504
11436	15284	Spell: Spirit of Snake	504
11437	19275	Spell: Spirit of the Howler	504
11438	15272	Spell: Spirit Pouch	504
11439	30430	Spell: Spirit Quickening	504
11440	15079	Spell: Spirit Sight	504
11441	15147	Spell: Spirit Strength	504
11442	15282	Spell: Spirit Strike	504
11443	15524	Spell: Spirit Tap	504
11444	19294	Spell: Splurt	504
11445	15209	Spell: Spook the Dead	504
11446	15158	Spell: Stamina	504
11447	15159	Spell: Strength	504
11448	15040	Spell: Strengthen	504
11449	19506	Spell: Strengthen Death	504
11450	15014	Spell: Strike	504
11451	15024	Spell: Strip Enchantment	504
11453	15216	Spell: Stun	504
11454	30446	Spell: Stun Command	504
11455	15450	Spell: Suffocate	504
11456	15294	Spell: Suffocating Sphere	504
11457	15003	Spell: Summon Corpse	504
11458	15441	Spell: Summon Dead	504
11459	15572	Spell: Summoning: Air	504
11460	15569	Spell: Summoning: Earth	504
11461	15571	Spell: Summoning: Fire	504
11462	15570	Spell: Summoning: Water	504
11463	19420	Spell: Sunskin	504
11464	15455	Spell: Surge of Enfeeblement	504
11465	15172	Spell: Swift Like The Wind	504
11466	19211	Spell: Symbol of Marzin	504
11467	15488	Spell: Symbol of Naltron	504
11468	15487	Spell: Symbol of Pinzarn	504
11469	15486	Spell: Symbol of Ryltan	504
11470	15485	Spell: Symbol of Transal	504
11471	15489	Spell: Sympathetic Aura	504
11472	15506	Spell: Tagar's Insects	504
11473	15277	Spell: Tainted Breath	504
11474	15168	Spell: Talisman of Altuna	504
11475	19276	Spell: Talisman of Kragg	504
11476	19267	Spell: Talisman of Shadoo	504
11477	19281	Spell: Talisman of the Brute	504
11478	19280	Spell: Talisman of the Cat	504
11479	19289	Spell: Talisman of the Raptor	504
11480	19284	Spell: Talisman of the Rhino	504
11481	19286	Spell: Talisman of the Serpent	504
11482	15167	Spell: Talisman of Tnarg	504
11483	15289	Spell: Taper Enchantment	504
11484	15676	Spell: Tashan	504
11485	15677	Spell: Tashani	504
11486	15678	Spell: Tashania	504
11487	19394	Spell: Tashanian	504
11488	15185	Spell: Tepid Deeds	504
11489	19225	Spell: The Unspoken Word	504
11490	19374	Spell: Theft of Thought	504
11491	15390	Spell: Thicken Mana	504
11492	19285	Spell: Tigir's Insects	504
11493	15507	Spell: Togor's Insects	504
11494	30415	Spell: Torbas' Acid Blast	504
11495	19391	Spell: Torment of Argli	504
11496	19293	Spell: Torpor	504
11497	19274	Spell: Torrent of Poison	504
11498	19310	Spell: Touch of Night	504
11499	15698	Spell: Track Corpse	504
11500	19220	Spell: Trepidation	504
11501	19425	Spell: Trucidation	504
11502	30428	Spell: Tumultuous Strength	504
11503	19265	Spell: Turgur's Insects	504
11504	15283	Spell: Turtle Skin	504
11505	15686	Spell: Uleen's Animation	504
11506	15046	Spell: Ultravision	504
11507	19393	Spell: Umbra	504
11508	19287	Spell: Unfailing Reverence	504
11509	19210	Spell: Unswerving Hammer of Faith	504
11510	15312	Spell: Valor	504
11511	15454	Spell: Vampiric Curse	504
11512	15359	Spell: Vampiric Embrace	504
11513	15435	Spell: Venom of the Snake	504
11514	19306	Spell: Vexing Mordinia	504
11515	15577	Spell: Vigilant Spirit	504
11516	15580	Spell: Vision	504
11517	19407	Spell: Visions of Grandeur	504
11518	19350	Spell: Vocarate: Earth	504
11519	19362	Spell: Vocarate: Water	504
11520	15371	Spell: Voice Graft	504
11521	19290	Spell: Voice of the Berserker	504
11522	19215	Spell: Wake of Tranquility	504
11523	15505	Spell: Walking Sleep	504
11524	30407	Spell: Wandering Mind	504
11525	15218	Spell: Ward Undead	504
11526	15363	Spell: Wave of Enfeeblement	504
11527	15128	Spell: Wave of Fear	504
11528	30455	Spell: Wave of Healing	504
11529	15041	Spell: Weaken	504
11530	15181	Spell: Weakness	504
11531	15303	Spell: Whirl Till You Hurl	504
11532	15509	Spell: Winter's Roar	504
11533	15416	Spell: Word Divine	504
11534	15136	Spell: Word of Healing	504
11535	15135	Spell: Word of Health	504
11536	15231	Spell: Word of Pain	504
11537	19229	Spell: Word of Redemption	504
11538	19221	Spell: Word of Restoration	504
11539	15413	Spell: Word of Shadow	504
11540	15415	Spell: Word of Souls	504
11541	15414	Spell: Word of Spirit	504
11542	19206	Spell: Word of Vigor	504
11543	15329	Spell: Wrath	504
11544	15210	Spell: Yaulp	504
11545	15043	Spell: Yaulp II	504
11546	15044	Spell: Yaulp III	504
11547	19209	Spell: Yaulp IV	504
11548	15689	Spell: Yegoreff's Animation	504
11550	19389	Spell: Zumaik's Animation	504
11551	15718	Song: Agilmente's Aria of Eagles	504
11553	19466	Song: Angstlich's Assonance	504
11554	15706	Song: Angstlichs Appalling Screech	504
11555	15701	Song: Anthem De Arms	504
11556	15704	Song: Brusco's Boastful Bellow	504
11557	19468	Song: Brusco's Bombastic Bellow	504
11558	19459	Song: Cantana of Replenishment	504
11559	30448	Song: Cantana of Soothing	504
11560	19504	Song: Cassindra's Chant of Clarity	504
11562	15745	Song: Cassindra's Elegy	504
11563	19461	Song: Cassindra's Insipid Ditty	504
11564	9992	Song: Chant of Battle*	504
11565	15703	Song: Chords of Dissonance	504
11566	15708	Song: Cinda's Charismatic Carillon	504
11567	30452	Song: Composition of Ervaj	504
11568	15741	Song: Crission's Pixie Strike	504
11569	19464	Song: Denon's Bereavement	504
11570	15742	Song: Denon's Desperate Dirge	504
11571	15730	Song: Denon's Disruptive Discord	504
11572	15736	Song: Denon's Dissension	504
11573	15710	Song: Elemental Rhythms	504
11574	15707	Song: Fufil's Curtailing Chant	504
11575	15709	Song: Guardian Rhythms	504
11576	15007	Song: Hymn of Restoration	504
11577	15722	Song: Jaxan's Jig o' Vigor	504
11578	19462	Song: Jonthan's Inspiration	504
11579	15749	Song: Jonthan's Provocation	504
11580	15734	Song: Jonthan's Whistling Warsong	504
11581	15724	Song: Kelin's Lucid Lullaby	504
11582	15728	Song: Kelin's Lugubrious Lament	504
11583	15705	Song: Largo's Melodic Binding	504
11584	15737	Song: Lyssa's Cataloging Libretto	504
11585	15720	Song: Lyssa's Locating Lyric	504
11586	15721	Song: Lyssa's Solidarity of Vision	504
11587	15735	Song: Lyssa's Veracious Concord	504
11588	15702	Song: McVaxius' Berserker Crescendo	504
11589	19460	Song: McVaxius Rousing Rondo	504
11590	15739	Song: Melanie's Mellifluous Motion	504
11591	30449	Song: Melody of Ervaj	504
11592	19463	Song: Niv's Harmonic	504
11593	15748	Song: Niv's Melody of Preservation	504
11594	30451	Song: Occlusion of Sound	504
11595	15713	Song: Psalm of Cooling	504
11596	15714	Song: Psalm of Mystic Shielding	504
11597	15716	Song: Psalm of Purity	504
11598	15715	Song: Psalm of Vitality	504
11599	15712	Song: Psalm of Warmth	504
11600	15711	Song: Purifying Rhythms	504
11601	15717	Song: Selo's Accelerando	504
11602	15746	Song: Selo's Chords of Cessation	504
11603	15738	Song: Selo's Consonant Chain	504
11604	19450	Song: Selo's Song of Travel	504
11605	15719	Song: Shauri's Sonorous Clouding	504
11606	30450	Song: Shield of Song	504
11607	15750	Song: Solon's Bravura	504
11608	19465	Song: Solon's Charismatic Concord	504
11609	15725	Song: Solon's Song of the Sirens	504
11610	19454	Song: Song of Dawn	504
11611	19455	Song: Song of Highsun	504
11612	19456	Song: Song of Midnight	504
11613	19453	Song: Song of Twilight	504
11614	15726	Song: Syvelian's Anti-Magic Aria	504
11615	15729	Song: Tarew's Aquatic Ayre	504
11616	15743	Song: Tuyen's Chant of Flame	504
11617	15744	Song: Tuyen's Chant of Frost	504
11618	15747	Song: Verses of Victory	504
11619	19457	Song: Vilia's Chorus of Celerity	504
11620	15740	Song: Vilia's Verses of Celerity	504
11621	19320	Spell: Abscond	504
11622	15863	Spell: Aegis of Ro	504
11623	15142	Spell: Allure of the Wild	504
11624	15666	Spell: Alter Plane: Hate	504
11625	15674	Spell: Alter Plane: Sky	504
11626	19207	Spell: Annul Magic	504
11627	15067	Spell: Arch Shielding	504
11628	19315	Spell: Atol's Spectral Shackles	504
11629	15028	Spell: Avalanche	504
11630	19356	Spell: Bandoleer of Luclin	504
11631	15116	Spell: Banish Summoned	504
11632	19262	Spell: Banishment	504
11633	15516	Spell: Barbcoat	504
11634	15680	Spell: Barrier of Combustion	504
11635	15245	Spell: Befriend Animal	504
11636	15141	Spell: Beguile Animals	504
11637	15035	Spell: Bind Affinity	504
11638	15500	Spell: Bind Sight	504
11639	19249	Spell: Bladecoat	504
11640	15120	Spell: Blaze	504
11641	19241	Spell: Blizzard	504
11642	15068	Spell: Bolt of Flame	504
11643	15636	Spell: Bonds of Force	504
11644	19419	Spell: Bonds of Tunare	504
11645	15517	Spell: Bramblecoat	504
11646	19250	Spell: Breath of Karana	504
11647	19237	Spell: Breath of Ro	504
11648	19351	Spell: Bristlebane's Bundle	504
11649	15094	Spell: Burn	504
11650	15327	Spell: Burnout	504
11651	15106	Spell: Burnout II	504
11652	15107	Spell: Burnout III	504
11653	30472	Spell: Burnout IV	504
11654	15092	Spell: Burst of Fire	504
11655	9994	Spell: Burst of Flame*	504
11656	19353	Spell: Cadeau of Flame	504
11657	30462	Spell: Call of Earth	504
11658	30463	Spell: Call of Fire	504
11659	15691	Spell: Call of Flame	504
11660	19235	Spell: Call of Karana	504
11661	30461	Spell: Call of Sky	504
11662	30464	Spell: Call of the Predator	504
11663	15513	Spell: Calm Animal	504
11664	15247	Spell: Camouflage	504
11665	15048	Spell: Cancel Magic	504
11666	15419	Spell: Careless Lightning	504
11667	15262	Spell: Cascade of Hail	504
11668	15461	Spell: Cast Force	504
11669	15338	Spell: Cavorting Bones	504
11670	15546	Spell: Cazic Gate	504
11671	15565	Spell: Cazic Portal	504
11672	19349	Spell: Char	504
11673	15260	Spell: Charm Animals	504
11674	15539	Spell: Chill Sight	504
11675	19507	Spell: Chloroblast	504
11676	15145	Spell: Chloroplast	504
11677	15069	Spell: Cinder Bolt	504
11678	30477	Spell: Cinder Jolt	504
11679	15553	Spell: Circle of Butcher	504
11680	30440	Spell: Circle of Cobalt Scar	504
11681	15551	Spell: Circle of Commons	504
11682	15556	Spell: Circle of Feerrott	504
11683	15463	Spell: Circle of Force	504
11684	30438	Spell: Circle of Great Divide	504
11685	30434	Spell: Circle of Iceclad	504
11686	15550	Spell: Circle of Karana	504
11687	15554	Spell: Circle of Lavastorm	504
11688	15558	Spell: Circle of Misty	504
11689	15555	Spell: Circle of Ro	504
11690	15557	Spell: Circle of Steamfont	504
11691	19234	Spell: Circle of Summer	504
11692	15862	Spell: Circle of the Combines	504
11693	15552	Spell: Circle of Toxxulia	504
11694	30398	Spell: Circle of Wakening Lands	504
11695	19232	Spell: Circle of Winter	504
11696	19515	Spell: Cobalt Scar Gate	504
11697	30425	Spell: Cobalt Scar Portal	504
11698	15328	Spell: Column of Fire	504
11699	15380	Spell: Column of Frost	504
11700	15462	Spell: Column of Lightning	504
11701	19471	Spell: Combine Gate	504
11702	15861	Spell: Combine Portal	504
11703	15217	Spell: Combust	504
11704	15544	Spell: Common Gate	504
11705	15566	Spell: Common Portal	504
11707	15659	Spell: Conflagration	504
11708	15055	Spell: Cornucopia	504
11709	15096	Spell: Counteract Disease	504
11710	15095	Spell: Counteract Poison	504
11711	15099	Spell: Creeping Crud	504
11712	15213	Spell: Cure Disease	504
11713	15203	Spell: Cure Poison	504
11714	15104	Spell: Dagger of Symbols	504
11715	15237	Spell: Dance of the Fireflies	504
11716	15394	Spell: Diamondskin	504
11717	15618	Spell: Dimensional Hole	504
11718	15325	Spell: Dimensional Pocket	504
11719	19415	Spell: Disintegrate	504
11720	15115	Spell: Dismiss Summoned	504
11721	15520	Spell: Dizzying Wind	504
11722	19316	Spell: Draught of Fire	504
11723	19334	Spell: Draught of Ice	504
11724	19328	Spell: Draught of Jiva	504
11725	15665	Spell: Drifting Death	504
11726	15259	Spell: Drones of Doom	504
11727	15406	Spell: Earthquake	504
11728	19236	Spell: Egress	504
11729	15109	Spell: Elemental Armor	504
11730	15108	Spell: Elemental Shield	504
11731	15225	Spell: Endure Cold	504
11732	15226	Spell: Endure Disease	504
11733	15224	Spell: Endure Fire	504
11734	15228	Spell: Endure Magic	504
11735	15227	Spell: Endure Poison	504
11736	15086	Spell: Enduring Breath	504
11737	15468	Spell: Energy Storm	504
11738	19248	Spell: Engorging Roots	504
11739	15077	Spell: Engulfing Roots	504
11740	15512	Spell: Ensnare	504
11741	15076	Spell: Ensnaring Roots	504
11742	19263	Spell: Entrapping Roots	504
11743	15490	Spell: Enveloping Roots	504
11744	19336	Spell: Evacuate	504
11745	15603	Spell: Evacuate: Fay	504
11746	15605	Spell: Evacuate: Nek	504
11747	15602	Spell: Evacuate: North	504
11748	15604	Spell: Evacuate: Ro	504
11749	15606	Spell: Evacuate: West	504
11750	15056	Spell: Everfount	504
11751	19245	Spell: Exile Summoned	504
11752	19503	Spell: Expedience	504
11753	15664	Spell: Expel Summoned	504
11754	15663	Spell: Expulse Summoned	504
11755	15417	Spell: Extinguish Fatigue	504
11756	19411	Spell: Eye of Tallon	504
11757	15323	Spell: Eye of Zomm	504
11758	15655	Spell: Eyes of the Cat	504
11759	15375	Spell: Fade	504
11760	15543	Spell: Fay Gate	504
11761	15563	Spell: Fay Portal	504
11762	15269	Spell: Feet like Cat	504
11763	15139	Spell: Feral Spirit	504
11764	19338	Spell: Fetter	504
11765	15379	Spell: Fingers of Fire	504
11766	15433	Spell: Fire	504
11767	15477	Spell: Fire Bolt	504
11768	15313	Spell: Fire Flux	504
11769	16321	Spell: Fire Spiral of Al'Kabor	504
11770	15254	Spell: Firefist	504
11771	15085	Spell: Firestorm	504
11772	15057	Spell: Firestrike	504
11773	19255	Spell: Fist of Karana	504
11774	30436	Spell: Fixation of Ro	504
11775	15122	Spell: Flame Arc	504
11776	15322	Spell: Flame Bolt	504
11777	15189	Spell: Flame Flux	504
11778	15239	Spell: Flame Lick	504
11779	15657	Spell: Flame Shock	504
11780	19344	Spell: Flaming Sword of Xuzl	504
11781	15310	Spell: Flare	504
11782	15460	Spell: Force Spiral of Al'Kabor	504
11783	15023	Spell: Force Strike	504
11784	15427	Spell: Form of the Great Wolf	504
11785	19244	Spell: Form of the Howler	504
11786	19260	Spell: Form of the Hunter	504
11787	19252	Spell: Frost	504
11788	15054	Spell: Frost Bolt	504
11789	15464	Spell: Frost Shock	504
11790	15382	Spell: Frost Spiral of Al'Kabor	504
11791	15660	Spell: Frost Storm	504
11792	30439	Spell: Fury of Air	504
11793	15036	Spell: Gate	504
11794	15529	Spell: Gaze	504
11795	19347	Spell: Gift of Xev	504
11796	19247	Spell: Girdle of Karana	504
11797	19240	Spell: Glamour of Tunare	504
11798	15051	Spell: Glimpse	504
11799	15249	Spell: Grasping Roots	504
11800	15073	Spell: Gravity Flux	504
11801	19513	Spell: Great Divide Gate	504
11802	30423	Spell: Great Divide Portal	504
11803	15015	Spell: Greater Healing	504
11804	15066	Spell: Greater Shielding	504
11805	15426	Spell: Greater Wolf Form	504
11806	15234	Spell: Halo of Light	504
11807	15250	Spell: Harmony	504
11808	19434	Spell: Harvest	504
11809	15012	Spell: Healing	504
11810	15679	Spell: Heat Sight	504
11811	19470	Spell: Hsagra's Wrath	504
11812	15029	Spell: Ice	504
11813	15732	Spell: Ice Comet	504
11814	15658	Spell: Ice Shock	504
11815	30426	Spell: Ice Spear of Solist	504
11816	30417	Spell: Iceclad Gate	504
11817	30418	Spell: Iceclad Portal	504
11818	15377	Spell: Icestrike	504
11819	15305	Spell: Identify	504
11820	15091	Spell: Ignite	504
11821	15888	Spell: Imbue Emerald	504
11822	15899	Spell: Imbue Fire Opal	504
11823	15800	Spell: Imbue Plains Pebble	504
11824	15132	Spell: Immobilize	504
11825	15078	Spell: Immolate	504
11826	30406	Spell: Improved Invisibility	504
11827	30435	Spell: Improved Superior Camouflage	504
11828	19322	Spell: Inferno of Al'Kabor	504
11829	15479	Spell: Inferno Shield	504
11830	15465	Spell: Inferno Shock	504
11831	19341	Spell: Invert Gravity	504
11832	15222	Spell: Invigor	504
11833	15042	Spell: Invisibility	504
11834	30420	Spell: Invisibility to Undead	504
11835	15252	Spell: Invoke Lightning	504
11836	19433	Spell: Jolt	504
11837	19323	Spell: Jyll's Static Pulse	504
11838	19340	Spell: Jyll's Wave of Heat	504
11839	19333	Spell: Jyll's Zephyr of Ice	504
11840	15070	Spell: Lava Bolt	504
11841	15469	Spell: Lava Storm	504
11842	15387	Spell: Leatherskin	504
11843	19412	Spell: Legacy of Spike	504
11844	19259	Spell: Legacy of Thorn	504
11845	15246	Spell: Lesser Shielding	504
11846	15261	Spell: Levitate	504
11847	15017	Spell: Light Healing	504
11848	15420	Spell: Lightning Blast	504
11849	15038	Spell: Lightning Bolt	504
11850	15466	Spell: Lightning Shock	504
11851	15467	Spell: Lightning Storm	504
11852	15418	Spell: Lightning Strike	504
11853	15240	Spell: Lull Animal	504
11854	19327	Spell: Lure of Flame	504
11855	19321	Spell: Lure of Frost	504
11856	19422	Spell: Lure of Ice	504
11857	19337	Spell: Lure of Lightning	504
11858	15579	Spell: Magnify	504
11859	15065	Spell: Major Shielding	504
11860	19418	Spell: Mala	504
11861	15110	Spell: Malise	504
11862	15111	Spell: Malisement	504
11863	15112	Spell: Malosi	504
11864	19282	Spell: Malosini	504
11865	19414	Spell: Manasink	504
11866	19295	Spell: Manaskin	504
11867	19370	Spell: Manastorm	504
11868	19430	Spell: Markar's Relocation	504
11869	15612	Spell: Markar's Clash	504
11870	19331	Spell: Markar's Discord	504
11871	19261	Spell: Mask of the Hunter	504
11872	9993	Spell: Minor Healing*	504
11873	9986	Spell: Minor Shielding*	504
11874	15850	Spell: Modulating Rod	504
11875	30475	Spell: Nature Walkers Behest	504
11876	19508	Spell: Nature's Touch	504
11877	19251	Spell: Natureskin	504
11878	15545	Spell: Nek Gate	504
11879	15564	Spell: Nek Portal	504
11880	15542	Spell: North Gate	504
11881	15562	Spell: North Portal	504
11882	15049	Spell: Nullify Magic	504
11883	15374	Spell: Numbing Cold	504
11886	15138	Spell: Pack Chloroplast	504
11887	15137	Spell: Pack Regeneration	504
11888	15169	Spell: Pack Spirit	504
11889	15241	Spell: Panic Animal	504
11890	15133	Spell: Paralyzing Earth	504
11891	19352	Spell: Phantom Armor	504
11892	15081	Spell: Phantom Chain	504
11893	15333	Spell: Phantom Leather	504
11894	15082	Spell: Phantom Plate	504
11895	15386	Spell: Pillar of Fire	504
11896	19335	Spell: Pillar of Flame	504
11897	19318	Spell: Pillar of Frost	504
11898	19326	Spell: Pillar of Lightning	504
11899	19330	Spell: Plainsight	504
11900	15027	Spell: Pogonip	504
11901	19469	Spell: Porlos' Fury	504
11902	19361	Spell: Pouch of Quellious	504
11903	15385	Spell: Project Lightning	504
11904	30442	Spell: Protection of the Glades	504
11905	19354	Spell: Quiver of Marr	504
11906	19417	Spell: Rage of Zomm	504
11907	15330	Spell: Rain of Blades	504
11908	15083	Spell: Rain of Fire	504
11909	15121	Spell: Rain of Lava	504
11910	15409	Spell: Rain of Spikes	504
11911	15410	Spell: Rain of Swords	504
11912	15331	Spell: Reclaim Energy	504
11913	15144	Spell: Regeneration	504
11914	19243	Spell: Regrowth	504
11915	19256	Spell: Regrowth of the Grove	504
11916	15755	Spell: Rend	504
11917	15851	Spell: Renew Elements	504
11918	15852	Spell: Renew Summoning	504
11919	19231	Spell: Repulse Animal	504
11920	15061	Spell: Resist Cold	504
11921	15063	Spell: Resist Disease	504
11922	15060	Spell: Resist Fire	504
11923	15064	Spell: Resist Magic	504
11924	15062	Spell: Resist Poison	504
11925	15381	Spell: Resistant Skin	504
11926	19332	Spell: Retribution of Al'Kabor	504
11927	15532	Spell: Ring of Butcher	504
11928	19518	Spell: Ring of Cobalt Scar	504
11929	15531	Spell: Ring of Commons	504
11930	15536	Spell: Ring of Feerrott	504
11931	19516	Spell: Ring of Great Divide	504
11932	30433	Spell: Ring of Iceclad	504
11933	15530	Spell: Ring of Karana	504
11934	15534	Spell: Ring of Lavastorm	504
11935	15538	Spell: Ring of Misty	504
11936	15535	Spell: Ring of Ro	504
11937	15537	Spell: Ring of Steamfont	504
11938	19483	Spell: Ring of Surefall Glade	504
11939	19472	Spell: Ring of the Combines	504
11940	15533	Spell: Ring of Toxxulia	504
11941	19517	Spell: Ring of Wakening Lands	504
11942	15547	Spell: Ro Gate	504
11943	15567	Spell: Ro Portal	504
11944	30437	Spell: Ro's Fiery Sundering	504
11945	15230	Spell: Root	504
11946	15140	Spell: Savage Spirit	504
11947	15424	Spell: Scale of Wolf	504
11948	19358	Spell: Scars of Sigil	504
11949	19242	Spell: Scoriae	504
11950	15080	Spell: See Invisible	504
11951	19369	Spell: Seeking Flame of Seukor	504
11952	15238	Spell: Sense Animals	504
11953	15232	Spell: Sense Summoned	504
11954	15354	Spell: Shadow Step	504
11955	15428	Spell: Share Wolf Form	504
11956	15273	Spell: Shield of Barbs	504
11957	19254	Spell: Shield of Blades	504
11958	15129	Spell: Shield of Brambles	504
11959	15332	Spell: Shield of Fire	504
11960	15411	Spell: Shield of Flame	504
11961	15412	Spell: Shield of Lava	504
11962	15432	Spell: Shield of Spikes	504
11963	19300	Spell: Shield of the Magi	504
11964	15256	Spell: Shield of Thistles	504
11965	15356	Spell: Shield of Thorns	504
11966	15309	Spell: Shielding	504
11967	15236	Spell: Shieldskin	504
11968	15084	Spell: Shifting Sight	504
11969	15324	Spell: Shock of Blades	504
11970	15376	Spell: Shock of Fire	504
11971	15334	Spell: Shock of Flame	504
11972	9988	Spell: Shock of Frost*	504
11973	15656	Spell: Shock of Ice	504
11974	15383	Spell: Shock of Lightning	504
11975	15113	Spell: Shock of Spikes	504
11976	19365	Spell: Shock of Steel	504
11977	15114	Spell: Shock of Swords	504
11978	15459	Spell: Shock Spiral of Al'Kabor	504
11979	15578	Spell: Sight	504
11980	19359	Spell: Sirocco	504
11981	15422	Spell: Skin Like Diamond	504
11982	15423	Spell: Skin Like Nature	504
11983	15263	Spell: Skin Like Rock	504
11984	15421	Spell: Skin Like Steel	504
11985	15026	Spell: Skin Like Wood	504
11986	15242	Spell: Snare	504
11987	15102	Spell: Spear of Warding	504
11988	15373	Spell: Sphere of Light	504
11989	15518	Spell: Spikecoat	504
11990	15220	Spell: Spirit of Cheetah	504
11991	19258	Spell: Spirit of Oak	504
11992	15278	Spell: Spirit of Wolf	504
11993	15615	Spell: Staff of Runes	504
11994	15616	Spell: Staff of Symbols	504
11995	15613	Spell: Staff of Tracing	504
11996	15614	Spell: Staff of Warding	504
11997	15671	Spell: Starfire	504
11998	15257	Spell: Starshine	504
11999	15393	Spell: Steelskin	504
12000	15264	Spell: Stinging Swarm	504
12001	15430	Spell: Storm Strength	504
12002	15268	Spell: Strength of Earth	504
12003	30476	Spell: Strength of Nature	504
12004	15429	Spell: Strength of Stone	504
12005	19253	Spell: Succor	504
12006	15608	Spell: Succor: Butcher	504
12007	15607	Spell: Succor: East	504
12008	15610	Spell: Succor: Lavastorm	504
12009	15611	Spell: Succor: North	504
12010	15609	Spell: Succor: Ro	504
12011	15101	Spell: Summon Arrows	504
12012	15318	Spell: Summon Bandages	504
12013	15103	Spell: Summon Coldstone	504
12014	19502	Spell: Summon Companion	504
12015	15311	Spell: Summon Dagger	504
12016	15211	Spell: Summon Drink	504
12017	15319	Spell: Summon Fang	504
12018	15050	Spell: Summon Food	504
12019	15320	Spell: Summon Heatstone	504
12020	19436	Spell: Summon Orb	504
12021	15105	Spell: Summon Ring of Flight	504
12022	30401	Spell: Summon Shard of the Core	504
12023	15100	Spell: Summon Throwing Dagger	504
12024	15004	Spell: Summon Waterstone	504
12025	15321	Spell: Summon Wisp	504
12026	15143	Spell: Sunbeam	504
12027	19345	Spell: Sunstrike	504
12028	15034	Spell: Superior Camouflage	504
12029	15009	Spell: Superior Healing	504
12030	15733	Spell: Supernova	504
12031	15617	Spell: Sword of Runes	504
12032	19319	Spell: Tears of Druzzil	504
12033	19329	Spell: Tears of Solusek	504
12034	15514	Spell: Terrorize Animal	504
12035	15515	Spell: Thistlecoat	504
12036	15519	Spell: Thorncoat	504
12037	15470	Spell: Thunder Strike	504
12038	15471	Spell: Thunderclap	504
12039	15503	Spell: Tishan's Clash	504
12040	19317	Spell: Tishan's Discord	504
12041	19429	Spell: Tishan's Relocation	504
12042	15541	Spell: Tox Gate	504
12043	15561	Spell: Tox Portal	504
12044	30422	Spell: Translocate	504
12045	19489	Spell: Translocate: Cazic	504
12046	19512	Spell: Translocate: Cobalt Scar	504
12047	19478	Spell: Translocate: Combine	504
12048	19486	Spell: Translocate: Common	504
12049	19475	Spell: Translocate: Fay	504
12050	19510	Spell: Translocate: Great Divide	504
12051	19474	Spell: Translocate: Group	504
12052	19509	Spell: Translocate: Iceclad	504
12053	19485	Spell: Translocate: Nek	504
12054	19477	Spell: Translocate: North	504
12055	19487	Spell: Translocate: Ro	504
12056	19476	Spell: Translocate: Tox	504
12057	19511	Spell: Translocate: Wakening Lands	504
12058	19488	Spell: Translocate: West	504
12059	15258	Spell: Treeform	504
12060	15405	Spell: Tremor	504
12061	15205	Spell: True North	504
12062	19246	Spell: Tunare's Request	504
12063	19205	Spell: Upheaval	504
12064	19501	Spell: Valiant Companion	504
12065	19348	Spell: Velocity	504
12066	19342	Spell: Vengeance of Al'Kabor	504
12067	19325	Spell: Voltaic Draugh	504
12068	19413	Spell: Wake of Karana	504
12069	19514	Spell: Wakening Lands Gate	504
12070	30399	Spell: Wakening Lands Portal	504
12071	15248	Spell: Ward Summoned	504
12072	15548	Spell: West Gate	504
12073	15568	Spell: West Portal	504
12074	15253	Spell: Whirling Wind	504
12075	19257	Spell: Wildfire	504
12076	19427	Spell: Wind of the North	504
12077	19428	Spell: Wind of the South	504
12078	19343	Spell: Winds of Gelid	504
12079	19239	Spell: Winged Death	504
12080	15425	Spell: Wolf Form	504
12081	15731	Spell: Wrath of Al'Kabor	504
12082	30405	Spell: Wrath of the Elements	504
12083	15528	Spell: Yonder	504
12117	19426	Spell: Calefaction	504
12119	15022	Spell: Force Shock	504
12120	15854	Spell: Leach	504
12121	30419	Spell: O'Keils Flickering Flame	504
12122	15378	Spell: O'Keils Radiation	504
12124	19324	Spell: Thunderbold	504
12125	19451	Song: Largo's Absonant Binding	504
12126	15859	Spell: Rapacious Subversion	504
12127	19363	Spell: Muzzle of Mardu	504
12128	19339	Spell: Tears of Prexus	504
12129	5826	Deep Cavern Toadstool	854
12130	0	A Tattered and Worn Note	682
12131	19150	Bladder of Otter Milk	717
12132	9991	Bread Cakes*	1021
12133	19151	Clamcakes	785
12134	9999	Club*	737
12135	0	Corrupted Body Part	818
12136	0	Locket of the Mourner	1147
12137	0	Marshmallow Hot Cocoa	584
12138	9990	Skin of Milk	717
12139	24549	a jester	650
12140	24871	a prismatic wing	908
12141	23153	Blue Fine Plate Boots	524
12142	23150	Blue Fine Plate Bracer	516
12143	23148	Blue Fine Plate Breastplate	624
12144	23151	Blue Fine Plate Gauntlets	531
12145	23152	Blue Fine Plate Greaves	540
12146	23147	Blue Fine Plate Helm	550
12147	23149	Blue Fine Plate Vambraces	622
12148	18205	Guild Summons	504
12149	18316	Korucust's report on Vrasyk	789
12150	23090	Red Fine Plate Boots	524
12151	23087	Red Fine Plate Bracer	516
12152	23085	Red Fine Plate Breastplate	624
12153	23088	Red Fine Plate Gauntlets	531
12154	23089	Red Fine Plate Greaves	540
12155	23084	Red Fine Plate Helm	550
12156	23086	Red Fine Plate Vambraces	622
12157	5829	Sarnak Travel Canteen	717
12158	19387	Spell: Wind of Tishani	504
12159	19405	Spell: Wind of Tishanian	504
12160	6800	Tasty Candy	1093
12161	15131	Spell: Enstill	504
12162	15596	Spell: Illusion: Dry Bone	504
12163	15255	Spell: Invisibility versus Animals	504
12164	15235	Spell: Invisibility versus Undead	504
12165	14497	10 Doses of Greater Adroitness	587
12166	14354	A Rod	821
12167	2566	Bloodclaw Mace	578
12168	25149	Flask of Icy Water	830
12169	25183	Wyvern Flesh Pie	783
12170	6915	Tiny Brass Shuriken	681
