planner_item_id	peq_item_id	item_name	material	idfile	color	item_type
1754	1001	Cloth Cap	0	IT63	0	10
1765	1002	Cloth Veil	0	IT63	0	10
1756	1003	Cloth Choker	0	IT63	0	10
1763	1004	Cloth Shirt	0	IT63	0	10
1762	1005	Cloth Shawl	0	IT63	0	10
1755	1006	Cloth Cape	0	IT63	0	10
1758	1007	Cloth Cord	0	IT63	0	10
1764	1008	Cloth Sleeves	0	IT63	0	10
1766	1009	Cloth Wristband	0	IT63	0	10
1759	1010	Cloth Gloves	0	IT63	0	10
1760	1011	Cloth Pants	0	IT63	0	10
1761	1012	Cloth Sandals	0	IT63	0	10
8842	1013	Small Cloth Cap	0	IT63	0	10
8852	1014	Small Cloth Veil	0	IT63	0	10
8844	1015	Small Cloth Choker	0	IT63	0	10
8850	1016	Small Cloth Shirt	0	IT63	0	10
8849	1017	Small Cloth Shawl	0	IT63	0	10
8843	1018	Small Cloth Cape	0	IT63	0	10
8845	1019	Small Cloth Cord	0	IT63	0	10
8851	1020	Small Cloth Sleeves	0	IT63	0	10
8853	1021	Small Cloth Wristband	0	IT63	0	10
8846	1022	Small Cloth Gloves	0	IT63	0	10
8847	1023	Small Cloth Pants	0	IT63	0	10
8848	1024	Small Cloth Sandals	0	IT63	0	10
5552	1025	Large Cloth Cap	0	IT63	0	10
5562	1026	Large Cloth Veil	0	IT63	0	10
5554	1027	Large Cloth Choker	0	IT63	0	10
5560	1028	Large Cloth Shirt	0	IT63	0	10
5559	1029	Large Cloth Shawl	0	IT63	0	10
5553	1030	Large Cloth Cape	0	IT63	0	10
5555	1031	Large Cloth Cord	0	IT63	0	10
5561	1032	Large Cloth Sleeves	0	IT63	0	10
5563	1033	Large Cloth Wristband	0	IT63	0	10
5556	1034	Large Cloth Gloves	0	IT63	0	10
5557	1035	Large Cloth Pants	0	IT63	0	10
5558	1036	Large Cloth Sandals	0	IT63	0	10
3664	1037	Fur Lined Shoes	0	IT63	0	10
9641	1038	Tattered Cloth Sandal	0	IT63	0	10
5181	1040	Iron Torque	0	IT63	0	10
5595	1042	Large Iron Torque	0	IT63	0	10
8881	1043	Small Iron Torque	0	IT63	0	10
10359	1044	Velium Round Shield	0	IT228	0	255
7601	1045	Rodrick's Head	0	IT63	0	255
747	1048	Black Leather Cloak	0	IT63	0	10
1344	1049	Brown Leather Gloves	1	IT63	0	10
7298	1050	Rat Fur Cap	0	IT63	0	10
7302	1051	Rat Pelt Cape	0	IT63	0	10
9068	1052	Snake Fang Necklace	0	IT63	0	255
7291	1053	Rat's Foot Necklace	0	IT63	0	255
10219	1054	Used Merchants Gloves	0	IT63	0	255
8397	1055	Shawl of the Wind Spirit	0	IT63	0	10
3177	1056	Faded Cloak	0	IT63	0	10
6394	1057	Mystic Cloak	0	IT63	0	10
9734	1060	Teir`Dal Robe Red	16	IT63	9835540	10
3378	1061	Fishbone Necklace	0	IT63	0	10
5335	1062	Kerran Fishingpole	0	IT38	0	3
5338	1063	Kerran Tribal Headband	0	IT63	0	10
10002	1064	Trakanasaur Hide Tunic	1	IT63	7234710	10
10000	1065	Trakanasaur Hide Leggings	1	IT63	7234710	10
10001	1066	Trakanasaur Hide Sleeves	1	IT63	7234710	10
9999	1067	Trakanasaur Hide Gloves	1	IT63	7234710	10
4491	1068	Holy Dirt of Brell	0	IT63	0	255
3270	1069	Fiery Jewel of the Underfoot	0	IT63	0	255
9171	1070	Speckled Granite Pebble	0	IT63	0	255
5875	1071	Living Heart of a Brell Minion	0	IT63	0	255
944	1072	Blood Flecked Obsidian Shard	0	IT63	0	255
7725	1074	Ruined Heretic Longsword	0	IT1	0	0
1961	1075	Cracked Paineel Shield	0	IT215	0	255
7742	1076	Ruined Sword Hilt	0	IT63	0	255
4025	1077	Gold lined heretic cloak	0	IT63	0	255
6306	1080	Mithril Studded Skullcap	1	IT63	4278190080	10
6304	1081	Mithril Studded Mask	0	IT63	0	10
6302	1082	Mithril Studded Gorget	0	IT63	0	10
6308	1083	Mithril Studded Tunic	1	IT63	4278190080	10
6305	1084	Mithril Studded Shoulderpads	0	IT63	4278190080	10
6300	1085	Mithril Studded Cloak	0	IT63	4278190080	10
6298	1086	Mithril Studded Belt	0	IT63	4278190080	10
6307	1087	Mithril Studded Sleeves	1	IT63	0	10
6309	1088	Mithril Studded Wristbands	1	IT63	4278190080	10
6301	1089	Mithril Studded Gloves	1	IT63	0	10
6303	1090	Mithril Studded Leggings	1	IT63	4278190080	10
6299	1091	Mithril Studded Boots	1	IT63	4278190080	10
2458	1094	Dirk of the Traitor	0	IT167	0	2
5371	1096	Klok's Seal	0	IT63	4278190080	255
3604	1097	Frostwrath	0	IT162	0	0
6916	1098	Phase Spider Carapace	19	IT63	6579325	10
6272	1099	Mithril Boots	3		11842810	10
6279	1100	Mithril Gauntlets	3		11842810	10
6462	1101	Netted Cap	0	IT63	0	10
6480	1102	Netted Mask	0	IT63	0	10
6464	1103	Netted Choker	0	IT63	0	10
6482	1104	Netted Shirt	0	IT63	0	10
6479	1105	Netted Mantle	0	IT63	0	10
6463	1106	Netted Cape	0	IT63	0	10
6465	1107	Netted Girth	0	IT63	0	10
6483	1108	Netted Sleeves	0	IT63	0	10
6484	1109	Netted Wristband	0	IT63	0	10
6466	1110	Netted Gloves	0	IT63	0	10
6481	1111	Netted Pants	0	IT63	0	10
6281	1112	Mithril Helm	3		11842810	10
6715	1113	Orb of the Crimson Bull	0	IT68	0	255
9790	1115	The Skull of Torture	0	IT63	4278190080	10
10390	1117	Velketor's Spell Book	0	IT27	0	255
3055	1120	Erudehide Tunic	1	IT63	4278190080	10
10846	1121	Woven Cap	0	IT63	0	10
10866	1122	Woven Mask	0	IT63	0	10
10849	1123	Woven Collar	0	IT63	0	10
10876	1124	Woven Tunic	0	IT63	13153430	10
10865	1125	Woven Mantle	0	IT63	0	10
10847	1126	Woven Cape	0	IT63	0	10
10853	1127	Woven Girth	0	IT63	0	10
10875	1128	Woven Sleeves	0	IT63	0	10
10878	1129	Woven Wristbands	0	IT63	0	10
10854	1130	Woven Gloves	0	IT63	0	10
10864	1131	Woven Leggings	0	IT63	0	10
9875	1132	Tinker Wrench	0	IT14	0	3
8424	1133	Shield of the Clawed Guardian	0	IT221	0	10
10894	1134	Writ of Dragonkind	0	IT27	0	255
9061	1136	Smolder	0	IT163	0	0
8521	1137	Shroud of Longevity	16	IT63	1973790	10
6193	1141	Mesh Helm	1	IT63	0	10
6196	1142	Mesh Mask	1	IT63	0	10
6192	1143	Mesh Gorget	1	IT63	0	10
6197	1144	Mesh Tunic	1	IT63	15790320	10
6195	1145	Mesh Mantle	1	IT63	0	10
6189	1146	Mesh Cape	0	IT63	0	10
6191	1147	Mesh Girth	1	IT63	0	10
6187	1148	Mesh Armbands	1	IT63	0	10
6188	1149	Mesh Bracers	1	IT63	0	10
6190	1150	Mesh Gauntlets	1	IT63	0	10
6194	1151	Mesh Leggings	1	IT63	0	10
2256	1153	Dainty Gloves	1		0	10
8112	1154	Sceptre of Destruction	0	IT51	0	3
9565	1155	Sylvani Leaf	0	IT63	0	255
9344	1156	Staff of the Morning Dew	0	IT186	0	3
2527	1157	Dragon Scaled Mask	0	IT63	0	10
7985	1158	Salindrite Dagger	0	IT194	0	2
5336	1159	Kerran Headband	1	IT63	0	10
7345	1160	Raw Silk Headband	0	IT63	0	10
7348	1161	Raw Silk Mask	0	IT63	0	10
7343	1162	Raw Silk Collar	0	IT63	0	10
7349	1163	Raw Silk Robe	16	IT63	8475406	10
7347	1164	Raw Silk Mantle	0	IT63	0	10
7342	1165	Raw Silk Cloak	0	IT63	0	10
7351	1166	Raw Silk Sash	0	IT63	0	10
7352	1167	Raw Silk Sleeves	0	IT63	0	10
7353	1168	Raw Silk Wristbands	0	IT63	0	10
7344	1169	Raw Silk Gloves	0	IT63	0	10
7346	1170	Raw Silk Leggings	0	IT63	0	10
7350	1171	Raw Silk Sandals	0	IT63	0	10
1703	1172	Clawed Guardian Bracer	19		0	10
9341	1173	Staff of the Elder Claws	0	IT186	0	4
2185	1180	Cured Silk Headband	4	IT63	0	10
2188	1181	Cured Silk Mask	4	IT63	0	10
2182	1182	Cured Silk Collar	4	IT63	0	10
2183	1183	Cured Silk Gi	4	IT63	15790320	10
2187	1184	Cured Silk Mantle	4	IT63	0	10
2181	1185	Cured Silk Cloak	4	IT63	0	10
2190	1186	Cured Silk Sash	4	IT63	0	10
2191	1187	Cured Silk Sleeves	4	IT63	0	10
2192	1188	Cured Silk Wristbands	4	IT63	0	10
2184	1189	Cured Silk Handwraps	4	IT63	0	10
2186	1190	Cured Silk Leggings	4	IT63	0	10
2189	1191	Cured Silk Sandals	4	IT63	0	10
10901	1192	Wu's Fighting Gauntlets	4	IT63	0	10
1392	1193	Burynai Legion Gi	12	IT63	11500900	10
6349	1194	Mountain Death Belt	0	IT63	0	10
10850	1195	Woven Cord of Mistletoe	0	IT63	0	10
10877	1196	Woven Vine Wristband	17	IT63	20480	10
6065	1197	Maple Leaf Mask	0	IT63	20	10
8500	1201	Shiverback-hide Jerkin	4	IT63	0	10
8497	1202	Shiverback-hide Armbands	4	IT63	0	10
8502	1203	Shiverback-hide Wristbands	4	IT63	0	10
8499	1204	Shiverback-hide Gloves	4	IT63	0	10
8501	1205	Shiverback-hide Leggings	4	IT63	0	10
8498	1206	Shiverback-hide Boots	4	IT63	0	10
4422	1207	Helm of the Tracker	0	IT240	0	10
3865	1208	Gloves of Earthcrafting	20		0	10
6438	1209	Natures Defender	0	IT166	0	1
3910	1210	Gnoll Fur Patch	0	IT63	0	255
2082	1211	Cryosilk Cap	1	IT63	0	10
2091	1212	Cryosilk Veil	0	IT63	0	10
2083	1213	Cryosilk Choker	0	IT63	0	10
2088	1214	Cryosilk Robe	12	IT63	0	10
2080	1215	Cryosilk Amice	0	IT63	0	10
2084	1216	Cryosilk Cloak	0	IT63	0	10
2089	1217	Cryosilk Sash	0	IT63	0	10
2090	1218	Cryosilk Sleeves	1	IT63	0	10
2081	1219	Cryosilk Bracelet	1	IT63	0	10
2085	1220	Cryosilk Gloves	1	IT63	0	10
2087	1221	Cryosilk Pantaloons	1	IT63	0	10
2086	1222	Cryosilk Lined Shoes	1	IT63	0	10
9570	1223	Symbol of Tunarian Worship	19	IT63	0	10
1664	1224	Chord of Vines	0	IT63	0	10
1476	1225	Carmine Turban	0	IT63	0	10
1472	1226	Carmine Robe	15	IT63	11471410	10
1473	1227	Carmine Sleeves	1	IT63	0	10
1475	1228	Carmine Trinket	1	IT63	0	10
1470	1229	Carmine Gloves	1	IT63	0	10
1471	1230	Carmine Pants	1	IT63	0	10
1469	1231	Carmine Boots	1	IT63	0	10
910	1232	Blighted Skullcap	0	IT63	0	10
909	1233	Blighted Robe	11	IT63	91386	10
911	1234	Blighted Sleeves	1	IT63	0	10
904	1235	Blighted Armband	1	IT63	0	10
906	1236	Blighted Gloves	1	IT63	0	10
912	1237	Blighted Trousers	1	IT63	0	10
905	1238	Blighted Boots	1	IT63	0	10
346	1239	Apothic Crown	0	IT63	0	10
349	1240	Apothic Robe	12	IT63	9832970	10
350	1241	Apothic Sleeves	1	IT63	0	10
351	1242	Apothic Warband	1	IT63	0	10
347	1243	Apothic Gloves	1	IT63	0	10
348	1244	Apothic Kilt	1	IT63	0	10
345	1245	Apothic Boots	1	IT63	0	10
5139	1246	Insidious Halo	0	IT63	0	10
5142	1247	Insidious Robe	12	IT63	668360	10
5143	1248	Insidious Sleeves	1	IT63	0	10
5140	1249	Insidious Manacle	1	IT63	0	10
5138	1250	Insidious Gloves	1	IT63	0	10
5141	1251	Insidious Pantaloons	1	IT63	0	10
5144	1252	Insidious Slippers	1	IT63	0	10
7574	1253	Robe of the Kedge	14	IT63	0	10
6244	1254	Miragul's Robe	13	IT63	13111055	10
9667	1256	Tattered Tomb Shroud	12	IT63	2302755	10
9638	1257	Tattered Arm Wrappings	1	IT63	2302755	10
9650	1258	Tattered Leg Wrappings	1	IT63	2302755	10
10831	1259	Worm-eaten Gloves	1	IT63	2302755	10
4125	1260	Grave Sandals	1	IT63	2302755	10
2832	1262	Elliptical Veil	0	IT63	0	10
7569	1263	Robe of the Foci	12	IT63	6592050	10
7563	1268	Robe of Living Fungus	14	IT63	4941075	10
234	1271	Al`Kabor's Cap of Binding	0	IT63	0	10
449	1272	Augmentor's Mask	0	IT63	4278190080	10
7275	1273	Raiment of Thunder	0	IT63	0	10
1165	1274	Bracelet of Clarification	0	IT63	0	10
5195	1275	Ivory Mask	0	IT63	0	10
10650	1276	Wind Walker's Mantle	0	IT63	0	10
9209	1277	Sphinx Hair Cord	0	IT63	0	10
1729	1278	Cloak of Spiroc Feathers	0	IT63	0	10
1000	1279	Bloodsoaked Raiment	0	IT63	0	10
7993	1280	Sandals of Alacrity	4	IT63	0	10
9928	1281	Ton Po's Eye Patch	0	IT63	0	255
6408	1282	Mystical Back Straps	4	IT63	4278190080	10
9929	1283	Ton Po's Shoulder Wraps	0	IT63	0	10
7733	1284	Ruined Scaled Coif	2	IT63	6579240	10
7740	1285	Ruined Scaled Visor	0	IT63	6579240	10
7736	1286	Ruined Scaled Neckguard	0	IT63	6579240	10
7732	1287	Ruined Scaled Coat	2	IT63	6579240	10
7735	1288	Ruined Scaled Mantle	0	IT63	6579240	10
7731	1289	Ruined Scaled Cape	0	IT63	6579240	10
7738	1290	Ruined Scaled Skirt	0	IT63	6579240	10
7739	1291	Ruined Scaled Sleeves	2	IT63	6579240	10
7730	1292	Ruined Scaled Bracelet	2	IT63	6579240	10
7734	1293	Ruined Scaled Gloves	2	IT63	6579240	10
7737	1294	Ruined Scaled Pants	2	IT63	6579240	10
7729	1295	Ruined Scaled Boots	2	IT63	6579240	10
4660	1296	Iksar Skin Gloves	1	IT63	0	10
10031	1297	Triumvirate Missionary Robe	16	IT63	51425	10
6975	1298	Plasmatic Priest Robe	16	IT63	13107200	10
967	1299	Blood Soaked Plasmatic Priest Robe	16	IT63	13107200	255
8056	1302	Savant's Cap	0	IT63	0	10
4099	1304	Gossamer Cap	1	IT63	0	10
4107	1305	Gossamer Veil	0	IT63	0	10
4101	1306	Gossamer Collar	0	IT63	0	10
4104	1307	Gossamer Robe	16	IT63	15790320	10
4098	1308	Gossamer Amice	0	IT63	0	10
4100	1309	Gossamer Cape	0	IT63	0	10
4105	1310	Gossamer Sash	0	IT63	0	10
4106	1311	Gossamer Sleeves	1	IT63	0	10
4108	1312	Gossamer Wristbands	1	IT63	0	10
4102	1313	Gossamer Gloves	1	IT63	0	10
4103	1314	Gossamer Leggings	1	IT63	0	10
9095	1315	Soft Leather Boots	1	IT63	4278190080	10
10392	1316	Velvet Choker	0	IT63	0	10
8250	1317	Serpentskin Eyepatch	1	IT63	0	10
1069	1318	Bone Fingered Gloves	1	IT63	0	10
3450	1320	Flowing Black Robe	11	IT63	0	10
4489	1321	Hollowed Bone Bracers	1	IT63	0	10
9767	1322	Thaumaturgist's Robe	16	IT63	8535050	10
10452	1324	Visage of Life	0	IT63	4278190080	10
10885	1325	Wreath of Nature	0	IT63	4278190080	10
4221	1327	Grizznot's Claws	0	IT136	0	0
5083	1328	Incandescent Bracer	21		0	10
3911	1329	Gnoll Fur Patch Quarter	0	IT63	0	255
6848	1330	Patched Gnoll Fur Bundle	0	IT63	0	10
2264	1331	Damask Cap	0	IT63	0	10
2272	1332	Damask Veil	0	IT63	0	10
2266	1333	Damask Collar	0	IT63	0	10
2269	1334	Damask Robe	16	IT63	13153430	10
2263	1335	Damask Amice	0	IT63	0	10
2265	1336	Damask Cape	0	IT63	0	10
2270	1337	Damask Sash	0	IT63	0	10
2271	1338	Damask Sleeves	0	IT63	0	10
2273	1339	Damask Wristbands	0	IT63	0	10
2267	1340	Damask Gloves	0	IT63	0	10
2268	1341	Damask Leggings	0	IT63	0	10
9096	1342	Soft Leather Shoes	0	IT63	0	10
3248	1343	Festering Cloak	0	IT63	0	10
7575	1345	Robe of the Keeper	16	IT63	11797765	10
10520	1347	Warthread Kilt	0	IT63	0	10
9504	1348	Summoned: Muzzle of Mardu	0	IT63	0	255
3208	1349	Fang of the Wolf	0	IT5	0	2
7577	1354	Robe of the Oracle	13	IT63	0	10
7559	1355	Robe of Enshroudment	16	IT63	65793	10
7568	1356	Robe of the Elements	10	IT63	0	10
7573	1357	Robe of the Ishva	12	IT63	1979130	10
213	1358	Advisor Robe	10	IT63	6360322	10
8465	1360	Shining Metallic Robes	15	IT63	0	10
473	1361	Azure Sleeves	0	IT63	0	10
2858	1362	Embroidered Black Sleeves	0	IT63	0	10
8454	1363	A Shimmering White Shroud	0	IT63	0	10
1202	1364	Braided Cinch Cord	0	IT63	0	10
3451	1365	Flowing Black Silk Sash	0	IT63	0	255
8662	1366	Silversilk Leggings	0	IT63	0	10
1204	1367	Braided Ivy Cords	0	IT63	0	10
10704	1368	Wolf Fur Slippers	0	IT63	0	10
5123	1369	Initiate Symbol of Innoruuk	0	IT63	0	10
2472	1370	Disciple Symbol of Innoruuk	0	IT63	0	10
7402	1371	Regent Symbol of Innoruuk	0	IT63	0	10
5127	1376	Initiate Symbol of the Tribunal	0	IT63	0	10
5120	1390	Initiate Symbol of Bertoxxulous	0	IT63	0	10
6344	1400	Moss Mask	0	IT63	0	10
2857	1401	Embroidered Black Cape	0	IT63	0	10
3814	1402	Gilded Cloth	0	IT63	0	10
8482	1403	Shiny Silk Gloves	0	IT63	0	10
2616	1404	Dusty Bloodstained Gloves	0	IT63	0	10
3298	1405	Fine Silk Turban	0	IT63	0	10
1462	1407	Cape of Midnight Mist	0	IT63	0	10
6497	1408	Nightshade Wreath	0	IT63	0	10
4505	1409	Hooded Black Cloak	0	IT63	0	10
1009	1410	Bloodstone Eyepatch	1	IT63	0	10
10103	1411	Turquoise Eyepatch	1	IT63	0	10
4174	1412	Green Silken Drape	16	IT63	2647080	10
8398	1413	Shazda Turban	1	IT63	0	255
4426	1414	Helot Skull Helm	3	IT63	11489330	10
5811	1415	Leif's Napkin	0	IT63	0	255
10029	1416	Trita's Napkin	0	IT63	0	255
1272	1417	Brita's Napkin	0	IT63	0	255
9819	1418	Thoridain's Napkin	0	IT63	0	255
10220	1419	Used Napkin	0	IT63	0	255
1130	1420	Borannin's Seal	0	IT63	0	255
8180	1422	Seal of Thoridain	0	IT63	0	255
2467	1423	Dirty Pot	0	IT63	0	255
10221	1424	Used Pie Tin	0	IT63	0	255
10096	1425	Tundrabear Sandwich	0	IT63	0	255
3580	1426	Frost Bunny Stew	0	IT63	0	255
10141	1427	Ulthork Meat Pie	0	IT63	0	255
9088	1428	Snow Griffin Souffle	0	IT63	0	255
9086	1429	Snow Griffin Egg	0	IT63	0	255
5121	1430	Initiate Symbol of Brell Serilis	0	IT63	0	10
2470	1431	Disciple Symbol of Brell Serilis	0	IT63	0	10
5122	1437	Initiate Symbol of Cazic Thule	0	IT63	0	10
2471	1438	Disciple Symbol of Cazic Thule	0	IT63	0	10
5125	1444	Initiate Symbol of Rallos Zek	0	IT63	0	10
8054	1451	Saucy Bearmeat	0	IT63	0	255
8055	1452	Saucy Bunnymeat	0	IT63	0	255
9217	1453	Spicy Ulthork Meat	0	IT63	0	255
4033	1456	Golden Championship Ring	0	IT63	0	10
6995	1457	Platinum Championship Ring	0	IT63	0	10
9589	1459	Tainted Avalanche Ale	0	IT63	0	255
6386	1460	Murdrick's head	0	IT63	0	255
685	1461	Berradin's head	0	IT63	0	255
6890	1462	Peffin's head	0	IT63	0	255
2494	1463	Doldigun's head	0	IT63	0	255
7515	1464	Ring of the Coldain Council	0	IT63	0	255
2457	1465	Dirk of the Dain	0	IT167	0	2
5295	1466	Juliah's Head	0	IT63	0	255
209	1467	Adarra's bow of the Unseen	0	IT4	65793	5
210	1467	Adarra's Bow of the Unseen	0	IT4	65793	5
2624	1468	Dusty Burlap Hood	0	IT63	0	10
2630	1469	Dusty Burlap Veil	0	IT63	0	10
2621	1470	Dusty Burlap Collar	0	IT63	0	10
2628	1471	Dusty Burlap Shirt	0	IT63	0	10
2627	1472	Dusty Burlap Shawl	0	IT63	0	10
2620	1473	Dusty Burlap Cape	0	IT63	0	10
2622	1474	Dusty Burlap Cord	0	IT63	0	10
2629	1475	Dusty Burlap Sleeves	0	IT63	0	10
2631	1476	Dusty Burlap Wristband	0	IT63	0	10
2623	1477	Dusty Burlap Gloves	0	IT63	0	10
2625	1478	Dusty Burlap Pants	0	IT63	0	10
2626	1479	Dusty Burlap Sandals	0	IT63	0	10
9102	1480	Soft Wicker Helm	1	IT63	5289040	10
9104	1481	Soft Wicker Mask	0	IT63	5289040	10
9101	1482	Soft Wicker Gorget	0	IT63	5289040	10
9107	1483	Soft Wicker Tunic	1	IT63	5289040	10
9105	1484	Soft Wicker Shoulderpads	0	IT63	5289040	10
9099	1485	Soft Wicker Cloak	0	IT63	5289040	10
9097	1486	Soft Wicker Belt	0	IT63	5289040	10
9106	1487	Soft Wicker Sleeves	1	IT63	5289040	10
9108	1488	Soft Wicker Wristbands	1	IT63	5289040	10
9100	1489	Soft Wicker Gloves	1	IT63	5289040	10
9103	1490	Soft Wicker Leggings	1	IT63	5289040	10
9098	1491	Soft Wicker Boots	1	IT63	5289040	10
515	1492	Bamboo Splint Coif	2	IT63	4599040	10
522	1493	Bamboo Splint Visor	0	IT63	4599040	10
518	1494	Bamboo Splint Neckguard	0	IT63	4599040	10
514	1495	Bamboo Splint Coat	2	IT63	4599040	10
517	1496	Bamboo Splint Mantle	0	IT63	4599040	10
513	1497	Bamboo Splint Cape	0	IT63	4599040	10
520	1498	Bamboo Splint Skirt	0	IT63	4599040	10
521	1499	Bamboo Splint Sleeves	2	IT63	4599040	10
1159	1500	Box of the Guilty	0	IT63	0	255
8691	1501	Siryn Hair Hood	1	IT63	0	10
512	1504	Bamboo Splint Bracelet	2	IT63	4599040	10
516	1505	Bamboo Splint Gloves	2	IT63	4599040	10
519	1506	Bamboo Splint Pants	2	IT63	4599040	10
511	1507	Bamboo Splint Boots	2	IT63	4599040	10
1817	1508	Cold Iron Helm	3	IT63	2956830	10
1818	1509	Cold Iron Mask	0	IT63	2956830	10
1813	1510	Cold Iron Collar	0	IT63	2956830	10
1812	1511	Cold Iron Breastplate	3	IT63	2956830	10
1820	1512	Cold Iron Pauldron	0	IT63	2956830	10
1815	1513	Cold Iron Girdle	0	IT63	2956830	10
1822	1514	Cold Iron Vambraces	3	IT63	2956830	10
1811	1515	Cold Iron Bracers	3	IT215	2956830	10
1814	1516	Cold Iron Gauntlets	3	IT63	2956830	10
1816	1517	Cold Iron Greaves	3	IT63	2956830	10
1810	1518	Cold Iron Boots	3	IT63	2956830	10
2041	1519	Crown of the Forlorn	2	IT63	3289650	10
6957	1520	Pit Fighter Handwraps	0	IT63	0	10
6956	1521	Pit Fighter Anklewraps	0	IT63	0	10
1821	1522	Cold Iron Shackle	3	IT63	0	10
8427	1523	Shield of the Forlorn	0	IT202	0	255
1188	1524	Bracer of the Forlorn	3	IT63	5263440	10
607	1525	Bathide Wristband	0	IT63	0	10
1737	1526	Cloak of the Forlorn	0	IT63	0	10
6459	1527	Neriak Ceremonial Robe	16	IT63	988180	10
476	1528	Azzar's Dreadful Hat	0	IT63	0	10
2569	1529	Dreadful Cap	0	IT63	0	10
746	1530	Black Lace Sash	0	IT63	0	10
6855	1531	Pauldrons of Ferocity	0	IT63	0	10
5779	1534	Leatherfoot Sandals	0	IT63	0	10
1245	1535	Brewer's Mesh Cloak	0	IT63	0	10
1006	1536	Bloodstar Pendant	0	IT63	0	10
8708	1537	Skinner's Belt	0	IT63	0	10
2702	1538	Earring of Bashing	0	IT63	0	10
10030	1539	Triumphant Mask	0	IT63	0	10
7504	1540	Ring of Pureblood	0	IT63	0	10
4516	1541	Hotof's Bracer	0	IT63	0	10
6857	1542	Pauldrons of Power	0	IT63	0	10
4578	1543	Icebelt	0	IT63	0	10
2329	1544	Darkbrood Mask	0	IT63	0	10
3031	1545	Engineer's Ring	0	IT63	0	10
1726	1546	Cloak of Scales	0	IT63	0	10
3148	1547	Eye of Cazic Thule	0	IT63	0	10
7571	1548	Robe of the Grove	14	IT63	0	10
4285	1549	Halo of the Enlightened	0	IT63	0	10
698	1550	Bile Etched Obsidian Choker	0	IT63	0	10
1735	1551	Cloak of the Fearsome	0	IT63	0	10
7562	1552	Robe of Inspiration	15	IT63	681110	10
6578	1553	Vial of Velium Vapors	0	IT63	0	255
10437	1553	Vial of Velium Vapors	0	IT63	0	255
1206	1554	Brain of Cazic Thule	0	IT63	0	255
3232	1555	Fearsome Shield	0	IT215	0	255
4228	1556	Grotesque Girdle	0	IT64	0	10
8396	1557	Shawl of Protection	0	IT63	0	10
696	1558	Berserkers Ring	0	IT63	0	255
10979	1559	Zombie Flesh Bracer	1	IT63	0	10
9602	1560	Tanik's note	0	IT63	0	255
9603	1560	Tanik's note	0	IT63	0	255
10381	1561	Velium Vial	0	IT63	0	255
10208	1562	Unfired Velium Vial	0	IT63	0	255
5124	1564	Initiate Symbol of Quellious	0	IT63	4278190080	10
2473	1565	Disciple Symbol of Quellious	0	IT63	0	10
7403	1566	Regent Symbol of Quellious	0	IT63	4278190080	10
2390	1567	Declaration of War	0	IT63	0	255
5126	1570	Initiate Symbol of Tunare	0	IT63	0	10
2474	1571	Disciple Symbol of Tunare	0	IT63	0	10
10494	1572	Warden Symbol of Tunare	0	IT63	0	10
5239	1574	A Jagged Shard of Bone	0	IT5	0	2
3815	1578	Gilded Tiny Skull Earring	0	IT63	0	10
2864	1580	Emerald Cloak of the Faydark	0	IT63	0	10
10384	1583	Velium War Maul	0	IT178	0	3
907	1584	Blighted Mare Hide	0	IT63	4278190080	255
7118	1594	Pouch of Red Dust	0	IT63	0	255
9806	1595	Thick Caustic Fluid	0	IT63	0	255
5986	1596	Magical Suspension Fluid	0	IT63	0	255
2481	1597	Divinatory Concoction	0	IT63	0	255
779	1598	Black Stone Candlestick	0	IT63	0	255
7123	1599	Powder of Unanimation	0	IT63	0	255
7551	1602	Robe of Asphyxiation	13	IT63	1702650	10
7556	1603	Robe of Decay	10	IT63	4278202880	10
7578	1605	Robe of the Spring	13	IT63	4279526420	10
8687	1607	Siren Scale Robe	14	IT63	39880	10
3559	1608	Froglok Bonecaster's Robe	15	IT63	661770	10
7555	1609	Robe of Dalnir	13	IT63	674570	10
2000	1610	Crescent Headband	1	IT63	0	10
1999	1611	Crescent Gi	4	IT63	0	10
1996	1612	Crescent Arm Wraps	4	IT63	0	10
1998	1614	Crescent Fighting Gloves	4	IT63	0	10
2001	1615	Crescent Pants	4	IT63	0	10
2002	1616	Crescent Slippers	4	IT63	0	10
5432	1617	Kunzar Cloak	4	IT63	0	10
9532	1618	Supple Scale Armband	4	IT63	0	10
8531	1619	Siblisian Berserker Cloak	0	IT63	0	10
7837	1620	Runebranded Girdle	0	IT63	0	10
10834	1621	Worn Cloth Mantle	0	IT63	0	10
4440	1622	Hierophant's Cloak	0	IT63	0	10
8052	1623	Sash of the Dragonborn	0	IT63	0	10
9912	1624	Tolapumj's Robe	14	IT63	1651225	10
3041	1625	Enshrouded Veil	4	IT63	0	10
7046	1626	Poisoned Mantle	0	IT63	0	10
1725	1627	Cloak of Piety	0	IT63	0	10
8523	1628	Shroud of Veeshan	0	IT63	0	10
3743	1629	Ghostly Robes	16	IT63	9014413	10
4310	1630	Hangman's Noose	0	IT63	0	10
6146	1631	Meditative Blanket	0	IT63	0	10
5892	1641	Loam Encrusted Cap	1	IT63	0	10
5901	1642	Loam Encrusted Veil	0	IT63	0	10
5893	1643	Loam Encrusted Choker	0	IT63	0	10
5898	1644	Loam Encrusted Robe	11	IT63	16448100	10
5890	1645	Loam Encrusted Amice	0	IT63	0	10
5894	1646	Loam Encrusted Cloak	0	IT63	0	10
5899	1647	Loam Encrusted Sash	0	IT63	0	10
5900	1648	Loam Encrusted Sleeves	1	IT63	0	10
5891	1649	Loam Encrusted Bracelet	1	IT63	0	10
5895	1650	Loam Encrusted Gloves	1	IT63	0	10
5897	1651	Loam Encrusted Pantaloons	1	IT63	0	10
5896	1652	Loam Encrusted Lined Shoes	1	IT63	0	10
9882	1665	Tiny Gem	0	IT63	0	255
6703	1666	Opaque Gem	0	IT63	0	255
4607	1671	Icon of the High Scale	0	IT63	0	255
729	1672	Black Dire Pelt	0	IT63	0	255
1625	1673	Child's Tear	0	IT63	0	255
4657	1674	Iksar Scale	0	IT63	0	255
6071	1675	Marr's Promise	0	IT207	0	255
10686	1676	Woe	0	IT57	0	2
3044	1677	Envy	0	IT118	0	255
734	1678	Black Fur Boots	1	IT63	3289650	10
8413	1679	Shield of Falsehood	0	IT226	0	255
3034	1681	Engraved Ring	0	IT63	0	255
2276	1682	Danl's Reference	0	IT63	0	255
1544	1683	Celestial Fists	0	IT63	0	255
1612	1684	Charred Scale	0	IT63	0	255
1233	1685	Breath of Gwan	0	IT63	0	255
10075	1686	Trunt's Head	0	IT63	0	255
3154	1687	Eye of Kaiaren	0	IT63	0	255
2419	1688	Demon Fangs	0	IT63	0	255
1088	1689	Book of Celestial Fists	0	IT63	0	255
10331	1692	Velium Focus	0	IT63	0	255
2777	1694	Elbaite Focus	0	IT63	0	255
7393	1695	Reddish Crystal	0	IT63	0	255
682	1696	Bent Metallic Crystal	0	IT63	0	255
4399	1697	Heavy Metallic Crystal	0	IT63	0	255
475	1698	Azurite Focus	0	IT63	0	255
4493	1699	Holy Symbol of Zek	0	IT63	0	255
6917	1700	Phenocryst's Focus	0	IT68	0	255
6183	1702	Mercenary Assignment	0	IT63	0	255
9608	1703	Tar goo strands	1	IT63	5930330	10
8540	1704	Sifaye messenger's report	0	IT63	0	255
10372	1705	Velium Studded Cloak	0	IT63	0	10
5416	1706	Krofer's Requisition	0	IT63	0	255
8542	1707	Signed Requisition	0	IT63	0	255
6257	1708	Mission Report	0	IT63	0	255
7446	1709	Report of Failure	0	IT63	0	255
5137	1710	Inscribed Velium Tablet	0	IT63	0	255
5904	1711	Lock of Dwarven Hair	0	IT63	0	255
369	1712	Arcanum of Rosh	0	IT27	0	255
3027	1713	Enchanted Velium Mask	0	IT63	0	10
292	1714	Ancient Rusted Key	0	IT63	0	255
191	1715	Abram's Axe of the Stoic	0	IT182	0	1
8185	1717	Sealed Letter	0	IT63	0	255
10924	1718	Wurmscale Scroll	0	IT63	0	255
3822	1719	Girdle of Reflection	0	IT63	0	10
4427	1720	Helssen's Prismatic Trinket	0	IT63	0	10
1869	1721	Collar of the Storm	0	IT63	0	10
6515	1723	Noble's Seal	0	IT63	0	255
3267	1724	Field Supplies	0	IT63	0	255
10323	1725	Velium Delivery Note	0	IT63	0	255
8394	1726	Shattering Hammer	0	IT177	0	19
1180	1727	Bracer of Hammerfal	22	IT63	0	10
3102	1728	Ethereal Bladed Naginata	0	IT176	0	1
1595	1729	Charasis Tome	0	IT63	0	255
1596	1730	Charasis Tome Copy	0	IT63	0	255
196	1731	Acolyte's Anklet	0	IT63	0	10
10532	1735	Waterlogged Flesh	0	IT63	0	255
238	1736	Algae Covered Flesh	0	IT63	0	255
9554	1737	Swollen Flesh	0	IT63	0	255
6415	1738	Narandi's Lance	0	IT197	0	35
6416	1739	Narandi's head	0	IT63	0	255
10011	1740	Traveler's Boots	1	IT63	0	10
8503	1741	Shorn Head of Narandi	0	IT63	0	255
1659	1742	Choker of the Wretched	0	IT63	0	10
3171	1743	Faceguard of Bentos the Hero	0	IT63	0	10
2717	1744	Earring of the Frozen Skull	0	IT63	0	10
3157	1745	Eye of Narandi	0	IT63	0	255
2036	1746	Crown of Narandi	0	IT63	0	10
7198	1747	Protection of the Dain	0	IT63	0	255
6775	1750	Packmaster's Lash	0	IT61	0	0
6776	1750	Packmaster's Lash	0	IT61	0	0
3280	1751	Filth Covered Boots	0	IT63	6585650	10
935	1752	Blood Cured Wraps	1	IT63	5242880	10
1217	1753	Brawler's Belt	0	IT63	0	10
10984	1753	Brawler's Belt	0	IT63	0	10
3078	1754	Etched Chitin Shield	0	IT220	0	255
10130	1755	Uliorn's Fishing Pole	0	IT38	0	255
1519	1756	Cast Iron Stein	0	IT56	0	3
9112	1757	Soiled Evoker's Robe	12	IT63	8217600	10
6217	1758	Midnight Sea Mail Coat	2	IT63	3276950	10
4416	1759	Helm of Ridossan	2	IT63	4928000	10
10447	1760	Violet Flame Lantern	0	IT48	0	255
5405	1761	Kobold Molar	0	IT63	0	255
6218	1762	Midnight Sea Mail Leggings	0	IT63	3276950	10
6219	1763	Midnight Sea Mail Sleeves	0	IT63	3276950	10
5795	1764	Leggings of Ridossan	2	IT63	4928000	10
10098	1765	Tunic of Ridossan	2	IT63	4928000	10
2484	1766	Diviner's Bowl	0	IT133	0	255
5415	1767	Krode's Shawl	0	IT63	0	10
10951	1768	Yelesom's Tools	0	IT63	0	255
3740	1769	Geologist's Hammer	0	IT14	0	3
5990	1770	Magnifying Glass	0	IT63	0	255
10950	1771	Yelesom's Reports	0	IT63	0	255
8187	1772	Sealed Parchment	0	IT63	0	255
5569	1773	Large Empty Crate	0	IT63	0	255
3043	1774	Envelope with dust sample	0	IT63	0	255
4432	1775	Heretic's Report	0	IT63	4278190080	255
1982	1776	Crate full of Ore	0	IT63	0	255
1943	1777	Courier's Head	0	IT63	0	255
9533	1778	Supplier's Head	0	IT63	0	255
4439	1780	Hieroglyph Translations	0	IT63	4278190080	255
276	1781	An encrypted document	0	IT63	0	255
3764	1782	Giant Loyalist Token	0	IT63	0	255
3775	1783	Giant Scalebound Tome	0	IT63	0	255
2518	1784	Dragon Blood	0	IT63	0	255
2536	1785	Dragonbane Herb	0	IT63	0	255
8189	1786	Sealed Reagent Box	0	IT63	4278190080	255
7371	1787	A Red Cod Card	0	IT63	0	255
10586	1788	A White Cod Card	0	IT63	0	255
728	1789	A Black Cod Card	0	IT63	0	255
1020	1790	A Blue Cod Card	0	IT63	0	255
5361	1791	A King Cod Card	0	IT63	0	255
4398	1792	Heavy Locked Chest	0	IT63	0	255
7250	1793	Putrid substance	0	IT11068	4278190080	255
163	1794	A Vile Substance	0	IT63	0	7
8184	1795	Sealed Jar	0	IT63	4278190080	255
4179	1796	Green river sludge	0	IT63	0	255
7358	1797	Reagent pouch	0	IT63	0	255
4313	1799	Harbinger of Bertoxxulous	0	IT63	4278190080	255
3904	1828	Glowing Worm Bile	0	IT63	0	255
2146	1829	Crystalline Silk Thread	0	IT63	0	255
2133	1830	Crystalline Silk Fiber	0	IT63	0	255
3886	1831	Glowing Crystalline Silk Piece	0	IT63	0	255
9297	1832	Spool of Sacred Coldain Thread	0	IT63	0	255
2860	1833	Embroidered Shawl Pattern	0	IT63	0	255
8682	1834	Siren Hair	0	IT63	0	255
2562	1835	Drakkel Wolf Whisker	0	IT63	0	255
6698	1837	Onyxbrand	0	IT9	0	0
483	1838	Bag of Bread Loaves	0	IT63	0	255
9300	1841	Sporali Gloves	1	IT63	1368340	10
9299	1842	Sporali Defender's Blade	0	IT85	0	0
9302	1843	Sporestrand Shield	0	IT210	0	255
7859	1849	Runed Prayer Shawl Pattern	0	IT63	0	255
7860	1849	Runed Prayer Shawl pattern	0	IT63	0	255
3028	1850	Enchanted Velium Powder	0	IT63	0	255
10201	1851	Unfired Rune	0	IT63	0	255
887	1852	Blank Rune	0	IT63	0	255
9563	1853	Swordfish tooth	0	IT63	0	255
1370	1854	Burin	0	IT63	0	255
3092	1855	Etched Rune Pattern	0	IT63	0	255
3091	1856	Etched Rune	0	IT63	0	255
5868	1857	Liquid Velium	0	IT63	0	255
7674	1858	Royal Kromrif blood	0	IT63	0	255
10328	1859	Velium Etched Rune	0	IT63	0	255
10389	1859	Velium etched rune	0	IT63	0	255
7753	1860	Rune Casing	0	IT63	0	255
7772	1860	Rune casing	0	IT63	0	255
6685	1861	An Old Worn Talisman	0	IT63	0	255
4372	1862	Head of the Taskmaster	0	IT63	0	255
176	1863	A chipped fang	0	IT63	0	255
9674	1864	Teachings of Gkrean	0	IT63	0	255
4364	1865	Head of Staff Sergeant Drioc	0	IT63	0	255
3832	1866	Glanitar's Imbued Talisman	0	IT63	0	255
1338	1868	Bronzewood Staff	0	IT169	0	4
9369	1869	Starmetal Ore	0	IT63	0	255
2739	1871	Ebon Scythe	0	IT39	0	1
8619	1876	Silver Plated War Sword	0	IT190	0	1
8258	1879	A Servant's Blade	0	IT180	0	0
2228	1886	Cutlassfish Oil	0	IT63	0	255
2522	1887	Dragon Crafted Urn	0	IT63	0	255
2545	1888	Dragonwing Skin	0	IT63	0	255
2537	1889	Dragonbone Dust	0	IT63	0	255
2538	1889	Dragonbone Dust	0	IT63	0	255
10429	1890	Vial of Noble's Blood	0	IT63	0	255
6514	1891	Noble's Robes	13	IT63	8198450	10
2888	1892	Empty Jar	0	IT63	4278190080	255
7791	1893	Rune of Eradication	0	IT63	0	255
7815	1894	Rune of Revenge	0	IT63	0	255
7779	1895	Rune of Bleve	0	IT63	0	255
7781	1896	Rune of Concentration	0	IT63	0	255
4367	1897	Head of a Kromzek Spy	0	IT63	0	255
9675	1898	Teachings of Relinar	0	IT63	0	255
8062	1899	Scale of Hsagra	0	IT63	0	255
7139	1900	Prayer Cloth of Tunare	0	IT63	0	10
2230	1903	Cutthroat Insignia Ring	0	IT63	0	10
7140	1904	Prayer Shawl	0	IT63	0	10
9315	1905	Squallsurge Shawl	0	IT63	0	10
5292	1908	Jualicn's Token	0	IT63	0	255
969	1910	Blood Splattered Veil	0	IT63	0	10
4414	1911	Helm of Brute Strength	3	IT63	0	10
3700	1912	Gauntlets of Brute Strength	3	IT63	3289650	10
6365	1913	Muck Covered Boots	1	IT63	0	10
8120	1914	Scorched Pauldrons	0	IT63	0	255
8010	1915	Sarnak-hide Leggings	1	IT63	0	10
8723	1916	Skullhelm of Krenlek	3	IT63	0	10
6292	1917	Mithril Reinforced Skullcap	1	IT63	0	10
6290	1918	Mithril Reinforced Mask	0	IT63	0	10
6288	1919	Mithril Reinforced Gorget	0	IT63	0	10
6294	1920	Mithril Reinforced Tunic	1	IT63	0	10
6291	1921	Mithril Reinforced Shoulderpads	0	IT63	0	10
6286	1922	Mithril Reinforced Cloak	0	IT63	0	10
6284	1923	Mithril Reinforced Belt	0	IT63	0	10
6293	1924	Mithril Reinforced Sleeves	1	IT63	0	10
6295	1925	Mithril Reinforced Wristbands	1	IT63	0	10
6287	1926	Mithril Reinforced Gloves	1	IT63	0	10
6289	1927	Mithril Reinforced Leggings	1	IT63	0	10
6285	1928	Mithril Reinforced Boots	1	IT63	0	10
5070	1929	Imbued Vale Studded Skullcap	1	IT63	0	10
5068	1930	Imbued Vale Studded Mask	0	IT63	0	10
5066	1931	Imbued Vale Studded Gorget	0	IT63	0	10
5072	1932	Imbued Vale Studded Tunic	1	IT63	0	10
5069	1933	Imbued Vale Studded Shoulderpads	0	IT63	0	10
5064	1934	Imbued Vale Studded Cloak	0	IT63	0	10
5062	1935	Imbued Vale Studded Belt	0	IT63	0	10
5071	1936	Imbued Vale Studded Sleeves	1	IT63	0	10
5073	1937	Imbued Vale Studded Wristbands	1	IT63	0	10
5065	1938	Imbued Vale Studded Gloves	1	IT63	0	10
5067	1939	Imbued Vale Studded Leggings	1	IT63	0	10
5063	1940	Imbued Vale Studded Boots	1	IT63	0	10
5058	1941	Imbued Vale Reinforced Skullcap	1	IT63	0	10
5057	1942	Imbued Vale Reinforced Mask	0	IT63	0	10
5054	1943	Imbued Vale Reinforced Gorget	0	IT63	0	10
5060	1944	Imbued Vale Reinforced Tunic	1	IT63	0	10
5056	1945	Imbued Vale Reinforced Mantle	0	IT63	0	10
5052	1946	Imbued Vale Reinforced Cloak	0	IT63	0	10
5050	1947	Imbued Vale Reinforced Belt	0	IT63	0	10
5059	1948	Imbued Vale Reinforced Sleeves	1	IT63	0	10
5061	1949	Imbued Vale Reinforced Wristbands	1	IT63	0	10
5053	1950	Imbued Vale Reinforced Gloves	1	IT63	0	10
5055	1951	Imbued Vale Reinforced Leggings	1	IT63	0	10
5051	1952	Imbued Vale Reinforced Boots	1	IT63	0	10
4918	1953	Imbued Mithril Studded Skullcap	1	IT63	0	10
4917	1954	Imbued Mithril Studded Mask	0	IT63	0	10
4914	1955	Imbued Mithril Studded Gorget	0	IT63	0	10
4920	1956	Imbued Mithril Studded Tunic	1	IT63	0	10
4916	1957	Imbued Mithril Studded Mantle	0	IT63	0	10
4912	1958	Imbued Mithril Studded Cloak	0	IT63	0	10
4909	1959	Imbued Mithril Studded Belt	0	IT63	0	10
4919	1960	Imbued Mithril Studded Sleeves	1	IT63	0	10
4911	1961	Imbued Mithril Studded Bracer	1	IT63	0	10
4913	1962	Imbued Mithril Studded Gloves	1	IT63	0	10
4915	1963	Imbued Mithril Studded Leggings	1	IT63	0	10
4910	1964	Imbued Mithril Studded Boots	1	IT63	0	10
4906	1965	Imbued Mithril Reinforced Skullcap	1	IT63	0	10
4905	1966	Imbued Mithril Reinforced Mask	0	IT63	0	10
4902	1967	Imbued Mithril Reinforced Gorget	0	IT63	0	10
4908	1968	Imbued Mithril Reinforced Tunic	1	IT63	0	10
4904	1969	Imbued Mithril Reinforced Mantle	0	IT63	0	10
4900	1970	Imbued Mithril Reinforced Cloak	0	IT63	0	10
4897	1971	Imbued Mithril Reinforced Belt	0	IT63	0	10
4907	1972	Imbued Mithril Reinforced Sleeves	1	IT63	0	10
4899	1973	Imbued Mithril Reinforced Bracer	1	IT63	0	10
4901	1974	Imbued Mithril Reinforced Gloves	1	IT63	0	10
4903	1975	Imbued Mithril Reinforced Leggings	1	IT63	0	10
4898	1976	Imbued Mithril Reinforced Boots	1	IT63	0	10
10248	1977	Vale Studded Skullcap	1	IT63	4278190080	10
10246	1978	Vale Studded Mask	0	IT63	0	10
10244	1979	Vale Studded Gorget	0	IT63	0	10
10250	1980	Vale Studded Tunic	1	IT63	0	10
10247	1981	Vale Studded Shoulderpads	0	IT63	0	10
10242	1982	Vale Studded Cloak	0	IT63	0	10
10240	1983	Vale Studded Belt	0	IT63	0	10
10249	1984	Vale Studded Sleeves	1	IT63	0	10
10251	1985	Vale Studded Wristbands	1	IT63	0	10
10243	1986	Vale Studded Gloves	1	IT63	0	10
10245	1987	Vale Studded Leggings	1	IT63	4278190080	10
10241	1988	Vale Studded Boots	1	IT63	0	10
10235	1989	Vale Reinforced Skullcap	1	IT63	0	10
10234	1990	Vale Reinforced Mask	0	IT63	0	10
10231	1991	Vale Reinforced Gorget	0	IT63	0	10
10237	1992	Vale Reinforced Tunic	1	IT63	0	10
10233	1993	Vale Reinforced Mantle	0	IT63	0	10
10229	1994	Vale Reinforced Cloak	0	IT63	0	10
10227	1995	Vale Reinforced Belt	0	IT63	0	10
10236	1996	Vale Reinforced Sleeves	1	IT63	0	10
10238	1997	Vale Reinforced Wristbands	1	IT63	0	10
10230	1998	Vale Reinforced Gloves	1	IT63	4278190080	10
10232	1999	Vale Reinforced Leggings	1	IT63	0	10
10228	2000	Vale Reinforced Boots	1	IT63	0	10
5770	2001	Leather Skullcap	1	IT63	0	10
5767	2002	Leather Mask	0	IT63	0	10
5765	2003	Leather Gorget	0	IT63	0	10
5772	2004	Leather Tunic	1	IT63	0	10
5769	2005	Leather Shoulderpads	0	IT63	0	10
5762	2006	Leather Cloak	0	IT63	0	10
5760	2007	Leather Belt	0	IT63	0	10
5771	2008	Leather Sleeves	1	IT63	0	10
5774	2009	Leather Wristbands	1	IT63	0	10
5764	2010	Leather Gloves	1	IT63	0	10
5766	2011	Leather Leggings	1	IT63	0	10
5761	2012	Leather Boots	1	IT63	0	10
8895	2013	Small Leather Skullcap	1	IT63	0	10
8893	2014	Small Leather Mask	0	IT63	0	10
8891	2015	Small Leather Gorget	0	IT63	0	10
8897	2016	Small Leather Tunic	1	IT63	0	10
8894	2017	Small Leather Shoulderpads	0	IT63	0	10
8889	2018	Small Leather Cloak	0	IT63	0	10
8887	2019	Small Leather Belt	0	IT63	0	10
8896	2020	Small Leather Sleeves	1	IT63	0	10
8898	2021	Small Leather Wristbands	1	IT63	0	10
8890	2022	Small Leather Gloves	1	IT63	0	10
8892	2023	Small Leather Leggings	1	IT63	0	10
8888	2024	Small Leather Boots	1	IT63	0	10
5609	2025	Large Leather Skullcap	1	IT63	0	10
5607	2026	Large Leather Mask	0	IT63	0	10
5604	2027	Large Leather Gorget	0	IT63	0	10
5611	2028	Large Leather Tunic	1	IT63	0	10
5608	2029	Large Leather Shoulderpads	0	IT63	0	10
5602	2030	Large Leather Cloak	0	IT63	0	10
5600	2031	Large Leather Belt	0	IT63	0	10
5610	2032	Large Leather Sleeves	1	IT63	0	10
5612	2033	Large Leather Wristbands	1	IT63	0	10
5603	2034	Large Leather Gloves	1	IT63	0	10
5606	2035	Large Leather Leggings	1	IT63	0	10
5601	2036	Large Leather Boots	1	IT63	0	10
3662	2037	Fur Lined Boots	1	IT63	0	10
5605	2038	Large Leather Kilt	1	IT63	0	10
9385	2039	Steel Torque	0	IT63	0	10
7754	2040	Rune Casing Pattern	0	IT63	0	255
6350	2041	Mountain Lion Cape	0	IT63	0	10
9004	2042	Small Steel Torque	0	IT63	0	10
5716	2043	Large Steel Torque	0	IT63	0	10
10841	2045	Worn Leather Shoulderpads	0	IT63	0	10
2899	2046	Encased Velium Etched Rune	0	IT63	0	255
2900	2046	Encased Velium etched rune	0	IT63	0	255
7953	2048	Sacred Velium Ink	0	IT63	0	255
7607	2049	Rolled Up Strip of Cloth	0	IT63	0	255
4195	2050	Gretta's Baking Supplies	0	IT64	0	255
7989	2054	Sanctified bone dust	0	IT63	0	255
3332	2055	Finished Tsuba	0	IT63	0	255
3331	2056	Finished Naginata Blade	0	IT44	0	255
6042	2057	Mandala sketch	0	IT63	0	255
1670	2058	Chunk of Chronium Ore	0	IT63	0	255
1667	2059	Chronium Plate	0	IT63	0	255
2751	2060	Edge of the Taskmaster	0	IT131	0	0
5109	2061	Infestation	0	IT184	0	2
7039	2062	Poison Etched Wristband	1	IT63	0	10
10428	2063	Vial of Kromzek blood	0	IT63	0	255
6958	2064	Pitted Iron Ring	0	IT63	0	10
7990	2065	Sanctum Guardian's Earring	0	IT63	0	10
7067	2066	Portion of Starmetal	0	IT63	0	255
2614	2067	Dusted Starmetal Block	0	IT63	0	255
854	2071	Blade core-4th fold	0	IT63	0	255
851	2072	Blade core-5th fold	0	IT63	0	255
852	2072	Blade core-5th fold	0	IT63	0	255
853	2072	Blade core-5th fold	0	IT63	0	255
855	2072	Blade core-5th fold	0	IT63	0	255
8358	2073	Shaped blade core	0	IT63	0	255
872	2074	Blade skin-1st fold	0	IT400	0	255
873	2075	Blade skin-2nd fold	0	IT63	0	255
874	2076	Blade skin-3rd fold	0	IT63	0	255
875	2077	Blade skin-4th fold	0	IT400	0	255
876	2078	Blade skin-5th fold	0	IT63	0	255
877	2079	Blade skin-6th fold	0	IT63	0	255
878	2080	Blade skin-7th fold	0	IT63	0	255
879	2081	Blade skin-8th fold	0	IT400	0	255
880	2082	Blade skin-9th fold	0	IT63	0	255
871	2083	Blade skin-10th fold	0	IT63	0	255
1886	2084	Complete raw blade	0	IT63	0	255
1887	2085	Complete shaped blade	0	IT63	0	255
1705	2086	Clay/water mixture	0	IT63	0	255
1709	2087	Clay coated blade	0	IT63	0	255
9887	2088	Tiny Pouch of Bone Dice	0	IT63	0	255
7441	2089	Remaining Bone dust	0	IT63	0	255
824	2090	Blackened Diamond	0	IT63	4278190080	255
4022	2091	Gold Tinted Diamond	0	IT63	0	255
8942	2093	Small Portal Fragments	0	IT63	0	255
9152	2099	Soulfiend Lance	0	IT103	0	35
4217	2100	Grimy Lance	0	IT103	0	35
9666	2101	Tattered Skullcap	1	IT63	0	10
9652	2102	Tattered Mask	0	IT63	0	10
9645	2103	Tattered Gorget	0	IT63	0	10
6853	2104	Patchwork Tunic	1	IT63	0	10
9658	2105	Tattered Shoulderpads	0	IT63	0	10
6850	2106	Patchwork Cloak	0	IT63	0	10
9639	2107	Tattered Belt	0	IT63	0	10
6852	2108	Patchwork Sleeves	1	IT63	0	10
9669	2109	Tattered Wristbands	1	IT63	0	10
9643	2110	Tattered Gloves	1	IT63	0	10
6851	2111	Patchwork Pants	1	IT63	0	10
6849	2112	Patchwork Boots	1	IT63	0	10
9027	2113	Small Tattered Skullcap	1	IT63	0	10
9025	2114	Small Tattered Mask	0	IT63	0	10
9024	2115	Small Tattered Gorget	0	IT63	0	10
8923	2116	Small Patchwork Tunic	1	IT63	0	10
9026	2117	Small Tattered Shoulderpads	0	IT63	0	10
8920	2118	Small Patchwork Cloak	0	IT63	0	10
9021	2119	Small Tattered Belt	0	IT63	0	10
8922	2120	Small Patchwork Sleeves	1	IT63	0	10
9028	2121	Small Tattered Wristbands	1	IT63	0	10
9023	2122	Small Tattered Gloves	1	IT63	0	10
8921	2123	Small Patchwork Pants	1	IT63	0	10
8919	2124	Small Patchwork Boots	1	IT63	0	10
5738	2125	Large Tattered Skullcap	1	IT63	0	10
5736	2126	Large Tattered Mask	0	IT63	0	10
5735	2127	Large Tattered Gorget	0	IT63	0	10
5638	2128	Large Patchwork Tunic	1	IT63	0	10
5737	2129	Large Tattered Shoulderpads	0	IT63	0	10
5635	2130	Large Patchwork Cloak	0	IT63	0	10
5733	2131	Large Tattered Belt	0	IT63	0	10
5637	2132	Large Patchwork Sleeves	1	IT63	0	10
5739	2133	Large Tattered Wristbands	1	IT63	0	10
5734	2134	Large Tattered Gloves	1	IT63	0	10
5636	2135	Large Patchwork Pants	1	IT63	0	10
5634	2136	Large Patchwork Boots	1	IT63	0	10
7333	2137	Raw-hide Skullcap	1	IT63	0	10
7331	2138	Raw-hide Mask	0	IT63	0	10
7329	2139	Raw-hide Gorget	0	IT63	0	10
7335	2140	Raw-hide Tunic	1	IT63	0	10
7332	2141	Raw-hide Shoulderpads	0	IT63	0	10
7327	2142	Raw-hide Cloak	0	IT63	0	10
7325	2143	Raw-hide Belt	0	IT63	0	10
7334	2144	Raw-hide Sleeves	1	IT63	0	10
7336	2145	Raw-hide Wristbands	1	IT63	0	10
7328	2146	Raw-hide Gloves	1	IT63	0	10
7330	2147	Raw-hide Leggings	1	IT63	0	10
7326	2148	Raw-hide Boots	1	IT63	0	10
8953	2149	Small Raw-hide Skullcap	1	IT63	0	10
8951	2150	Small Raw-hide Mask	0	IT63	0	10
8949	2151	Small Raw-hide Gorget	0	IT63	0	10
8955	2152	Small Raw-hide Tunic	1	IT63	0	10
8952	2153	Small Raw-hide Shoulderpads	0	IT63	0	10
8947	2154	Small Raw-hide Cloak	0	IT63	0	10
8945	2155	Small Raw-hide Belt	0	IT63	0	10
8954	2156	Small Raw-hide Sleeves	1	IT63	0	10
8956	2157	Small Raw-hide Wristbands	1	IT63	0	10
8948	2158	Small Raw-hide Gloves	1	IT63	0	10
8950	2159	Small Raw-hide Leggings	1	IT63	0	10
8946	2160	Small Raw-hide Boots	1	IT63	0	10
5662	2161	Large Raw-hide Skullcap	1	IT63	0	10
5660	2162	Large Raw-hide Mask	0	IT63	0	10
5658	2163	Large Raw-hide Gorget	0	IT63	0	10
5664	2164	Large Raw-hide Tunic	1	IT63	0	10
5661	2165	Large Raw-hide Shoulderpads	0	IT63	0	10
5656	2166	Large Raw-hide Cloak	0	IT63	0	10
5654	2167	Large Raw-hide Belt	0	IT63	0	10
5663	2168	Large Raw-hide Sleeves	1	IT63	0	10
5665	2169	Large Raw-hide Wristbands	1	IT63	0	10
5657	2170	Large Raw-hide Gloves	1	IT63	0	10
5659	2171	Large Raw-hide Leggings	1	IT63	0	10
5655	2172	Large Raw-hide Boots	1	IT63	0	10
1951	2173	Cracked Corrupt Guard Helm	0	IT63	0	255
3935	2174	Gnome Skin Sleeves	1	IT63	10	10
8989	2175	Small Scarab Helm	3	IT63	999976	10
8988	2176	Small Scarab Breastplate	3	IT63	999976	10
8987	2177	Small Scarab Boots	0	IT63	999976	10
3930	2178	Gnome Skin Gloves	1	IT63	10	10
3936	2179	Gnome Skin Tunic	1	IT63	10	10
3933	2180	Gnome Skin Mask	0	IT63	10	10
3928	2181	Gnome Skin Belt	0	IT63	10	10
3937	2182	Gnome Skin Wristband	0	IT63	10	10
3931	2183	Gnome Skin Gorget	0	IT63	10	10
3932	2184	Gnome Skin Leggings	1	IT63	10	10
3929	2185	Gnome Skin Boots	0	IT63	10	10
3934	2186	Gnome Skin Skullcap	0	IT63	10	10
188	2187	Abjurer's Earring	0	IT63	0	255
4333	2188	Hate Crystal	0	IT63	0	255
6058	2189	Mantle of Study	0	IT63	0	10
2342	2190	Darkwar Mask	0	IT63	0	10
2033	2191	Crown of Hatred	0	IT63	0	10
1732	2192	Cloak of the Assassin	0	IT63	0	10
525	2193	Band of Discipline	0	IT63	0	255
9125	2194	Songshawl	0	IT63	0	10
4332	2195	Hate's Edge	0	IT57	0	0
5832	2196	Life's Guard	0	IT207	0	255
4375	2197	Healer's Earring	0	IT63	0	255
9265	2198	Spiritguard	0	IT67	0	255
8659	2199	Silverleaf Belt	0	IT63	0	10
6494	2200	Nightgrowth Blade	0	IT184	0	0
9467	2201	Studded Skullcap	1	IT63	0	10
9465	2202	Studded Mask	0	IT63	0	10
9461	2203	Studded Gorget	0	IT63	0	10
9469	2204	Studded Tunic	1	IT63	0	10
9466	2205	Studded Shoulderpads	0	IT63	0	10
9456	2207	Studded Belt	0	IT63	0	10
9468	2208	Studded Sleeves	1	IT63	0	10
9470	2209	Studded Wristbands	1	IT63	0	10
9460	2210	Studded Gloves	1	IT63	0	10
9464	2211	Studded Leggings	1	IT63	0	10
9457	2212	Studded Boots	1	IT63	0	10
9015	2213	Small Studded Skullcap	1	IT63	0	10
9013	2214	Small Studded Mask	0	IT63	0	10
9011	2215	Small Studded Gorget	0	IT63	0	10
9017	2216	Small Studded Tunic	1	IT63	0	10
9014	2217	Small Studded Shoulderpads	0	IT63	0	10
9009	2218	Small Studded Cloak	0	IT63	0	10
9458	2218	Small Studded Cloak	0	IT63	0	10
9007	2219	Small Studded Belt	0	IT63	0	10
9016	2220	Small Studded Sleeves	1	IT63	0	10
9018	2221	Small Studded Wristbands	1	IT63	0	10
9010	2222	Small Studded Gloves	1	IT63	0	10
9012	2223	Small Studded Leggings	1	IT63	0	10
9008	2224	Small Studded Boots	1	IT63	0	10
5726	2225	Large Studded Skullcap	1	IT63	0	10
5724	2226	Large Studded Mask	0	IT63	0	10
5722	2227	Large Studded Gorget	0	IT63	0	10
5728	2228	Large Studded Tunic	1	IT63	0	10
5725	2229	Large Studded Shoulderpads	0	IT63	0	10
5720	2230	Large Studded Cloak	0	IT63	0	10
5718	2231	Large Studded Belt	0	IT63	0	10
5727	2232	Large Studded Sleeves	1	IT63	0	10
5729	2233	Large Studded Wristbands	1	IT63	0	10
5721	2234	Large Studded Gloves	1	IT63	0	10
5723	2235	Large Studded Leggings	1	IT63	0	10
5719	2236	Large Studded Boots	1	IT63	0	10
7434	2237	Reinforced Skullcap	1	IT63	0	10
7425	2238	Reinforced Mask	0	IT63	0	10
7423	2239	Reinforced Gorget	0	IT63	0	10
7436	2240	Reinforced Tunic	1	IT63	0	10
7433	2241	Reinforced Shoulderpads	0	IT63	0	10
8965	2241	Reinforced Shoulderpads	0	IT63	0	10
7410	2242	Reinforced Cloak	0	IT63	0	10
7408	2243	Reinforced Belt	0	IT63	0	10
7435	2244	Reinforced Sleeves	1	IT63	0	10
7437	2245	Reinforced Wristbands	1	IT63	0	10
7422	2246	Reinforced Gloves	1	IT63	0	10
7424	2247	Reinforced Leggings	1	IT63	0	10
7409	2248	Reinforced Boots	1	IT63	0	10
8966	2249	Small Reinforced Skullcap	1	IT63	0	10
8964	2250	Small Reinforced Mask	0	IT63	0	10
8962	2251	Small Reinforced Gorget	0	IT63	0	10
8968	2252	Small Reinforced Tunic	1	IT63	0	10
8959	2254	Small Reinforced Cloak	0	IT63	0	10
8960	2254	Small Reinforced Cloak	0	IT63	0	10
8957	2255	Small Reinforced Belt	0	IT63	0	10
8967	2256	Small Reinforced Sleeves	1	IT63	0	10
8969	2257	Small Reinforced Wristbands	1	IT63	0	10
8961	2258	Small Reinforced Gloves	1	IT63	0	10
8963	2259	Small Reinforced Leggings	1	IT63	0	10
8958	2260	Small Reinforced Boots	1	IT63	0	10
5674	2261	Large Reinforced Skullcap	1	IT63	0	10
5672	2262	Large Reinforced Mask	0	IT63	0	10
5670	2263	Large Reinforced Gorget	0	IT63	0	10
5676	2264	Large Reinforced Tunic	1	IT63	0	10
5673	2265	Large Reinforced Shoulderpads	0	IT63	0	10
5668	2266	Large Reinforced Cloak	0	IT63	0	10
5666	2267	Large Reinforced Belt	0	IT63	0	10
5675	2268	Large Reinforced Sleeves	1	IT63	0	10
5677	2269	Large Reinforced Wristbands	1	IT63	0	10
5669	2270	Large Reinforced Gloves	1	IT63	0	10
5671	2271	Large Reinforced Leggings	1	IT63	0	10
5667	2272	Large Reinforced Boots	1	IT63	0	10
4353	2279	Head of Donally Stultz	0	IT63	0	255
9292	2280	Split Paw Hide Gloves	1	IT63	0	10
9294	2281	Split Paw Hide Tunic	1	IT63	0	10
9293	2282	Split Paw Hide Mask	0	IT63	0	10
9291	2283	Split Paw Hide Belt	0	IT63	0	10
8707	2284	Skinned Halfling Face Mask	0	IT63	0	255
10681	2285	Withered Leather Tunic	1	IT63	0	10
10678	2286	Withered Leather Shoulderpads	0	IT63	0	10
10673	2287	Withered Leather Cloak	0	IT63	0	10
10671	2288	Withered Leather Belt	0	IT63	0	10
10680	2289	Withered Leather Sleeves	1	IT63	0	10
10682	2290	Withered Leather Wristbands	1	IT63	0	10
10674	2291	Withered Leather Gloves	1	IT63	0	10
10676	2292	Withered Leather Leggings	1	IT63	0	10
10672	2293	Withered Leather Boots	1	IT63	0	10
10679	2294	Withered Leather Skullcap	1	IT63	0	10
10677	2295	Withered Leather Mask	0	IT63	0	10
10675	2296	Withered Leather Gorget	0	IT63	0	10
4626	2297	Idol of Fear	0	IT63	0	255
5798	2299	Legionnaire's Bracer	1	IT63	0	10
5287	2300	Journeyman's Boots	1	IT63	0	10
1193	2301	Bracers of Battle	1	IT63	0	10
9231	2304	Spiked Collar	0	IT63	0	10
9076	2305	Snakeskin Gloves	1	IT63	0	10
9077	2306	Snakeskin Jerkin	1	IT63	0	10
9078	2307	Snakeskin Mask	0	IT63	0	10
3571	2308	Froglok Skin Mask	0	IT63	0	10
6084	2309	Mask of Shadow	0	IT63	0	255
7923	2310	Rusty Spiked Shoulderpads	0	IT63	0	10
5789	2311	Leering Mask	0	IT63	0	10
7310	2312	Ratskin Gloves	1	IT63	0	10
10708	2313	Wolfskin Gloves	1	IT63	0	10
635	2314	Bearskin Gloves	1	IT63	0	10
5867	2315	Lionskin Gloves	1	IT63	0	10
9462	2316	Studded Leather Collar	0	IT63	0	10
1743	2317	Cloak of the Undead Eye	0	IT63	0	10
3355	2318	Firewalker Boots	1	IT63	0	10
776	2319	Black Silk Gloves	1	IT63	0	10
9942	2320	Topknot Headband	0	IT63	0	10
2035	2321	Crown of Leaves	0	IT63	0	10
1723	2322	Cloak of Leaves	0	IT63	0	10
1724	2322	Cloak of Leaves	0	IT63	0	10
10691	2323	Wolf-hide Sleeves	1	IT63	0	10
5860	2324	Lion-Skin Leggings	1	IT63	0	10
5861	2324	Lion-skin Leggings	1	IT63	0	10
628	2325	Bear-hide Jerkin	1	IT63	0	10
10556	2326	Werewolf-hide Jerkin	1	IT63	0	10
670	2328	Belt of Flesh Hooks	0	IT63	0	10
5911	2329	Lockjaw Hide Vest	1	IT63	0	10
5887	2330	Lizardskin Tribal Mask	0	IT63	0	10
5886	2331	Lizardscale Mantle	0	IT63	0	10
5885	2332	Lizardscale Cloak	0	IT63	0	10
6495	2333	Nightmare Hide	0	IT63	0	10
6027	2334	Mammoth Hide Leggings	1	IT63	0	10
9805	2335	Thick Black Cape	0	IT63	0	10
5082	2336	Impskin Gloves	1	IT63	0	10
5397	2337	Kobold-hide Boots	1	IT63	0	10
2557	2338	Drakescale Belt	0	IT63	0	10
3943	2339	Gnomish Environment Suit	1	IT63	0	10
6324	2340	Molten Cloak	0	IT63	0	10
3490	2341	Foreman's Tunic	1	IT63	0	10
2550	2342	Drake-hide Sleeves	1	IT63	0	10
2549	2343	Drake-hide Leggings	1	IT63	0	10
1896	2344	Confession Document	0	IT63	0	255
5884	2345	Lizardscale Belt	0	IT63	0	10
10619	2346	White Wolf-hide Cloak	0	IT63	0	10
3090	2347	Etched Ivory Charm	0	IT63	0	10
9574	2348	Syythrak Hide Vest	4	IT63	0	10
6693	2349	Onyx Drakescale Cloak	0	IT63	0	10
5085	2350	Incandescent Mask	0	IT63	0	10
5084	2351	Incandescent Gloves	1	IT63	0	10
3893	2352	Glowing Mask	0	IT63	0	10
3890	2353	Glowing Gloves	1	IT63	0	10
2993	2354	Enchanted Gloves	1	IT63	0	255
3841	2355	Gleaming Gloves	1	IT63	0	255
7270	2356	Radiant Gloves	1	IT63	0	10
2724	2357	Earthen Boots	1	IT63	0	10
1688	2358	Circlet of Mist	0	IT63	0	10
1706	2359	Clay Bracelet	0	IT63	0	10
10108	2360	Twice-Woven Cloak	0	IT63	0	10
3347	2361	Fire Goblin Skin	0	IT63	0	10
3589	2362	Frost Goblin Skin	1	IT63	0	10
9111	2363	Soiled Boots	1	IT63	0	10
7889	2364	Runescale Cloak	0	IT63	0	10
9891	2365	Tishan's Kilt	0	IT63	0	10
198	2366	Acumen Mask	0	IT63	0	10
1082	2367	Bonechipped Mask	0	IT63	0	10
6847	2368	Patch of Shadow	0	IT63	0	10
7494	2369	Riley's Confession	0	IT63	0	255
4097	2373	Gorilla Hide Mask	0	IT63	0	10
4096	2374	Gorilla Hide Leggings	1	IT63	0	10
9853	2375	Tiger Hide Gloves	0	IT63	0	10
5153	2386	Investigator's Badge	0	IT63	0	10
5149	2387	Interrogator's Badge	0	IT63	0	10
7251	2388	Qeynos Badge of Honor	0	IT63	0	10
4358	2390	Head of Markus Cachexia	0	IT63	0	255
4359	2391	Head of Morley Murrain	0	IT63	0	255
4351	2392	Head of Azibelle Spavin	0	IT63	0	255
10634	2394	Willie's Confession	0	IT63	0	255
9796	2395	Theodore's Confession	0	IT63	0	255
3040	2396	Enraged Goblin Beads	0	IT63	0	255
1738	2400	Cloak of the Ice Bear	0	IT63	0	10
10559	2401	Werewolf Skin Cloak	0	IT63	0	10
5949	2402	Lupine Claw Gauntlets	0	IT63	0	10
6873	2403	Pearlescent Mask	0	IT63	0	10
6266	2405	Mithril-Runed Tunic	1	IT63	0	10
9804	2406	Thick Banded Belt	0	IT63	0	10
7394	2407	Reed Belt	0	IT63	0	10
1727	2408	Cloak of Shadows	0	IT63	0	10
440	2426	Assembled Naginata	0	IT63	0	255
7147	2427	Preserved Hops	0	IT63	0	255
3491	2428	Forest Barley	0	IT63	0	255
6573	2429	A Note To Taldrik	0	IT63	0	255
5317	2440	A Keg of Brells Blessed Stout	0	IT63	0	255
1238	2441	Brell's Blessed Stout	0	IT63	0	255
3668	2447	Fusible Coral Ore	0	IT400	0	255
3670	2448	Fusible Igneous Ore	0	IT400	0	255
3669	2449	Fusible Earthen Ore	0	IT400	0	255
3671	2450	Fusible Velium Ore	0	IT400	0	255
3696	2458	Gatorscale Sleeves	1	IT63	0	10
3695	2461	Gatorscale Leggings	1	IT63	0	10
3234	2462	Feathered Leggings	0	IT63	0	10
6892	2463	Pegasus Feather Cloak	0	IT63	0	10
10033	2464	Troll-Hide Belt	0	IT63	0	10
10034	2464	Troll-hide Belt	0	IT63	0	10
2827	2465	Elf-Hide Gloves	0	IT63	0	10
2828	2465	Elf-hide Gloves	0	IT63	0	10
4212	2466	Griffon Talon Gloves	0	IT63	0	10
3805	2467	A Giants Reminder String	0	IT63	0	10
3134	2468	Executioners Hood	1	IT63	0	10
4255	2469	Guise of the Deceiver	0	IT63	0	10
9811	2470	Thick Leather Apron	0	IT63	0	10
9553	2471	Swirlspine Belt	0	IT63	0	10
6077	2472	Mask of Deception	0	IT63	0	10
1461	2474	Cap of the Insubstantial	1	IT63	3289650	10
4254	2475	Guise of the Coercer	0	IT63	0	10
3070	2498	Essence of Nature	0	IT68	0	255
3824	2500	Girdle of the Diligent	0	IT63	0	10
2700	2501	Dweamorvine Garland	0	IT63	0	10
3439	2502	Flayed Turmoilskin Belt	0	IT63	0	10
8088	2503	Scaled Prowler Cloak	0	IT63	0	10
8127	2504	Scourgetail Bracer	1	IT63	0	10
8087	2505	Scaled Prowler Belt	0	IT63	0	10
1480	2506	Carrion Beetle Leggings	1	IT63	0	10
928	2507	Blockcutter Gloves	0	IT63	0	255
6101	2509	Massive Heartwood Thorn	0	IT167	0	2
3820	2510	Girdle of Living Thorns	0	IT63	0	10
1042	2524	Blue Wicker Helm	1	IT63	5263540	10
1044	2525	Blue Wicker Mask	0	IT63	5263540	10
1041	2526	Blue Wicker Gorget	0	IT63	5263540	10
1047	2527	Blue Wicker Tunic	1	IT63	5263540	10
1045	2528	Blue Wicker Shoulderpads	0	IT63	5263540	10
1039	2529	Blue Wicker Cloak	0	IT63	5263540	10
1037	2530	Blue Wicker Belt	0	IT63	5263540	10
1046	2531	Blue Wicker Sleeves	1	IT63	5263540	10
1048	2532	Blue Wicker Wristbands	1	IT63	5263540	10
1040	2533	Blue Wicker Gloves	1	IT63	5263540	10
1043	2534	Blue Wicker Leggings	1	IT63	5263540	10
1038	2535	Blue Wicker Boots	1	IT63	5263540	10
3086	2548	Etched Iron Helm	3	IT63	2956830	10
3087	2549	Etched Iron Mask	0	IT63	2956830	10
3082	2550	Etched Iron Collar	0	IT63	2956830	10
3081	2551	Etched Iron Breastplate	3	IT63	2956830	10
3088	2552	Etched Iron Pauldron	0	IT63	2956830	10
3084	2553	Etched Iron Girdle	0	IT63	2956830	10
3089	2554	Etched Iron Vambraces	3	IT63	2956830	10
3080	2555	Etched Iron Bracers	3	IT63	2956830	10
3083	2557	Etched Iron Gauntlets	3	IT63	2956830	10
3085	2558	Etched Iron Greaves	3	IT63	2956830	10
3079	2559	Etched Iron Boots	3	IT63	2956830	10
982	2560	Bloodclaw Dagger	0	IT10650	4278190080	2
984	2561	Bloodclaw Rapier	0	IT20	4278190080	2
981	2563	Bloodclaw Battle Axe	0	IT60	4278190080	0
985	2565	Bloodclaw Scimitar	0	IT41	0	0
12167	2566	Bloodclaw Mace	0	IT7	4278190080	3
983	2567	Bloodclaw Long Sword	0	IT1	0	0
9343	2568	Staff of the Moribund Spirits	0	IT8	0	4
3543	2569	Forlorn Totem of Rolfron Zek	0	IT67	0	255
6060	2570	Mantle of the Elder Serpent	0	IT63	0	10
7199	2571	Prowling Leopard Leggings	1	IT63	0	10
7570	2572	Robe of the Great Panda	16	IT63	7895160	10
441	2573	Astral Cloak of the Titans	0	IT63	0	10
8089	2574	Scaled Robe of the Elder Serpent	16	IT63	2647080	10
442	2575	Astral Leggings of the Titans	1	IT63	0	10
9251	2578	Spirit Reaver	0	IT120	0	0
1200	2579	Braid of Golden Hair	0	IT61	0	0
6910	2580	Petrified Heartwood Flamberge	0	IT183	0	1
4057	2581	Golden Leaf Earring	0	IT63	0	10
7999	2582	Sap Encrusted Branch	0	IT75	0	3
7449	2583	Researcher's Badge	0	IT63	0	10
5872	2584	Live Enchanted Rat: Jar 1	0	IT63	0	255
5873	2585	Live Enchanted Rat: Jar 2	0	IT63	0	255
5874	2586	Live Enchanted Rat: Jar 3	0	IT63	0	255
6843	2600	Patch Hide Skullcap	1	IT63	0	10
6839	2601	Patch Hide Mask	0	IT63	0	10
6837	2602	Patch Hide Collar	0	IT63	0	10
6842	2603	Patch Hide Shoulder Guard	0	IT63	0	10
6834	2604	Patch Hide Ab Guard	0	IT63	0	10
6836	2605	Patch Hide Bracers	1	IT63	0	10
6838	2606	Patch Hide Gloves	1	IT63	0	10
6841	2607	Patch Hide Sandal	0	IT63	0	10
6835	2608	Patch Hide Arm Guards	0	IT63	0	10
6840	2609	Patch Hide Poncho	0	IT63	0	10
2218	2610	Custom Frostreaver's Velium Crown	0	IT240	0	10
2215	2611	Custom Crown of the Kromzek Kings	0	IT240	0	10
2213	2612	Custom Cowl of Mortality	0	IT240	1315860	10
6008	2631	Malevolence	0	IT169	0	3
929	2635	Blood Crusted Dirk	0	IT5	0	2
931	2638	Blood Crusted Leather Boots	1	IT63	0	10
930	2639	Blood Crusted Kobold Mace	0	IT7	0	3
934	2640	Blood Crusted Whip	0	IT61	0	0
932	2642	Blood Crusted Leather Bracer	1	IT63	0	10
10423	2643	Vial of Drachnid Blood	0	IT63	0	255
660	2644	Beholder Optic Fluid	0	IT63	0	255
2119	2659	Crystalized Web Silk	0	IT63	0	255
10683	2671	Withered Manisi Leaf	0	IT403	0	255
8902	2688	Small Manisi Plant	0	IT63	0	255
8181	2694	Seal of Vegalys	0	IT63	0	255
6586	2697	Oakwynd	0	IT4	0	5
3062	2698	Essence Lens	0	IT67	0	255
3063	2699	Essence Mace	0	IT19	0	3
3060	2700	Essence Blade	0	IT164	0	0
8119	2701	Scintillating Bracer of Protection	3	IT63	4283456597	10
10010	2702	Transparent Mask	0	IT63	4278190080	10
4214	2703	Griffon Wing Spauldors	0	IT63	0	10
6891	2704	Pegasus-Hide Belt	0	IT63	0	10
6433	2705	Nature Walker's Mantle	0	IT63	0	10
2548	2706	Drake-Hide Mask	0	IT63	0	10
6078	2707	Mask of Empowerment	0	IT63	0	10
2547	2708	Drake-Hide Amice	0	IT63	0	10
7621	2709	Rotted Griffon-Hide Wrist Guard	0	IT63	0	10
9126	2710	Songweaver's Mantle	0	IT63	4278190080	10
6098	2711	Mask of the Songbird	0	IT63	0	10
9204	2712	Sphinx-Hide Mantle	0	IT63	0	10
2779	2713	Elder Shaman's Ceremonial Bracelet	0	IT63	0	10
2727	2714	Earthshaker's Mantle	0	IT63	0	10
9274	2715	Spiroc Healer's Cloak	0	IT63	4278190080	10
3818	2716	Girdle of Faith	0	IT63	0	10
1382	2719	Burynai Hide Cap	1	IT63	0	10
1390	2720	Burynai Hide Tunic	1	IT63	0	10
1389	2721	Burynai Hide Sleeves	1	IT63	0	10
1381	2722	Burynai Hide Bracelets	1	IT63	0	10
1385	2723	Burynai Hide Gloves	1	IT63	0	10
1387	2724	Burynai Hide Pants	1	IT63	0	10
1380	2725	Burynai Hide Boots	1	IT63	0	10
1383	2726	Burynai Hide Choker	0	IT63	0	10
1386	2727	Burynai Hide Mask	0	IT63	0	10
1388	2728	Burynai Hide Shoulder Pads	0	IT63	0	10
1384	2729	Burynai Hide Cloak	0	IT63	0	10
9177	2731	Spectral Shroud	0	IT63	0	10
6094	2732	Mask of the Eight Eyes	0	IT63	0	10
2589	2733	Drolvarg Mantle	0	IT63	0	10
8009	2734	Sarnak-Hide Mask	0	IT63	0	10
3657	2735	Fungus Covered Scale Tunic	7	IT63	13158625	10
5751	2736	Larrikan's Mask	0	IT63	0	10
6364	2737	Mucilaginous Girdle	0	IT63	0	10
6082	2738	Mask of Obtenebration	0	IT63	0	10
8033	2739	Sarnak Hide Girdle	0	IT63	0	10
8554	2740	Silken Cat-fur Girdle	0	IT63	0	10
4653	2741	Iksar Hide Mask	0	IT63	0	10
1240	2742	Brell's Girdle	0	IT63	0	10
9595	2743	Talisen, Bow of the Trailblazer	0	IT4	65793	5
7517	2744	Ring of the Frost Spiders	0	IT68	0	10
10393	2745	Venomous Axe of the Velium Brood	0	IT9	0	0
8575	2746	Silver Chitin Hand Wraps	0	IT63	0	10
8576	2747	Silver Chitin Wristband	18	IT63	0	10
3064	2748	Essence Pearl	0	IT63	0	255
3065	2842	Essence Ring	0	IT63	0	10
9787	2883	The Prime Healer's Bulwark	19	IT63	5263560	10
10620	2900	White Wolf-hide Girdle	0	IT63	4278190080	10
627	2902	Bear-hide Cape	0	IT63	0	10
626	2903	Bear-hide Boots	1	IT63	0	10
625	2904	Bear-hide Belt	0	IT63	0	10
10694	2905	Wolf-hide Cape	0	IT63	0	10
10693	2906	Wolf-hide Boots	1	IT63	0	10
10692	2907	Wolf-hide Belt	0	IT63	0	10
7049	2912	Polar Bear Cloak	0	IT63	0	10
6026	2913	Mammoth Hide Cloak	0	IT63	0	10
8132	2914	Scouts Cape	0	IT63	0	10
1722	2915	Cloak of Jaggedpine	0	IT63	0	10
680	2916	Belt of the Pine	0	IT63	0	10
673	2917	Belt of Tranquility	0	IT63	0	10
672	2918	Belt of Iniquity	0	IT63	0	10
675	2919	Belt of Virtue	0	IT63	0	10
665	2920	Belt of Concordance	0	IT63	0	10
666	2921	Belt of Contention	0	IT63	0	10
674	2922	Belt of Transience	0	IT63	0	10
10610	2923	White Satin Gloves	0	IT63	0	10
10545	2924	Weight of the Gods	0	IT63	0	10
3261	2980	Field Plate Helm	3	IT63	0	10
3259	2981	Field Plate Girdle	0	IT63	0	10
3258	2982	Field Plate Gauntlets	3	IT63	0	10
3254	2983	Field Plate Boots	3	IT63	10855845	10
3262	2984	Field Plate Pauldron	0	IT63	0	10
3256	2985	Field Plate Cloak	0	IT63	10855845	10
3263	2986	Field Plate Vambraces	3	IT63	0	10
3255	2987	Field Plate Bracers	3	IT63	0	10
3260	2989	Field Plate Greaves	3	IT63	0	10
3253	2990	Field Breastplate	3	IT63	0	10
3264	2991	Field Plate Visor	0	IT63	0	10
3257	2992	Field Plate Collar	0	IT63	0	10
10968	3000	Zaharn's Coronet	2	IT63	0	10
1562	3001	Chain Coif	2	IT63	0	10
5173	3002	Iron Mask	0	IT63	0	10
1575	3003	Chainmail Neckguard	0	IT63	0	10
1569	3004	Chainmail Coat	2	IT63	0	10
1573	3005	Chainmail Mantle	0	IT63	0	10
1567	3006	Chainmail Cape	0	IT63	0	10
1578	3007	Chainmail Skirt	0	IT63	0	10
5160	3008	Iron Armplates	2	IT63	0	10
1565	3009	Chainmail Bracelet	2	IT63	0	10
1572	3010	Chainmail Gloves	2	IT63	0	10
5172	3011	Iron Legplates	2	IT63	0	10
5161	3012	Iron Boots	2	IT63	0	10
8818	3013	Small Chain Coif	2	IT63	0	10
8880	3014	Small Iron Mask	0	IT63	0	10
8831	3015	Small Chainmail Neckguard	0	IT63	0	10
8825	3016	Small Chainmail Coat	2	IT63	0	10
8829	3017	Small Chainmail Mantle	0	IT63	0	10
8823	3018	Small Chainmail Cape	0	IT63	0	10
8819	3019	Small Chainmail Belt	0	IT63	0	10
8877	3020	Small Iron Armplates	2	IT63	0	10
8821	3021	Small Chainmail Bracelet	2	IT63	0	10
8828	3022	Small Chainmail Gloves	2	IT63	0	10
8879	3023	Small Iron Legplates	2	IT63	0	10
8878	3024	Small Iron Boots	2	IT63	0	10
5530	3025	Large Chain Coif	2	IT63	0	10
5594	3026	Large Iron Mask	0	IT63	0	10
5543	3027	Large Chainmail Neckguard	0	IT63	0	10
5537	3028	Large Chainmail Coat	2	IT63	0	10
5541	3029	Large Chainmail Mantle	0	IT63	0	10
5535	3030	Large Chainmail Cape	0	IT63	0	10
5531	3031	Large Chainmail Belt	0	IT63	0	10
5591	3032	Large Iron Armplates	2	IT63	0	10
5533	3033	Large Chainmail Bracelet	2	IT63	0	10
5540	3034	Large Chainmail Gloves	2	IT63	0	10
5593	3035	Large Iron Legplates	2	IT63	0	10
5592	3036	Large Iron Boots	2	IT63	0	10
4229	3041	Grotesque Mask	0	IT63	3289650	10
829	3042	Blackened Iron Collar	0	IT63	3289650	10
834	3043	Blackened Iron Mail	2	IT63	3289650	10
835	3044	Blackened Iron Spaulder	0	IT63	3289650	10
8742	3045	Sleek Black Cape	0	IT63	3289650	10
836	3046	Blackened Iron Waistband	0	IT63	3289650	10
825	3047	Blackened Iron Armplates	2	IT63	3289650	10
828	3048	Blackened Iron Bracers	2	IT63	3289650	10
832	3049	Blackened Iron Gloves	2	IT63	3289650	10
833	3050	Blackened Iron Legplates	2	IT63	3289650	10
827	3051	Blackened Iron Boots	2	IT63	3289650	10
539	3053	Banded Helm	2	IT63	0	10
543	3054	Banded Mask	0	IT63	0	10
538	3055	Banded Gorget	0	IT63	0	10
541	3056	Banded Mail	2	IT63	0	10
542	3057	Banded Mantle	0	IT63	0	10
536	3058	Banded Cloak	0	IT63	0	10
533	3059	Banded Belt	0	IT63	0	10
545	3060	Banded Sleeves	2	IT63	0	10
535	3061	Banded Bracer	2	IT63	0	10
537	3062	Banded Gauntlets	2	IT63	0	10
540	3063	Banded Leggings	2	IT63	0	10
534	3064	Banded Boots	2	IT63	0	10
8776	3065	Small Banded Helm	2	IT63	0	10
8780	3066	Small Banded Mask	0	IT63	0	10
8775	3067	Small Banded Gorget	0	IT63	0	10
8778	3068	Small Banded Mail	2	IT63	0	10
8779	3069	Small Banded Mantle	0	IT63	0	10
8773	3070	Small Banded Cloak	0	IT63	0	10
8770	3071	Small Banded Belt	0	IT63	0	10
8781	3072	Small Banded Sleeves	2	IT63	0	10
8772	3073	Small Banded Bracer	2	IT63	0	10
8774	3074	Small Banded Gauntlets	2	IT63	0	10
8777	3075	Small Banded Leggings	2	IT63	0	10
8771	3076	Small Banded Boots	2	IT63	0	10
5489	3077	Large Banded Helm	2	IT63	0	10
5493	3078	Large Banded Mask	0	IT63	0	10
5488	3079	Large Banded Gorget	0	IT63	0	10
5491	3080	Large Banded Mail	2	IT63	0	10
5492	3081	Large Banded Mantle	0	IT63	0	10
5486	3082	Large Banded Cloak	0	IT63	0	10
5483	3083	Large Banded Belt	0	IT63	0	10
5494	3084	Large Banded Sleeves	2	IT63	0	10
5485	3085	Large Banded Bracer	2	IT63	0	10
5490	3087	Large Banded Leggings	2	IT63	0	10
5484	3088	Large Banded Boots	2	IT63	0	10
5487	3089	Large Banded Gauntlets	2	IT63	0	10
992	3090	Bloodforge Helm	2	IT63	4785921	10
994	3091	Bloodforge Mail	2	IT63	3289650	10
987	3092	Bloodforge Armplates	2	IT63	3289650	10
989	3093	Bloodforge Bracers	2	IT63	4785921	10
990	3094	Bloodforge Gauntlets	3	IT63	4785921	10
993	3095	Bloodforge Legplates	2	IT63	3289650	10
988	3096	Bloodforge Boots	3	IT63	4785921	10
7450	3097	Reserve Militia Tunic	2	IT63	14614569	10
5192	3099	Ivory Imbued Collar	0	IT63	3289650	10
7529	3101	Ringmail Coif	2	IT63	0	10
5182	3102	Iron Visor	0	IT63	0	10
7532	3103	Ringmail Neckguard	0	IT63	0	10
7528	3104	Ringmail Coat	2	IT63	0	10
7531	3105	Ringmail Mantle	0	IT63	0	10
7527	3106	Ringmail Cape	0	IT63	0	10
7534	3107	Ringmail Skirt	0	IT63	0	10
7535	3108	Ringmail Sleeves	2	IT63	0	10
7526	3109	Ringmail Bracelet	2	IT63	0	10
7530	3110	Ringmail Gloves	2	IT63	0	10
7533	3111	Ringmail Pants	2	IT63	0	10
7525	3112	Ringmail Boots	2	IT63	0	10
8976	3113	Small Ringmail Coif	2	IT63	0	10
8882	3114	Small Iron Visor	0	IT63	0	10
8979	3115	Small Ringmail Neckguard	0	IT63	0	10
8975	3116	Small Ringmail Coat	2	IT63	0	10
8978	3117	Small Ringmail Mantle	0	IT63	0	10
8974	3118	Small Ringmail Cape	0	IT63	0	10
8971	3119	Small Ringmail Belt	0	IT63	0	10
8981	3120	Small Ringmail Sleeves	2	IT63	0	10
8973	3121	Small Ringmail Bracelet	2	IT63	0	10
8977	3122	Small Ringmail Gloves	2	IT63	0	10
8980	3123	Small Ringmail Pants	2	IT63	0	10
8972	3124	Small Ringmail Boots	2	IT63	0	10
5683	3125	Large Ringmail Coif	2	IT63	0	10
5686	3127	Large Ringmail Neckguard	0	IT63	0	10
5682	3128	Large Ringmail Coat	2	IT63	0	10
5685	3129	Large Ringmail Mantle	0	IT63	0	10
5681	3130	Large Ringmail Cape	0	IT63	0	10
5678	3131	Large Ringmail Belt	0	IT63	0	10
5688	3132	Large Ringmail Sleeves	2	IT63	0	10
5680	3133	Large Ringmail Bracelet	2	IT63	0	10
5684	3134	Large Ringmail Gloves	2	IT63	0	10
5687	3135	Large Ringmail Pants	2	IT63	0	10
5679	3136	Large Ringmail Boots	2	IT63	0	10
2335	3140	Darkforge Helm	3	IT63	4785921	10
2332	3141	Darkforge Breastplate	3	IT63	3289650	10
2336	3142	Darkforge Vambraces	3	IT63	3289650	10
2331	3143	Darkforge Bracer	3	IT63	4785921	10
2333	3144	Darkforge Gauntlets	3	IT63	4785921	10
2334	3145	Darkforge Greaves	3	IT63	3289650	10
2330	3146	Darkforge Boots	3	IT63	4785921	10
8216	3147	Sejah Ghulam Bracer	0	IT63	0	10
4418	3150	Helm of Ro	3	IT63	0	10
1227	3151	Breastplate of Ro	3	IT63	0	10
10267	3152	Vambraces of Ro	3	IT63	0	10
1182	3153	Bracer of Ro	3	IT63	15969821	10
3708	3154	Gauntlets of Ro	3	IT63	15969821	10
4153	3155	Greaves of Ro	3	IT63	0	10
1112	3156	Boots of Ro	3	IT63	15969821	10
7319	3161	Ravenscale Coif	2	IT63	1973790	10
7322	3162	Ravenscale Mask	0	IT63	1973790	10
7323	3163	Ravenscale Neckguard	0	IT63	1973790	10
7317	3164	Ravenscale Chestguard	2	IT63	1973790	10
7324	3165	Ravenscale Shoulderpads	0	IT63	1973790	10
7318	3166	Ravenscale Cloak	0	IT63	1973790	10
7314	3167	Ravenscale Belt	0	IT63	1973790	10
7313	3168	Ravenscale Armguards	2	IT63	1973790	10
7316	3169	Ravenscale Bracer	2	IT63	1973790	10
7320	3170	Ravenscale Gloves	2	IT63	1973790	10
7321	3171	Ravenscale Leggings	2	IT63	1973790	10
7315	3172	Ravenscale Boots	2	IT63	1973790	10
5205	3181	Ivy Etched Helm	2	IT63	6598500	10
5208	3184	Ivy Etched Tunic	2	IT63	6598500	10
5207	3188	Ivy Etched Sleeves	2	IT63	6598500	10
5203	3189	Ivy Etched Bracer	2	IT63	6598500	10
5204	3190	Ivy Etched Gauntlets	2	IT63	6598500	10
5206	3191	Ivy Etched Leggings	2	IT63	6598500	10
5202	3192	Ivy Etched Boots	2	IT63	6598500	10
7428	3193	Reinforced Rhino Chest Guard	1	IT63	0	10
7426	3194	Reinforced Rhino Arm Guards	1	IT63	0	10
7432	3195	Reinforced Rhino Wrist Guard	1	IT63	0	10
7430	3196	Reinforced Rhino Leggings	1	IT63	0	10
7431	3197	Reinforced Rhino Skullcap	1	IT63	0	10
7429	3198	Reinforced Rhino Gloves	1	IT63	0	10
7427	3199	Reinforced Rhino Boots	1	IT63	0	10
8198	3200	Sebilite Scale Cap	7	IT63	13158655	10
8204	3201	Sebilite Scale Mask	0	IT63	13158655	10
8205	3202	Sebilite Scale Neckguard	0	IT63	13158655	10
8200	3203	Sebilite Scale Coat	7	IT63	13158655	10
8203	3204	Sebilite Scale Mantle	0	IT63	13158655	10
8199	3205	Sebilite Scale Cape	0	IT63	13158655	10
8195	3206	Sebilite Scale Belt	0	IT63	13158655	10
8206	3207	Sebilite Scale Vambraces	7	IT63	13158655	10
8197	3208	Sebilite Scale Bracelet	7	IT63	13158655	10
8201	3209	Sebilite Scale Gloves	7	IT63	13158655	10
8202	3210	Sebilite Scale Leggings	7	IT63	13158655	10
8196	3211	Sebilite Scale Boots	7	IT63	13158655	10
4317	3212	Hardened Clay Bracelet	2	IT63	0	10
5446	3213	Kylong War Helm	7	IT63	4592660	10
5441	3214	Kylong Chestplate	7	IT63	4592660	10
5439	3215	Kylong Arm Guards	7	IT63	4592660	10
5447	3216	Kylong Wrist Guards	7	IT63	4592660	10
5442	3217	Kylong Gauntlets	7	IT63	4592660	10
5443	3218	Kylong Greaves	7	IT63	4592660	10
5440	3219	Kylong Boots	7	IT63	4592660	10
5436	3250	Kunzar Mantle	0	IT63	0	10
5252	3251	Jarsath Scale Helm	7	IT63	0	10
5250	3252	Jarsath Scale Chestplate	7	IT63	0	10
5254	3253	Jarsath Scale Vambraces	7	IT63	0	10
5255	3254	Jarsath Scale Wrist Guards	7	IT63	0	10
5251	3255	Jarsath Scale Gauntlets	7	IT63	0	10
5253	3256	Jarsath Scale Leggings	7	IT63	0	10
5249	3257	Jarsath Scale Boots	7	IT63	0	10
6602	3258	Obulus Mantle	0	IT63	0	10
6092	3259	Mask of Wurms	0	IT63	0	10
3957	3260	Goblin Forged Chain Coif	2	IT63	0	10
3968	3261	Goblin Forged Iron Mask	0	IT63	0	10
3963	3262	Goblin Forged Chainmail Neckguard	0	IT63	0	10
3960	3263	Goblin Forged Chainmail Coat	2	IT63	0	10
3962	3264	Goblin Forged Chainmail Mantle	0	IT63	0	10
3959	3265	Goblin Forged Chainmail Cape	0	IT63	0	10
3964	3266	Goblin Forged Chainmail Skirt	0	IT63	0	10
3965	3267	Goblin Forged Iron Armplates	2	IT63	0	10
3958	3268	Goblin Forged Chainmail Bracelet	2	IT63	0	10
3961	3269	Goblin Forged Chainmail Gloves	2	IT63	0	10
3967	3270	Goblin Forged Iron Legplates	2	IT63	0	10
3966	3271	Goblin Forged Iron Boots	2	IT63	0	10
2835	3272	Elven Chain Coif	2	IT63	9232890	10
2836	3273	Elven Chain Veil	0	IT63	0	10
2843	3274	Elven Chainmail Neckguard	0	IT63	4278190080	10
2846	3275	Elven Chainmail Tunic	2	IT63	9232890	10
2842	3276	Elven Chainmail Mantle	0	IT63	0	10
2839	3277	Elven Chainmail Cape	0	IT63	0	10
2844	3278	Elven Chainmail Skirt	0	IT63	4278190080	10
2845	3279	Elven Chainmail Sleeves	2	IT63	9232890	10
2838	3280	Elven Chainmail Bracelet	2	IT63	9232890	10
2840	3281	Elven Chainmail Gloves	2	IT63	9232890	10
2841	3282	Elven Chainmail Leggings	2	IT63	9232890	10
9718	3283	Teir`Dal Chain Coif	1	IT63	3276850	10
9720	3284	Teir`Dal Chain Veil	0	IT63	4278190080	10
9719	3285	Teir`Dal Chain Neckguard	0	IT63	0	10
9729	3286	Teir`Dal Chainmail Tunic	2	IT63	3276850	10
9726	3287	Teir`Dal Chainmail Mantle	0	IT63	4278190080	10
9723	3288	Teir`Dal Chainmail Cape	0	IT63	0	10
9727	3289	Teir`Dal Chainmail Skirt	0	IT63	0	10
9728	3290	Teir`Dal Chainmail Sleeves	2	IT63	3932170	10
9722	3291	Teir`Dal Chainmail Bracelet	2	IT63	3276850	10
9724	3292	Teir`Dal Chainmail Gloves	2	IT63	3276850	10
9725	3293	Teir`Dal Chainmail Leggings	2	IT63	3932170	10
2691	3301	Dwarven Ringmail Tunic	2	IT63	0	10
562	3302	Barbed Armplates	2	IT63	0	10
567	3303	Barbed Legplates	2	IT63	0	10
744	3304	Black Iron Girdle	0	IT63	0	10
1652	3305	Chitin Shell Armor	2	IT63	0	10
5179	3306	Iron Shackles	2	IT63	0	10
1256	3307	Brigandine Tunic	2	IT63	0	10
1005	3308	Bloodstained Tunic	2	IT63	13719372	10
1004	3309	Bloodstained Mantle	0	IT63	0	10
2290	3310	Dark Mail Gauntlets	2	IT63	3947595	10
8560	3311	Silver-Plated Leggings	3	IT63	0	10
2699	3312	Dwarven Work Boots	2	IT63	0	10
5171	3313	Iron Leash Collar	0	IT63	3289650	10
2422	3314	Dented Brass Mask	0	IT63	10161935	10
8661	3315	Silvermesh Leggings	2	IT63	0	10
4415	3316	Helm of Hukulk	2	IT63	0	10
8294	3317	ShadowBound Boots	2	IT63	65793	10
8295	3318	ShadowBound Gloves	2	IT63	65793	10
8479	3366	Shiny Ore Machete	0	IT131	0	0
7846	3400	Runed Circlet	2	IT63	0	10
584	3401	Barnacle-covered Pauldron	0	IT63	0	10
6241	3402	Minotaur Ribcage	2	IT63	0	10
8176	3403	Seahorse Scale Cloak	0	IT63	0	10
9148	3543	Soul Shepherd	0	IT126	0	4
4109	3544	Gown of Wavering Minds	10	IT63	0	10
6898	3545	Pendant of the Warlord	0	IT63	0	10
8624	3547	Silver Runed Jade Earring	0	IT63	0	10
1059	3550	Bolster Belt of the Gracious	0	IT63	0	10
7836	3554	Runebladed Sword of Night	0	IT1	0	0
8561	3556	Silver-Plated Shark Scale Cap	1	IT63	0	10
6095	3559	Mask of the Mentor	0	IT63	0	10
8271	3561	Sewn Hide Shawl	0	IT63	0	255
7523	3563	Ring of the Warlord	0	IT63	0	10
8756	3564	Slippers of the Silent Stalker	0	IT63	0	10
8051	3565	Sash of Woven Vine	0	IT63	0	10
4021	3568	Gold Threaded Tunic	4	IT63	0	10
6897	3571	Pendant of the Pressing Mind	0	IT63	0	10
1866	3572	Collar of Might	0	IT63	0	10
7521	3573	Ring of the Stalker	0	IT63	0	10
10285	3574	Veil of the Watcher	0	IT63	0	10
4309	3575	Hands of Marr	3	IT63	0	10
8111	3579	Sceptre of Ancient Knowledge	0	IT51	0	255
862	3583	Blade of Shadowed Flame	0	IT1	0	0
3442	3588	Fleshbound Tome	0	IT27	0	255
815	3600	Blackened Alloy Coif	2	IT63	3289650	10
816	3601	Blackened Alloy Collar	0	IT63	3289650	10
820	3602	Blackened Alloy Mail	2	IT63	3289650	10
821	3603	Blackened Alloy Spaulder	0	IT63	3289650	10
9531	3604	Supple Black Cloak	0	IT63	3289650	10
822	3605	Blackened Alloy Waistband	0	IT63	3289650	10
811	3606	Blackened Alloy Armplates	2	IT63	3289650	10
814	3607	Blackened Alloy Bracers	2	IT63	3289650	10
817	3608	Blackened Alloy Gloves	2	IT63	3289650	10
818	3609	Blackened Alloy Legplates	2	IT63	3289650	10
813	3610	Blackened Alloy Boots	2	IT63	3289650	10
720	3611	Black Alloy Girdle	0	IT63	0	10
721	3615	Black Alloy Medallion	0	IT63	0	10
812	3616	Blackened Alloy Bastard Sword	0	IT58	0	1
819	3617	Blackened Alloy Longsword	0	IT1	0	0
4227	3618	Grotesque Alloy Mask	0	IT63	3289650	10
2293	3620	Dark Muslin Cap	1	IT63	0	10
2300	3621	Dark Muslin Veil	0	IT63	0	10
2294	3622	Dark Muslin Collar	0	IT63	0	10
2299	3623	Dark Muslin Tunic	1	IT63	0	10
2292	3624	Dark Muslin Amice	0	IT63	0	10
2297	3626	Dark Muslin Sash	0	IT63	0	10
2298	3627	Dark Muslin Sleeves	1	IT63	0	10
2301	3628	Dark Muslin Wristbands	1	IT63	0	10
2295	3629	Dark Muslin Gloves	1	IT63	0	10
2296	3630	Dark Muslin Leggings	1	IT63	0	10
5763	3656	Leather Cord	0	IT63	0	255
2241	3679	Dabner's Staff of Recall	0	IT126	0	3
10403	3801	Vermiculated Crown	2	IT63	6590800	10
10406	3802	Vermiculated Tunic	2	IT63	6590800	10
10400	3803	Vermiculated Armplates	2	IT63	6590800	10
10402	3804	Vermiculated Bracelet	2	IT63	6590800	10
10404	3805	Vermiculated Gloves	2	IT63	6590800	10
10405	3806	Vermiculated Leggings	2	IT63	6590800	10
10401	3807	Vermiculated Boots	2	IT63	6590800	10
5315	3808	Kedgemail Gauntlets	2	IT63	0	10
1676	3886	Chunk of Tynnonium	0	IT63	0	255
9779	3887	The History of the Greenmist	0	IT63	0	255
7493	3888	Rile's Shattered Blade	0	IT44	0	255
6245	3889	Mirror of Self-loathing	0	IT63	0	255
4186	3890	Greenmist Design Pattern	0	IT63	0	255
4288	3891	Hammer of 1406	0	IT63	0	255
1137	3892	Bottle of Liquid Deklium	0	IT63	0	255
6565	3893	Note to Librarian Zimor	0	IT63	0	255
4190	3894	Greenmist Khukri Blade	0	IT63	0	255
6570	3895	A Note to Oxyn	0	IT63	0	255
1960	3896	Cracked Mirror of Self-Loathing	0	IT63	0	255
6988	4001	Platemail Helm	3	IT63	0	10
9381	4002	Steel Mask	0	IT63	0	10
9376	4003	Steel Collar	0	IT63	0	10
9375	4004	Steel Breastplate	3	IT63	0	10
9382	4005	Steel Pauldron	0	IT63	0	10
9287	4006	Splinted Cloak	0	IT63	0	10
6981	4007	Plate Girdle	0	IT63	0	10
9386	4008	Steel Vambraces	3	IT63	0	10
9374	4009	Steel Bracers	3	IT63	0	10
6980	4010	Plate Gauntlets	3	IT63	0	10
9377	4011	Steel Greaves	3	IT63	0	10
9383	4012	Steel Plate Boots	3	IT63	0	10
8941	4013	Small Platemail Helm	3	IT63	0	10
9001	4014	Small Steel Mask	0	IT63	0	10
8999	4015	Small Steel Collar	0	IT63	0	10
8998	4016	Small Steel Breastplate	3	IT63	0	10
9002	4017	Small Steel Pauldron	0	IT63	0	10
8996	4018	Small Splinted Cloak	0	IT63	0	10
8934	4019	Small Plate Girdle	0	IT63	0	10
9005	4020	Small Steel Vambraces	3	IT63	0	10
8997	4021	Small Steel Bracers	3	IT63	0	10
8933	4022	Small Plate Gauntlets	3	IT63	0	10
9000	4023	Small Steel Greaves	3	IT63	0	10
9003	4024	Small Steel Plate Boots	3	IT63	0	10
5651	4025	Large Platemail Helm	3	IT63	0	10
5713	4026	Large Steel Mask	0	IT63	0	10
5710	4027	Large Steel Collar	0	IT63	0	10
5709	4028	Large Steel Breastplate	3	IT63	0	10
5714	4029	Large Steel Pauldron	0	IT63	0	10
5707	4030	Large Splinted Cloak	0	IT63	0	10
5644	4031	Large Plate Girdle	0	IT63	0	10
5717	4032	Large Steel Vambraces	3	IT63	0	10
5708	4033	Large Steel Bracers	3	IT63	0	10
5643	4034	Large Plate Gauntlets	3	IT63	0	10
5711	4035	Large Steel Greaves	3	IT63	0	10
5715	4036	Large Steel Plate Boots	3	IT63	0	10
6704	4099	Opoline Helm	3	IT63	3289650	10
591	4100	Basalt Carapace	3	IT63	3289650	10
3273	4113	Fiery Vambraces	3	IT63	0	10
8456	4114	Shin Gauntlets	3	IT63	0	10
4612	4115	Icy Greaves	3	IT63	658070	10
8457	4116	Shin Greaves	3	IT63	0	10
5092	4132	Incarnadine Helm	3	IT63	7210245	10
5089	4133	Incarnadine Breastplate	3	IT63	7210245	10
5094	4134	Incarnadine Vambraces	3	IT63	7210245	10
5088	4135	Incarnadine Bracers	3	IT63	7210245	10
5090	4136	Incarnadine Gauntlets	3	IT63	7210245	10
5091	4137	Incarnadine Greaves	3	IT63	7210245	10
5087	4138	Incarnadine Boots	3	IT63	7210245	10
5712	4152	Large Steel Kilt	3	IT63	0	10
5460	4153	Lambent Helm	3	IT63	65992	10
5456	4154	Lambent Breastplate	3	IT63	65992	10
5465	4155	Lambent Vambraces	3	IT63	65992	10
5455	4156	Lambent Bracers	3	IT63	65992	10
5458	4157	Lambent Gauntlets	3	IT63	65992	10
5459	4158	Lambent Greaves	3	IT63	65992	10
5454	4159	Lambent Boots	3	IT63	65992	10
7691	4161	Rubicite Helm	3	IT63	10161935	10
7692	4162	Rubicite Mask	0	IT63	10161935	10
7688	4163	Rubicite Collar	0	IT63	10161935	10
7686	4164	Rubicite Breastplate	3	IT63	10161935	10
7693	4165	Rubicite Pauldron	0	IT63	10161935	10
7687	4166	Rubicite Cloak	0	IT63	10161935	10
7695	4167	Rubicite Waistband	0	IT63	10161935	10
7694	4168	Rubicite Vambraces	3	IT63	10161935	10
7685	4169	Rubicite Bracers	3	IT63	10161935	10
7689	4170	Rubicite Gauntlets	3	IT63	10161935	10
7690	4171	Rubicite Greaves	3	IT63	10161935	10
7684	4172	Rubicite Boots	3	IT63	10161935	10
1968	4173	Crafted Helm	3	IT63	7571400	10
1965	4174	Crafted Breastplate	3	IT63	7571400	10
1969	4175	Crafted Pauldron	0	IT63	7571400	10
1971	4176	Crafted Vambraces	3	IT63	7571400	10
1964	4177	Crafted Bracers	3	IT63	7571400	10
1966	4178	Crafted Gauntlets	3	IT63	7571400	10
1967	4179	Crafted Greaves	3	IT63	7571400	10
1970	4180	Crafted Plate Boots	3	IT63	7571400	10
9047	4183	Small Crafted Pauldron	0	IT63	7571400	10
8287	4190	Shackle of Dust	1	IT63	0	10
8285	4191	Shackle of Clay	2	IT63	0	10
8290	4192	Shackle of Stone	7	IT63	11501628	10
8288	4193	Shackle of Rock	7	IT63	11501628	10
8286	4194	Shackle of Copper	7	IT63	14007808	10
8284	4195	Shackle of Bronze	7	IT63	13198855	10
8289	4196	Shackle of Steel	7	IT63	0	10
8291	4199	Shackle of Tynnonium	7	IT63	10855845	255
10026	4200	Tribal War Mask	0	IT63	0	10
1305	4201	Bronze Helm	3	IT63	13198855	10
1313	4202	Bronze Mask	0	IT63	13198855	10
1297	4203	Bronze Collar	0	IT63	13198855	10
1295	4204	Bronze Breastplate	3	IT63	13198855	10
1316	4205	Bronze Pauldron	0	IT63	13198855	10
9286	4206	Splinted Bronze Cloak	0	IT63	13198855	10
1302	4207	Bronze Girdle	0	IT63	13198855	10
1333	4208	Bronze Vambraces	3	IT63	13198855	10
1293	4209	Bronze Bracers	3	IT63	13198855	10
1301	4210	Bronze Gauntlets	3	IT63	13198855	10
1303	4211	Bronze Greaves	3	IT63	13198855	10
1292	4212	Bronze Boots	3	IT63	13198855	10
8812	4213	Small Bronze Helm	3	IT63	13198855	10
10987	4213	Small Bronze Helm	3	IT63	13198855	10
8813	4214	Small Bronze Mask	0	IT63	13198855	10
8808	4215	Small Bronze Collar	0	IT63	13198855	10
8807	4216	Small Bronze Breastplate	3	IT63	13198855	10
8814	4217	Small Bronze Pauldron	0	IT63	13198855	10
8995	4218	Small Splinted Bronze Cloak	0	IT63	13198855	10
8810	4219	Small Bronze Girdle	0	IT63	13198855	10
8815	4220	Small Bronze Vambraces	3	IT63	13198855	10
9042	4220	Small Bronze Vambraces	3	IT63	13198855	10
8806	4221	Small Bronze Bracers	3	IT63	13198855	10
8809	4222	Small Bronze Gauntlets	3	IT63	13198855	10
8811	4223	Small Bronze Greaves	3	IT63	13198855	10
8805	4224	Small Bronze Boots	3	IT63	13198855	10
5524	4225	Large Bronze Helm	3	IT63	13198855	10
5525	4226	Large Bronze Mask	0	IT63	13198855	10
5520	4227	Large Bronze Collar	0	IT63	13198855	10
5519	4228	Large Bronze Breastplate	3	IT63	13198855	10
5526	4229	Large Bronze Pauldron	0	IT63	13198855	10
5706	4230	Large Splinted Bronze Cloak	0	IT63	13198855	10
5527	4232	Large Bronze Vambraces	3	IT63	13198855	10
5518	4233	Large Bronze Bracers	3	IT63	13198855	10
5521	4234	Large Bronze Gauntlets	3	IT63	13198855	10
5523	4235	Large Bronze Greaves	3	IT63	13198855	10
5517	4236	Large Bronze Boots	3	IT63	13198855	10
7475	4240	Rhino Hide Chest Guard	1	IT63	0	10
7472	4241	Rhino Hide Arm Guards	1	IT63	0	10
7482	4243	Rhino Hide Waistband	0	IT63	0	10
7478	4244	Rhino Hide Leggings	1	IT63	0	10
7474	4245	Rhino Hide Cape	0	IT63	0	10
7480	4246	Rhino Hide Skullcap	1	IT63	0	10
7483	4246	Rhino Hide Skullcap	1	IT63	0	10
7477	4247	Rhino Hide Gloves	1	IT63	0	10
7479	4248	Rhino Hide Shoulderpads	1	IT63	0	10
7473	4249	Rhino Hide Boots	1	IT63	0	10
356	4260	Apprentice Skullcap - 1st Rank	1	IT63	0	10
357	4261	Apprentice Skullcap - 2nd Rank	1	IT63	0	10
358	4262	Apprentice Skullcap - 3rd Rank	1	IT63	0	10
2278	4263	Dark Binder Skullcap	1	IT63	0	10
6603	4264	Occultist Skullcap	1	IT63	0	10
7469	4265	Revenant Skullcap	1	IT63	0	10
9137	4266	Sorcerer Skullcap	1	IT63	0	10
2203	4270	Curscale Skullcap	0	IT63	0	10
2205	4271	Curscale Snout Mount	0	IT63	0	10
2199	4272	Curscale Choker	0	IT63	0	10
2206	4273	Curscale Tunic	0	IT63	0	10
2202	4274	Curscale Shawl	0	IT63	0	10
2198	4275	Curscale Cape	0	IT63	0	10
2195	4276	Curscale Belt	0	IT63	0	10
2204	4277	Curscale Sleeves	0	IT63	0	10
2200	4279	Curscale Gloves	0	IT63	0	10
2201	4280	Curscale Leggings	0	IT63	0	10
2196	4281	Curscale Boots	0	IT63	0	10
1260	4282	Bristle Silk Cap	0	IT63	0	10
1270	4283	Bristle Silk Veil	0	IT63	0	10
1264	4284	Bristle Silk Neckerchief	0	IT63	0	10
1269	4285	Bristle Silk Tunic	0	IT63	0	10
1266	4286	Bristle Silk Shawl	0	IT63	0	10
1261	4287	Bristle Silk Cape	0	IT63	0	10
1265	4288	Bristle Silk Sash	0	IT63	0	10
1267	4289	Bristle Silk Sleeves	0	IT63	0	10
1271	4290	Bristle Silk Wristband	0	IT63	0	10
1262	4291	Bristle Silk Gloves	0	IT63	0	10
1263	4292	Bristle Silk Knickerbockers	0	IT63	0	10
1268	4293	Bristle Silk Stockings	0	IT63	0	10
2640	4294	Dusty Rusted Shackles	7	IT63	8538920	10
2641	4295	Dusty Rusted Vambraces	7	IT63	8538920	10
7619	4296	Rotbone Sleeves	1	IT63	10194000	10
7618	4297	Rotbone Bracelet	1	IT63	10194000	10
6055	4298	Mantle of Fire	0	IT63	0	10
895	4299	Blazing Vambraces	3	IT63	16396810	10
2010	4300	Crested Helm	3	IT63	0	10
8713	4301	Skull-shaped Barbute	3	IT63	0	10
2012	4302	Crested Spaulders	0	IT63	0	10
8559	4303	Silver-Plated Bracer	3	IT63	0	10
9568	4304	Symbol of Loyalty to Vox	3	IT63	0	10
1608	4305	Charred Guardian Breastplate	3	IT63	3289650	10
1607	4306	Charred Gauntlets	3	IT63	3289650	10
1605	4307	Charred Boots	3	IT63	3289650	10
6273	4309	Mithril Breastplate	3	IT63	11842810	10
6282	4310	Mithril Plated Girth	0	IT63	0	10
4119	4311	Granite Bracer	3	IT63	4934465	10
8759	4312	Sludged Girdle	3	IT63	968133	10
1074	4313	Bone Mask of the Jarsath	3	IT63	968133	10
3570	4314	Froglok Scale Chestplate	7	IT63	968133	10
6601	4315	Obulus Death Shroud	7	IT63	968133	10
2316	4317	Dark Scale Greaves	3	IT63	2373696	10
4649	4318	Iksar Hide Boots	7	IT63	968133	10
217	4321	Aerated Pauldrons	0	IT63	0	10
965	4322	Blood Sky Face Plate	0	IT63	4278190080	10
3895	4323	Glowing Pauldrons	0	IT63	4278190080	10
10647	4331	Wind Etched Helm of Ro	3	IT63	4278190080	10
10645	4334	Wind Etched Bracers of Ro	3	IT63	4294159901	10
10646	4335	Wind Etched Gauntlets of Ro	3	IT63	4294159901	10
10644	4337	Wind Etched Boots of Ro	3	IT63	4294159901	10
4046	4341	Golden Efreeti Turban	0	IT63	14007808	10
4042	4342	Golden Efreeti Chestplate	3	IT63	14007808	10
4047	4343	Golden Efreeti Vambraces	3	IT63	14007808	10
4041	4344	Golden Efreeti Bracers	3	IT63	14007808	10
4043	4345	Golden Efreeti Gauntlets	3	IT63	14007808	10
4044	4346	Golden Efreeti Greaves	3	IT63	14007808	10
9161	4350	Sparring Headgear	0	IT63	0	10
9158	4351	Sparring Facemask	0	IT63	0	10
9157	4352	Sparring Collar	0	IT63	0	10
9160	4353	Sparring Harness	4	IT63	0	10
9164	4354	Sparring Shoulder Pads	0	IT63	0	10
9162	4355	Sparring Rib Pad	0	IT63	0	10
9155	4356	Sparring Arm Guards	0	IT63	0	10
9159	4357	Sparring Grappler Gloves	0	IT63	0	10
9163	4358	Sparring Shin Guards	1	IT63	0	10
9156	4359	Sparring Clogs	0	IT63	0	10
7481	4372	Rhino Hide Snout Guard	0	IT63	0	10
7476	4373	Rhino Hide Collar	0	IT63	0	10
6786	4381	Paineel Platemail Helm	3	IT63	3289650	10
6792	4382	Paineel Steel Mask	0	IT63	3289650	10
6790	4383	Paineel Steel Collar	0	IT63	3289650	10
6789	4384	Paineel Steel Breastplate	3	IT63	3289650	10
6793	4385	Paineel Steel Pauldron	0	IT63	3289650	10
6787	4386	Paineel Splinted Cloak	0	IT63	3289650	10
6795	4388	Paineel Steel Vambraces	3	IT63	3289650	10
6788	4389	Paineel Steel Bracers	3	IT63	3289650	10
6785	4390	Paineel Plate Gauntlets	3	IT63	3289650	10
6791	4391	Paineel Steel Greaves	3	IT63	3289650	10
6794	4392	Paineel Steel Plate Boots	3	IT63	3289650	10
4877	4394	Imbued Granite Spauldors	0	IT63	0	10
10368	4395	Velium Spear of Impaling	0	IT172	0	7
204	4402	Adamantite Epaulets	0	IT63	0	10
2897	4403	Enameled Black Chestplate	3	IT63	3289650	10
1619	4404	Chestplate of the Dark Flame	3	IT63	3289650	10
1477	4405	Carnal Pauldrons	0	IT63	0	10
7855	4406	Runed Mithril Bracer	3	IT63	11842810	10
4040	4407	Golden Efreeti Boots	3	IT63	14007808	10
4034	4408	Golden Chitin Bracer	3	IT63	14007808	10
1343	4409	Brown Chitin Protector	3	IT63	11501628	10
727	4410	Black Chitin Leggings	3	IT63	3289650	10
6311	4411	Mithril Vambraces	3	IT63	11842810	10
6280	4412	Mithril Greaves	3	IT63	11842810	10
184	4413	Abalone Gorget	0	IT63	0	10
2684	4416	Dwarven Plate Helm	3	IT63	3284490	10
2690	4417	Dwarven Plate Visor	0	IT63	0	10
2676	4418	Dwarven Plate Collar	0	IT63	0	10
2656	4419	Dwarven Plate Breastplate	3	IT63	5255695	10
2685	4420	Dwarven Plate Pauldron	0	IT63	0	10
2686	4420	Dwarven Plate Pauldron	0	IT63	0	10
2695	4421	Dwarven Splinted Cloak	0	IT63	0	10
2696	4421	Dwarven Splinted Cloak	0	IT63	0	10
2679	4422	Dwarven Plate Girdle	0	IT63	0	10
2680	4422	Dwarven Plate Girdle	0	IT63	0	10
2688	4423	Dwarven Plate Vambraces	3	IT63	3284490	10
2673	4424	Dwarven Plate Bracers	3	IT63	5255695	10
2678	4425	Dwarven Plate Gauntlets	3	IT63	3284490	10
2682	4426	Dwarven Plate Greaves	3	IT63	3284490	10
2671	4427	Dwarven Plate Boots	3	IT63	1968645	10
6665	4428	Ogre War Plate Helm	3	IT63	3933440	10
6668	4429	Ogre War Plate Visor	0	IT63	0	10
6661	4430	Ogre War Plate Collar	0	IT63	0	10
6660	4431	Ogre War Plate Breastplate	3	IT63	5248000	10
6666	4432	Ogre War Plate Pauldron	0	IT63	4278190080	10
6669	4433	Ogre War Splinted Cloak	0	IT63	4278190080	10
6663	4434	Ogre War Plate Girdle	0	IT63	4278190080	10
6667	4435	Ogre War Plate Vambraces	3	IT63	656640	10
6659	4436	Ogre War Plate Bracers	3	IT63	5248000	10
6662	4437	Ogre War Plate Gauntlets	3	IT63	3933440	10
6664	4438	Ogre War Plate Greaves	3	IT63	656640	10
6658	4439	Ogre War Plate Boots	3	IT63	3933440	10
2683	4448	Dwarven Plate Helm	3	IT63	3284490	10
2689	4449	Dwarven Plate Visor	0	IT63	0	10
2675	4450	Dwarven Plate Collar	0	IT63	0	10
2674	4451	Dwarven Plate Breastplate	3	IT63	5255695	10
2687	4455	Dwarven Plate Vambraces	3	IT63	3284490	10
2672	4456	Dwarven Plate Bracers	3	IT63	5255695	10
2677	4457	Dwarven Plate Gauntlets	3	IT63	3284490	10
2681	4458	Dwarven Plate Greaves	3	IT63	3284490	10
2670	4459	Dwarven Plate Boots	3	IT63	1968645	10
7056	4501	Polished Mithril Torque	0	IT63	0	10
2034	4504	Crown of King Tranix	0	IT63	0	10
7055	4505	Polished Mithril Mask	0	IT63	0	10
1797	4515	Cobalt Helm	3	IT63	3289720	10
1779	4516	Cobalt Breastplate	3	IT63	3289700	10
1799	4517	Cobalt Vambraces	3	IT63	3289710	10
1778	4518	Cobalt Bracer	3	IT63	3289690	10
1795	4519	Cobalt Gauntlets	3	IT63	3289670	10
1796	4520	Cobalt Greaves	3	IT63	3289680	10
1777	4521	Cobalt Boots	3	IT63	3289660	10
941	4522	Blood Ember Helm	3	IT63	4587520	10
938	4523	Blood Ember Breastplate	3	IT63	3276800	10
942	4524	Blood Ember Vambraces	3	IT63	3932160	10
937	4525	Blood Ember Bracer	3	IT63	2621440	10
939	4526	Blood Ember Gauntlets	3	IT63	1310720	10
940	4527	Blood Ember Greaves	3	IT63	1966080	10
936	4528	Blood Ember Boots	3	IT63	655360	10
5266	4529	Jaundiced Bone Helm	3	IT63	16448160	10
5263	4530	Jaundiced Bone Breastplate	3	IT63	15132320	10
5267	4531	Jaundiced Bone Vambraces	3	IT63	15790240	10
5262	4532	Jaundiced Bone Bracer	3	IT63	14474400	10
5264	4533	Jaundiced Bone Gauntlets	3	IT63	13158560	10
5265	4534	Jaundiced Bone Greaves	3	IT63	13816480	10
5261	4535	Jaundiced Bone Boots	3	IT63	12500640	10
9909	4536	Tolan's Darkwood Helm	3	IT63	6566425	10
9906	4537	Tolan's Darkwood Breastplate	3	IT63	5253140	10
9910	4538	Tolan's Darkwood Vambraces	3	IT63	5909782	10
9905	4539	Tolan's Darkwood Bracer	3	IT63	4596497	10
9907	4540	Tolan's Darkwood Gauntlets	3	IT63	3283212	10
9908	4541	Tolan's Darkwood Greaves	3	IT63	3939855	10
9904	4542	Tolan's Darkwood Boots	3	IT63	2626570	10
2402	4543	Deepwater Helm	3	IT63	14462998	10
2397	4544	Deepwater Breastplate	3	IT63	13148180	10
2404	4545	Deepwater Vambraces	3	IT63	13805589	10
2396	4546	Deepwater Bracer	3	IT63	12490771	10
2398	4547	Deepwater Gauntlets	3	IT63	11175953	10
2400	4548	Deepwater Greaves	3	IT63	11833362	10
2395	4549	Deepwater Boots	3	IT63	10518544	10
6360	4550	Mrylokar's Helm	3	IT63	2629150	10
6355	4551	Mrylokar's Breastplate	3	IT63	2629150	10
6361	4552	Mrylokar's Vambraces	3	IT63	2629150	10
6354	4553	Mrylokar's Bracer	3	IT63	2629150	10
6357	4554	Mrylokar's Gauntlets	3	IT63	2629150	10
6359	4555	Mrylokar's Greaves	3	IT63	2629150	10
6353	4556	Mrylokar's Boots	3	IT63	2629150	10
8675	4557	Singing Steel Helm	3	IT63	5161615	10
8672	4558	Singing Steel Breastplate	3	IT63	3845755	10
8676	4559	Singing Steel Vambraces	3	IT63	4503685	10
8671	4560	Singing Steel Bracer	3	IT63	3187825	10
8673	4561	Singing Steel Gauntlets	3	IT63	1871965	10
8674	4562	Singing Steel Greaves	3	IT63	2529895	10
8670	4563	Singing Steel Boots	3	IT63	1214035	10
2500	4564	Donal's Helm of Mourning	3	IT63	7895184	10
2498	4565	Donal's Chestplate of Mourning	3	IT63	6579320	10
2502	4566	Donal's Vambraces of Mourning	3		7237252	10
2497	4567	Donal's Bracer of Mourning	3	IT63	5921388	10
2499	4568	Donal's Gauntlets of Mourning	3	IT63	4605524	10
2501	4569	Donal's Leggings of Mourning	3	IT63	4276560	10
2496	4570	Donal's Boots of Mourning	3	IT63	3947595	10
2785	4571	Elder Spiritist's Helm	2	IT63	668170	10
2782	4572	Elder Spiritist's Breastplate	2	IT63	668170	10
2786	4573	Elder Spiritist's Vambraces	2	IT63	668170	10
2781	4574	Elder Spiritist's Bracer	2	IT63	668170	10
2783	4575	Elder Spiritist's Gauntlets	2	IT63	668170	10
2784	4576	Elder Spiritist's Greaves	2	IT63	668170	10
2780	4577	Elder Spiritist's Boots	2	IT63	668170	10
4417	4578	Helm of Rile	3	IT63	0	10
3679	4579	Gangrenous Beetle Mask	0	IT63	0	10
4216	4580	Grim Pauldrons	0	IT63	0	10
8031	4581	Sarnak Headguard	3	IT63	0	10
294	4582	Ancient Shissar Gauntlet	7	IT63	0	10
1557	4583	Ceremonial Iksar Chestplate	7	IT63	6579335	10
4298	4620	Hammerhead Helm	3	IT63	0	10
1294	4778	Bronze Brazier	0	IT63	0	255
4030	4780	Golden Bracer	3	IT63	14007808	10
5959	4831	Lustrous Russet Helm	3	IT63	4289691708	10
5956	4832	Lustrous Russet Breastplate	3	IT63	11501628	10
5960	4833	Lustrous Russet Vambraces	3	IT63	11501628	10
5955	4834	Lustrous Russet Bracer	3	IT63	11501628	10
5957	4835	Lustrous Russet Gauntlets	3	IT63	11501628	10
5958	4836	Lustrous Russet Greaves	3	IT63	11501628	10
5954	4837	Lustrous Russet Boots	3	IT63	11501628	10
10149	4841	Umbral Platemail Helm	3	IT63	4934465	10
10146	4842	Umbral Platemail Breastplate	3	IT63	4934465	10
10150	4843	Umbral Platemail Vambraces	3	IT63	4934465	10
10145	4844	Umbral Platemail Bracer	3	IT63	4934465	10
10147	4845	Umbral Platemail Gauntlets	3	IT63	4934465	10
10148	4846	Umbral Platemail Greaves	3	IT63	4934465	10
10144	4847	Umbral Platemail Boots	3	IT63	4934465	10
10259	4851	Valorium Helmet	3	IT63	7571450	10
10256	4852	Valorium Chestplate	3	IT63	7571450	10
10260	4853	Valorium Vambraces	3	IT63	7571450	10
10255	4854	Valorium Bracers	3	IT63	7571450	10
10257	4855	Valorium Gauntlets	3	IT63	7571450	10
10258	4856	Valorium Greaves	3	IT63	7571450	10
10254	4857	Valorium Boots	3	IT63	7571450	10
4695	4861	Imbrued Platemail Helm	3	IT63	11837490	10
4692	4862	Imbrued Platemail Breastplate	3	IT63	11837490	10
4696	4863	Imbrued Platemail Vambraces	3	IT63	11837490	10
4691	4864	Imbrued Platemail Bracer	3	IT63	11837490	10
4693	4865	Imbrued Platemail Gauntlets	3	IT63	11837490	10
4694	4866	Imbrued Platemail Greaves	3	IT63	11837490	10
4690	4867	Imbrued Platemail Boots	3	IT63	11837490	10
7768	4871	Rune Etched Helm	3	IT63	10658480	10
7765	4872	Rune Etched Chestplate	3	IT63	10658480	10
7770	4873	Rune Etched Vambraces	3	IT63	10658480	10
7764	4874	Rune Etched Bracer	3	IT63	10658480	10
7766	4875	Rune Etched Gauntlets	3	IT63	10658480	10
7767	4876	Rune Etched Greaves	3	IT63	10658480	10
7763	4877	Rune Etched Boots	3	IT63	10658480	10
3109	4881	Ethereal Mist Helm	3	IT63	7549555	10
3106	4882	Ethereal Mist Chestplate	3	IT63	7549555	10
3110	4883	Ethereal Mist Vambraces	3	IT63	7549555	10
3105	4884	Ethereal Mist Bracers	3	IT63	7549555	10
3107	4885	Ethereal Mist Gauntlets	3	IT63	7549555	10
3108	4886	Ethereal Mist Greaves	3	IT63	7549555	10
3104	4887	Ethereal Mist Boots	3	IT63	7549555	10
9828	4891	Thorny Vine Helm	3	IT63	5272372	10
9825	4892	Thorny Vine Chestplate	3	IT63	5272372	10
9829	4893	Thorny Vine Vambraces	3	IT63	5272372	10
9824	4894	Thorny Vine Bracer	3	IT63	5272372	10
9826	4895	Thorny Vine Gauntlets	3	IT63	5272372	10
9827	4896	Thorny Vine Greaves	3	IT63	5272372	10
9823	4897	Thorny Vine Boots	3	IT63	5272372	10
10872	4901	Woven Shadow Helm	3	IT63	5266517	10
10869	4902	Woven Shadow Chestplate	3	IT63	5266517	10
10873	4903	Woven Shadow Vambraces	3	IT63	5266517	10
10868	4904	Woven Shadow Bracer	3	IT63	5266517	10
10870	4905	Woven Shadow Gauntlets	3	IT63	5266517	10
10871	4906	Woven Shadow Greaves	3	IT63	5266517	10
10867	4907	Woven Shadow Boots	3	IT63	5266517	10
5102	4911	Indicolite Helm	3	IT63	11501628	10
5099	4912	Indicolite Breastplate	3	IT63	11501628	10
5103	4913	Indicolite Vambraces	3	IT63	11501628	10
5098	4914	Indicolite Bracer	3	IT63	11501628	10
5100	4915	Indicolite Gauntlets	3	IT63	11501628	10
5101	4916	Indicolite Greaves	3	IT63	11501628	10
5097	4917	Indicolite Boots	3	IT63	11501628	10
1661	4919	Chokidai Hide Spaulders	0	IT63	0	10
10025	4920	Tribal War Boots	3	IT63	7571400	10
1124	4921	Boots of the Reliant	3	IT63	16768130	10
3711	4922	Gauntlets of the Ardent	3	IT63	16768130	10
10270	4923	Vambraces of the Fervent	3	IT63	16768130	10
4158	4924	Greaves of the Penitent	3	IT63	16768130	10
1196	4925	Bracers of the Reverent	3	IT63	16768130	10
1618	4926	Chestplate of the Constant	3	IT63	16768130	10
9979	4941	Totemic Boots	3	IT63	9210980	10
9983	4942	Totemic Gauntlets	3	IT63	9210980	10
9986	4943	Totemic Vambraces	3	IT63	9210980	10
9984	4944	Totemic Greaves	3	IT63	9210980	10
9980	4945	Totemic Bracers	3	IT63	9210980	10
9981	4946	Totemic Breastplate	3	IT63	9210980	10
9985	4947	Totemic Helm	3	IT63	9210980	10
9982	4948	Totemic Cloak	0	IT63	9210980	10
2575	4968	Dreadscale Helm	7	IT63	0	10
2572	4969	Dreadscale Breastplate	7	IT63	989455	10
2577	4970	Dreadscale Vambraces	7	IT63	2631705	10
2571	4971	Dreadscale Bracer	7	IT63	2635550	10
2573	4972	Dreadscale Gauntlets	7	IT63	1323540	10
2574	4973	Dreadscale Greaves	7	IT63	989455	10
2570	4974	Dreadscale Boots	7	IT63	2631705	10
2576	4975	Dreadscale Mask	7	IT63	0	10
10049	4976	Trooper Scale Helm	7	IT63	0	10
10046	4977	Trooper Scale Breastplate	7	IT63	5921370	10
10050	4978	Trooper Scale Pauldron	7	IT63	0	10
10051	4979	Trooper Scale Vambraces	7	IT63	7237230	10
10045	4980	Trooper Scale Bracers	7	IT63	9211020	10
10047	4981	Trooper Scale Gauntlets	7	IT63	10526880	10
10048	4982	Trooper Scale Greaves	7	IT63	7237230	10
10044	4983	Trooper Scale Boots	7	IT63	9211020	10
8079	4984	Scaled Mystic Boots	7	IT63	9210980	10
8083	4985	Scaled Mystic Gauntlets	7	IT63	9210980	10
8086	4986	Scaled Mystic Vambraces	7	IT63	9210980	10
8084	4987	Scaled Mystic Greaves	7	IT63	9210980	10
8080	4988	Scaled Mystic Bracers	7	IT63	9210980	10
8081	4989	Scaled Mystic Breastplate	7	IT63	9210980	10
8085	4990	Scaled Mystic Helm	1	IT63	9210980	10
8082	4991	Scaled Mystic Cloak	7	IT63	9210980	10
8508	5001	Short Sword	0	IT34	0	0
5922	5002	Long Sword	0	IT1	0	0
613	5003	Battle Axe	0	IT60	0	0
602	5004	Bastard Sword	0	IT58	0	0
10127	5005	Two Handed Sword	0	IT2	0	1
4272	5006	Halberd	0	IT23	0	1
460	5007	Axe	0	IT3	0	0
1275	5008	Broad Sword	0	IT57	0	0
8115	5009	Scimitar	0	IT41	0	0
8151	5010	Scythe	0	IT39	0	1
1710	5011	Claymore	0	IT2	0	1
10124	5012	Two Handed Battle Axe	0	IT25	0	1
7920	5013	Rusty Short Sword	0	IT34	0	0
7902	5014	Rusty Axe	0	IT3	0	0
7917	5015	Rusty Scythe	0	IT39	0	1
7905	5016	Rusty Broad Sword	0	IT57	0	0
6237	5017	Minotaur Battle Axe	0	IT9	0	0
6920	5018	Pick	0	IT43	0	0
7911	5019	Rusty Long Sword	0	IT1	0	0
7904	5020	Rusty Battle Axe	0	IT3	0	0
7916	5021	Rusty Scimitar	0	IT41	0	0
7903	5022	Rusty Bastard Sword	0	IT58	0	0
7926	5023	Rusty Two Handed Sword	0	IT2	0	1
7909	5024	Rusty Halberd	0	IT23	0	1
7924	5025	Rusty Two Handed Battle Axe	0	IT25	0	1
1321	5026	Bronze Short Sword	0	IT34	0	0
1310	5027	Bronze Long Sword	0	IT1	0	0
1291	5028	Bronze Battle Axe	0	IT60	0	0
1290	5029	Bronze Bastard Sword	0	IT58	0	0
1331	5030	Bronze Two Handed Sword	0	IT2	0	1
1304	5031	Bronze Halberd	0	IT23	0	1
1289	5032	Bronze Axe	0	IT3	0	0
1296	5033	Bronze Broad Sword	0	IT57	0	0
1318	5034	Bronze Scimitar	0	IT41	0	0
1319	5035	Bronze Scythe	0	IT39	0	1
1329	5037	Bronze Two Handed Battle Axe	0	IT25	0	1
5773	5038	Leather Whip	0	IT61	0	0
3770	5039	Giant Rat Tail	0	IT61	0	0
7913	5040	Rusty Mining Pick	0	IT59	0	2
9624	5041	Tarnished Mining Pick	0	IT59	0	0
9631	5042	Tarnished Short Sword	0	IT34	0	0
9613	5043	Tarnished Axe	0	IT3	0	0
9616	5044	Tarnished Broad Sword	0	IT57	0	0
9622	5045	Tarnished Long Sword	0	IT1	0	0
9615	5046	Tarnished Battle Axe	0	IT3	0	0
9627	5047	Tarnished Scimitar	0	IT41	0	0
9614	5048	Tarnished Bastard Sword	0	IT58	0	0
9628	5049	Tarnished Scythe	0	IT39	0	1
10550	5050	Well-Balanced Long Sword	0	IT1	0	0
10552	5051	Well-Balanced Scimitar	0	IT41	0	0
10554	5052	Well-Balanced Two-Handed Sword	0	IT2	0	1
10553	5053	Well-Balanced Two-Handed Axe	0	IT25	0	1
2820	5054	Elegant Darkwood Katana	0	IT44	0	1
10925	5057	Wurmslayer	0	IT92	0	0
1527	5058	Cat o' Nine Tails	0	IT61	0	0
9580	5060	Tailor-made Whip	0	IT61	0	0
3502	5061	Forged Bastard Sword	0	IT1	0	0
3522	5062	Forged Two Handed Sword	0	IT2	0	1
3510	5063	Forged Morning Star	0	IT19	0	3
1549	5064	Ceramic Dirk	0	IT50	0	2
1678	5066	Cinctured Whip	0	IT61	0	2
9635	5070	Tarnished Two Handed Sword	0	IT2	0	1
9634	5071	Tarnished Two Handed Battle Axe	0	IT25	0	1
7918	5072	Rusty Shan`Tok	0	IT105	0	0
9629	5073	Tarnished Shan`Tok	0	IT105	0	0
7907	5074	Rusty Fer`Esh	0	IT82	0	0
9619	5075	Tarnished Fer`Esh	0	IT82	0	0
7919	5076	Rusty Sheer Blade	0	IT100	0	0
9630	5077	Tarnished Sheer Blade	0	IT100	0	0
10032	5078	Trochilic's Skean	0	IT34	0	0
1515	5082	Cast-Iron Long Sword	0	IT10649	4278190080	0
8327	5100	Shadowed Two Handed Sword	0	IT2	0	1
8319	5101	Shadowed Long Sword	0	IT1	0	0
8315	5102	Shadowed Battle Axe	0	IT60	0	0
8324	5103	Shadowed Scythe	0	IT39	0	1
8323	5104	Shadowed Scimitar	0	IT41	0	0
8318	5106	Shadowed Halberd	0	IT23	0	1
9594	5113	Tainted Steel Bastard Sword	0	IT58	0	1
7744	5114	Ruined Teir`Dal Long Sword	0	IT1	0	0
7741	5115	Ruined Steel Bastard Sword	0	IT58	0	1
6862	5120	Pawn's Khukri	0	IT82	0	0
5373	5121	Knave's Khukri	0	IT82	0	0
9317	5122	Squire's Khukri	0	IT82	0	0
5375	5123	Knight's Khukri	0	IT82	0	0
10970	5124	Zealot's Khukri	0	IT82	0	0
2050	5125	Crusader's Khukri	0	IT82	0	0
4435	5126	Hero's Khukri	0	IT104	0	0
4182	5127	Greenmist	0	IT175	0	0
5927	5128	Lord of Pain's Khukri	0	IT104	0	0
6833	5130	Partisan's Pike	0	IT103	0	2
6220	5131	Militia's Pike	0	IT103	0	2
3479	5132	Footman's Pike	0	IT103	0	2
9114	5133	Soldier's Pike	0	IT103	0	2
10041	5134	Trooper's Pike	0	IT103	0	2
5799	5135	Legionnaire's Mancatcher	0	IT92	0	2
10514	5137	Warlord Mancatcher	0	IT92	0	2
7171	5138	Pride of the Legion	0	IT92	0	2
5166	5140	Iron Cudgel of the Petitioner	0	IT37	0	3
5164	5141	Iron Cudgel of the Clairvoyant	0	IT37	0	3
5168	5142	Iron Cudgel of the Seer	0	IT37	0	3
5165	5143	Iron Cudgel of the Mystic	0	IT37	0	3
5167	5144	Iron Cudgel of the Prophet	0	IT37	0	3
5163	5145	Iron Cudgel of the Channeler	0	IT37	0	3
9559	5151	Sword of Skyfire	0	IT109	0	0
6519	5152	Noctivagant Blade	0	IT120	0	0
4170	5153	Green Jade Broadsword	0	IT93	0	0
4169	5154	Green Jade Axe	0	IT60	0	0
866	5155	Blade of the Black Dragon Eye	0	IT120	0	0
1234	5156	Breath of Harmony	0	IT121	0	0
5466	5157	Lamentation	0	IT81	0	0
9560	5158	Sword of the Morning	0	IT121	0	0
5435	5159	Kunzar Ku'juch	0	IT104	0	0
3230	5160	Fayguard Bladecatcher	0	IT99	0	0
868	5161	Blade of the Green Dragon Eye	0	IT120	0	0
4860	5162	Imbued Fighters Staff	0	IT122	0	4
4252	5163	Guardians Mace	0	IT37	0	3
9368	5165	Star of the Guardian	0	IT37	0	3
4188	5166	Greenmist Helm	7	IT63	0	10
4185	5167	Greenmist Breastplate	7	IT63	989455	10
4192	5168	Greenmist Vambraces	7	IT63	2631705	10
4184	5169	Greenmist Bracer	7	IT63	2635550	10
4187	5171	Greenmist Greaves	7	IT63	989455	10
4183	5172	Greenmist Boots	7	IT63	2631705	10
4191	5173	Greenmist Mask	7	IT63	0	10
5807	5174	Legionnaire Scale Helm	7	IT63	0	10
5804	5175	Legionnaire Scale Breastplate	7	IT63	5921370	10
5808	5176	Legionnaire Scale Pauldron	7	IT63	0	10
5809	5177	Legionnaire Scale Vambraces	7	IT63	7237230	10
5803	5178	Legionnaire Scale Bracers	7	IT63	9211020	10
5805	5179	Legionnaire Scale Gauntlets	7	IT63	10526880	10
5806	5180	Legionnaire Scale Greaves	7	IT63	7237230	10
5802	5181	Legionnaire Scale Boots	7	IT63	9211020	10
8064	5182	Scaled Hierophant Boots	7	IT63	9210980	10
8068	5183	Scaled Hierophant Gauntlets	7	IT63	9210980	10
8071	5184	Scaled Hierophant Vambraces	7	IT63	9210980	10
8069	5185	Scaled Hierophant Greaves	7	IT63	9210980	10
8065	5186	Scaled Hierophant Bracers	7	IT63	9210980	10
8066	5187	Scaled Hierophant Breastplate	7	IT63	9210980	10
8070	5188	Scaled Hierophant Helm	1	IT63	9210980	10
8067	5189	Scaled Hierophant Cloak	7	IT63	9210980	10
3025	5203	Enchanted Teir`Dal Great Staff	0	IT8	0	4
2939	5214	Enchanted Fine Steel Morning Star	0	IT19	0	3
2940	5216	Enchanted Fine Steel Rapier	0	IT20	0	2
6598	5217	Obtenebrate Claymore	0	IT2	0	1
10895	5220	Writ of Innoruuk	0	IT28	0	255
1223	5222	Breastplate of Afflation	3	IT63	13158455	10
6907	5224	Petrified Bark Leggings	3	IT63	6572850	10
9590	5228	Tainted Battleworn Morning Star	0	IT19	0	3
4526	5230	Howling Werewolf Claws	0	IT71	0	0
789	5231	Black Wolf Crown	0	IT63	3289650	10
793	5232	Black Wolf Mask	0	IT63	3289650	10
788	5233	Black Wolf Collar	0	IT63	3289650	10
792	5234	Black Wolf Mail	2	IT63	3289650	10
794	5235	Black Wolf Pauldrons	0	IT63	3289650	10
787	5236	Black Wolf Cape	0	IT63	3289650	10
797	5237	Black Wolf Waistband	0	IT63	3289650	10
784	5238	Black Wolf Armplates	2	IT63	3289650	10
786	5239	Black Wolf Bracers	2	IT63	3289650	10
790	5240	Black Wolf Gloves	2	IT63	3289650	10
791	5241	Black Wolf Legplates	2	IT63	3289650	10
785	5242	Black Wolf Boots	2	IT63	3289650	10
2652	5300	Dwarven Axe	0	IT9	0	0
2697	5301	Dwarven Two-Handed Axe	0	IT25	0	1
1875	5303	Combine Long Sword	0	IT1	0	0
1881	5304	Combine Two Handed Sword	0	IT2	0	1
1879	5305	Combine Short Sword	0	IT34	0	0
3829	5307	Gladius	0	IT34	0	0
3813	5308	A Gigantic Zweihander	0	IT2	0	1
9756	5310	Tentacle Whip	0	IT61	0	0
1064	5312	Bone Bladed Claymore	0	IT2	0	1
1878	5313	Combine Scimitar	0	IT41	0	0
8146	5314	Scrounge's Claw	0	IT71	0	0
881	5315	Bladed Thulian Claws	0	IT71	0	0
4330	5316	Harvester	0	IT39	0	255
3913	5317	Gnoll Hide Lariat	0	IT61	0	0
9515	5319	Summoned: Sword of Runes	0	IT1	0	0
5191	5320	Ivory Handled Short Sword	0	IT34	0	0
5190	5321	Ivory Handled Long Sword	0	IT1	0	0
5187	5322	Ivory Handled Cleaver	0	IT25	0	1
6409	5325	Mystical Claws of Jojo	0	IT71	0	0
8128	5331	Scourgetail Whip	0	IT61	0	0
3304	5350	Fine Steel Long Sword	0	IT1	0	0
3313	5351	Fine Steel Two Handed Sword	0	IT2	0	1
3310	5352	Fine Steel Short Sword	0	IT34	0	0
3309	5353	Fine Steel Scimitar	0	IT41	0	0
8252	5355	Serrated Blade	0	IT85	0	0
2505	5356	Double-Bladed Bone Axe	0	IT25	0	1
8658	5357	Silverish Scimitar	0	IT41	0	0
826	5358	Blackened Iron Bastard Sword	0	IT58	0	1
8667	5359	Silvery Two Handed Axe	0	IT83	0	1
7054	5360	Polished Granite Tomahawk	0	IT3	0	0
8469	5361	Shiny Brass Halberd	0	IT23	0	1
6592	5362	Obsidian Flamberge	0	IT53	0	1
6595	5363	Obsidian Scimitar	0	IT41	0	0
8668	5364	Silvery War Axe	0	IT60	0	0
467	5365	Axe of the Slayers	0	IT84	0	1
1218	5366	Brazen Brass Kilij	0	IT41	0	0
5470	5367	Langseax	0	IT34	0	0
5471	5368	Langseax of the Wolves	0	IT2	0	1
1367	5369	Bunker Battle Blade	0	IT2	0	1
7360	5374	Reaper of the Dead	0	IT39	0	1
4492	5376	Holy Partisan of Underfoot	0	IT23	0	1
2394	5377	Deep Six Cutlass	0	IT41	0	0
9122	5378	Solvedi Scimitar	0	IT41	0	0
3203	5379	Falchion of the Koada'Vie	0	IT42	0	0
956	5391	Blood Riven Axe	0	IT60	4278190080	1
7901	5392	Rusted Throneblade	0	IT95	0	1
116	5401	A Mithril Two-Handed Sword	0	IT2	0	1
566	5402	Barbed Leather Whip	0	IT61	0	0
3746	5403	Ghoulbane	0	IT2	0	0
92	5404	A Dark Reaver	0	IT53	0	1
2746	5405	Ebony Bladed Sword	0	IT1	0	0
3132	5407	An Executioner's Axe	0	IT80	0	1
2788	5408	Electrum-Bladed Wakizashi	0	IT44	0	0
2789	5408	Electrum-Bladed Wakizashi	0	IT44	0	0
6784	5410	Painbringer	0	IT81	0	0
3444	5411	Fleshripper	0	IT25	0	1
7354	5412	Razing Sword of Skarlon	0	IT53	0	1
4222	5413	Grobb Cleaver	0	IT25	0	1
2401	5414	Deepwater Harpoon	0	IT23	0	1
451	5415	Avenger Battle Axe	0	IT25	0	1
3919	5416	Gnoll Slayer	0	IT1	0	0
4225	5418	Groflah's Stoutbite	0	IT34	0	0
8510	5422	Short Sword of Morin	0	IT87	0	0
7284	5423	Rantho Rapier	0	IT20	0	1
5467	5424	Lamentation Blade	0	IT2	0	1
8378	5425	Sharkjaw Cutlass	0	IT85	0	0
5971	5429	Machete	0	IT41	0	0
856	5430	Blade of Abrogation	0	IT53	0	0
10226	5498	Vacra Av Svim	0	IT58	0	0
5352	5499	Kicsh Der Pavz	0	IT1	0	0
8511	5500	Short Sword of the Ykesha	0	IT87	0	0
2121	5502	Crystalline Blade	0	IT34	0	0
7850	5503	Runed Falchion	0	IT86	0	0
9142	5504	SoulFire	0	IT62	0	1
8118	5507	Scimitar of the Ykesha	0	IT41	0	0
422	5517	Ashenbone Abbasi	0	IT81	0	0
423	5518	Ashenbone Axe	0	IT80	0	1
9797	5519	Theologian Claymore	0	IT58	0	1
268	5520	Amygdalan Tendril	0	IT61	0	0
7470	5522	Revultant Whip	0	IT61	0	0
3455	5523	Fluxbladed Axe	0	IT9	0	0
616	5526	Battle Worn Halberd	0	IT23	3289650	1
2723	5531	Earthen Blade	0	IT80	0	1
10530	5532	Water Sprinkler of Nem Ankh	0	IT156	0	3
3619	5603	Frozen Zweihander	0	IT110	0	1
3133	5606	Executioner's Blade	0	IT92	4278190080	1
3240	5607	Felhammer	0	IT95	0	1
8440	5608	Shieldstorm	0	IT88	0	1
4171	5609	Green Jade Halberd	0	IT23	0	1
6611	5610	Oggok Cleaver	0	IT80	0	1
9831	5611	Throneblade of the Ykesha	0	IT95	0	1
368	5612	Arbitor's Combine Greatsword	0	IT2	0	1
9541	5613	Swarmcaller	0	IT88	0	1
7063	5614	Polyphenomenal Axe	0	IT80	0	1
10969	5615	Zealot's Incarnadine Sword	0	IT120	0	1
7840	5617	Runed Blade	0	IT2	0	1
7057	5619	Polished Obsidian Great Axe	0	IT83	0	1
5248	5620	Jarsath Battle Sword	0	IT109	0	1
3354	5621	Firerune Brand	0	IT100	0	1
395	5622	Argent Defender	0	IT88	0	1
865	5623	Blade of Xalgoz	0	IT88	0	1
6802	5624	Palladium Axe	0	IT84	0	1
2749	5625	Edge of Cabilis	0	IT2	0	1
5947	5626	Luminary Two Handed Sword	0	IT2	0	1
2365	5627	Deathwatch Sword	0	IT2	0	1
6421	5629	Nathsar Greatsword	0	IT2	0	1
9988	5630	Tower Guard's Blade	0	IT2	0	1
10126	5631	Two Handed Practice Sword	0	IT2	0	1
1212	5632	Brass Goblin Flamberge	0	IT2	0	1
1613	5633	Charred Tulwar	0	IT86	0	1
1701	5636	Claw of Phara Dar	0	IT136	0	0
4524	5638	Howling Cutlass	0	IT131	0	0
2127	5642	Crystalline Short Sword	0	IT82	0	0
8557	5643	Silken Whip of Ensnaring	0	IT61	0	0
5237	5644	Jagged Long Sword	0	IT85	0	0
6600	5646	Obtenebrate Short Sword	0	IT89	0	0
9572	5647	Symphonic Saber	0	IT34	0	0
2750	5649	Edge of the Nightwalker	0	IT44	0	0
1379	5652	Burynai Digmaster's Claw	0	IT71	0	0
193	5656	Acid Etched War Sword	0	IT89	0	0
6747	5657	Ornate Rune Blade	0	IT93	0	1
462	5658	Axe of Lost Souls	0	IT80	0	1
8627	5659	Silver Swiftblade	0	IT110	0	1
8042	5660	Sarnak Skullsplitter	0	IT131	0	0
5232	5661	Jagged Blade of Mourning	0	IT85	0	0
10836	5662	Worn Crescent Axe	0	IT83	0	1
5218	5663	Jade Inlaid Crescent Axe	0	IT83	0	1
5223	5664	Jade Reaver	0	IT80	0	1
3843	5665	Gleaming Short Sword	0	IT34	0	0
7614	5666	Ropy Tendril	0	IT61	0	0
2726	5667	Earthshaker	0	IT95	0	1
3033	5701	Engraved Di'Zok Deathbringer	0	IT178	0	3
2703	5702	Earring of Blazing Energy	0	IT63	0	10
2317	5703	Dark Scale Sleeves	3	IT63	2373696	10
6875	5704	Pearly Sarnak Bangle	0	IT63	0	10
4296	5705	Hammered Golden Loop	0	IT63	0	255
10988	5705	Hammered Golden Loop	0	IT63	0	255
1660	5706	Chokidai Hide Pauldrons	0	IT63	0	10
2432	5708	Di'zok Imperial Katana	0	IT44	0	1
10842	5709	Worn Shai`din Naginata	0	IT176	0	1
7058	5710	Polished Shai`din Naginata	0	IT176	0	1
5093	5711	Incarnadine Legplates	0	IT63	7210245	10
9351	5712	Stained Cloth Mask	0	IT63	0	10
5131	5713	Inlaid Jade Hoop	0	IT63	0	10
2437	5714	Di`zok Oracle Shillelagh	0	IT75	0	3
6876	5715	Pearly Sarnak Bauble	0	IT63	0	10
4295	5716	Hammered Golden Hoop	0	IT63	0	255
337	5717	Anklesmasher	0	IT33	0	3
6424	5718	Nathsar Vambraces	17	IT63	1966220	10
2433	5719	Di'zok Wristsnapper	0	IT37	0	3
1325	5721	Bronze Statue of Bathezid	0	IT63	0	255
4236	5722	Guard Captain`s Mallet	0	IT49	0	3
9262	5723	Spirit Wracked Cord	1	IT63	4587520	10
6418	5724	Nathsar Bracer	17	IT63	1966220	10
3205	5725	Fancy Velvet Mantle	0	IT63	0	10
611	5726	Baton of Royal Stature	0	IT127	0	3
7400	5727	Regal Band of Bathezid	0	IT63	0	10
2431	5728	Di'Zok Signet of Service	0	IT63	0	10
1721	5729	Cloak of Imperception	0	IT63	0	10
2438	5730	Di`zok Sceptre of Authority	0	IT51	0	3
8022	5731	Sarnak Devastator	0	IT178	0	3
6422	5732	Nathsar Helm	17	IT63	1966220	10
7508	5733	Ring of Stealthy Travel	0	IT63	0	255
6584	5734	Oakleaf Scimitar	0	IT165	0	0
1944	5735	Courier`s Potion	0	IT63	0	255
8751	5736	Slick Leather Courier`s Cape	0	IT63	0	10
10893	5737	Writ of Di`zok	0	IT65	0	3
2093	5738	Crypt Master`s Conjuring Stone	0	IT63	0	255
4314	5739	Hardened Bone Spaulders	0	IT63	0	10
5152	5740	Intricate Silver Rapier	0	IT20	0	2
4469	5741	History of the Di`zok	0	IT27	0	255
6420	5743	Nathsar Gauntlets	17	IT63	1966220	10
8330	5744	Shai`din Revenant Bauble	0	IT63	0	10
5271	5745	Jeldorin	0	IT162	0	0
2708	5746	Earring of Everfount	0	IT63	0	10
5219	5747	Jade Inlaid Spaulders	0	IT63	0	10
8036	5748	Sarnak Lightning Caller	0	IT117	0	3
8032	5749	Sarnak Hide Boots	0	IT63	16749061	10
10432	5752	Vial of Roiling Gas	0	IT63	0	255
3819	5753	Girdle of Flayed Iksar	0	IT63	0	10
3247	5754	Fester	0	IT119	0	2
3094	5757	Etched Steel Baton	0	IT8	0	3
8046	5758	Sarnak War Bow	0	IT4	0	5
8044	5759	Sarnak Summoner`s Dagger	0	IT167	0	2
900	5761	Blessed Parchment	0	IT63	0	255
2305	5762	Dark Root Ink	0	IT63	0	255
4652	5763	Iksar Hide Manual	0	IT28	0	255
2340	5764	Darksight Dagger	0	IT5	0	2
3821	5765	Girdle of Rapidity	0	IT63	0	10
6083	5772	Mask of Secrets	0	IT63	0	10
8039	5773	Sarnak Prayer Beads	0	IT63	0	255
1085	5774	Boneshear	0	IT100	0	2
3387	5776	Fist of Nature	0	IT68	0	3
6769	5778	Overseer`s Signet	0	IT63	0	10
4651	5779	Iksar Hide Cape	0	IT63	0	10
9642	5780	Tattered Flesh Veil	0	IT63	0	10
6423	5781	Nathsar Leggings	17	IT63	1966220	10
5080	5794	Imperial Wardog Collar	1	IT63	657930	10
7266	5795	Rabid Chokidai Fang	0	IT118	0	2
2426	5796	Desiccated Halfling Mask	0	IT63	0	10
4650	5799	Iksar Hide Cap	1	IT63	968133	10
8037	5801	Sarnak Parrying Blade	0	IT81	0	0
5222	5802	Jade Meditation Hoop	0	IT63	0	10
7998	5803	A Sandwich of Foul Smelling Herbs	0	IT63	0	255
7044	5804	Poison Washed Spaulders	0	IT63	0	10
10443	5805	Vile Sarnak Brew	0	IT63	0	255
2435	5806	Di`zok Escape Staff	0	IT127	0	3
7497	5807	Ring of Di`Zok	0	IT63	0	10
6419	5809	Nathsar Breastplate	17	IT63	1966220	10
7144	5810	Preserved Chokidai Vocal Cords	0	IT61	0	255
2716	5812	Earring of Woven Bark	0	IT63	0	10
2715	5813	Earring of Twisted Leaves	0	IT63	0	10
2714	5814	Earring of Purity	0	IT63	0	10
2704	5815	Earring of Cleansing	0	IT63	0	10
8012	5816	Sarnak Backstabber	0	IT5	0	2
4430	5818	Herbalist's Spade	0	IT52	0	4
9604	5819	Tanned Iksar Hide Leggings	20	IT63	306605	10
12129	5826	Deep Cavern Toadstool	0	IT63	0	255
1662	5827	Chokidai Jerky	0	IT63	0	255
5934	5828	Louie's Thick 'n Hearty	0	IT63	0	255
12157	5829	Sarnak Travel Canteen	0	IT63	0	15
7163	5833	Priceless Velium Fist Wraps	0	IT68	0	3
7164	5834	Priceless Velium Knight's Sword	0	IT168	0	0
7178	5835	Primal Velium Knight's Sword	0	IT168	0	0
3386	5836	Fist of Lightning	0	IT68	0	3
2540	5837	Dragonrib Club	0	IT102	0	3
610	5838	Baton of Flame	0	IT51	7864320	3
10923	5839	Wurmscale Fistwraps	0	IT68	0	3
396	5840	Argent Protector	0	IT88	0	1
8362	5841	Shard of Night	0	IT50	0	2
2543	5842	Dragonspine Rapier	0	IT20	0	2
3595	5843	Frosted Ice Spike	0	IT195	0	2
1770	6001	Club	0	IT18	0	3
9319	6002	Staff	0	IT8	0	3
5968	6003	Mace	0	IT7	0	3
4134	6004	Great Staff	0	IT8	0	4
10125	6005	Two Handed Hammer	0	IT24	0	4
10496	6006	Warhammer	0	IT14	0	3
3394	6007	Flail	0	IT19	0	3
6341	6008	Morning Star	0	IT19	0	3
10493	6009	Warclub	0	IT31	0	3
6922	6010	Pickbringers Chainmail Coif	2	IT63	0	10
7912	6011	Rusty Mace	0	IT7	0	3
10839	6012	Worn Great Staff	0	IT8	0	4
7925	6013	Rusty Two Handed Hammer	0	IT24	0	4
7928	6014	Rusty Warhammer	0	IT14	0	3
7908	6015	Rusty Flail	0	IT19	0	3
7914	6016	Rusty Morning Star	0	IT19	0	3
9290	6017	Splintering Club	0	IT18	0	3
1963	6018	Cracked Staff	0	IT8	0	3
1311	6019	Bronze Mace	0	IT7	0	3
10519	6020	Warped Great Staff	0	IT8	0	4
1330	6021	Bronze Two Handed Hammer	0	IT24	0	4
1336	6022	Bronze Warhammer	0	IT14	0	3
1300	6023	Bronze Flail	0	IT19	0	3
1314	6024	Bronze Morning Star	0	IT19	0	3
1335	6025	Bronze Warclub	0	IT31	0	3
8514	6026	Shovel	0	IT52	0	4
3539	6027	Forging Hammer	0	IT14	0	3
3716	6028	Gavel of Justice	0	IT14	0	3
9623	6030	Tarnished Mace	0	IT7	0	3
9636	6031	Tarnished Warhammer	0	IT14	0	3
9620	6032	Tarnished Flail	0	IT19	0	3
9625	6033	Tarnished Morning Star	0	IT19	0	3
6727	6036	Orcish Mace	0	IT7	0	3
6728	6037	Orcish Morning Star	0	IT19	0	3
3501	6038	Forge Hammer of Dalnir	0	IT14	0	3
1518	6041	Cast-Iron Warhammer	0	IT14	0	3
1516	6042	Cast-Iron Mace	0	IT7	0	3
2345	6048	Darkwood Staff	0	IT8	0	3
8320	6100	Shadowed Mace	0	IT7	0	3
8321	6101	Shadowed Morning Star	0	IT19	0	3
8326	6102	Shadowed Two Handed Hammer	0	IT24	0	4
6923	6107	Pickbringers Chainmail Faceguard	2	IT63	0	10
1054	6200	Bo Staff of Trorsmang	0	IT122	0	4
3388	6201	Fist of Zek	0	IT14	0	3
1288	6203	Brokenskull Club	0	IT112	65793	4
7585	6204	Rod of Annihilation	0	IT72	0	3
7045	6205	Poison Wind Censer	0	IT130	0	4
10016	6300	Treant Staff	0	IT8	0	4
6657	6302	Ogre War Maul	0	IT49	0	4
1882	6303	Combine Warhammer	0	IT14	0	3
8134	6305	Screaming Mace	0	IT19	0	3
9329	6306	Staff of Fire	0	IT8	4278190080	3
9500	6307	Summoned: Hammer of Wrath	0	IT14	0	3
9499	6309	Summoned: Hammer of Striking	0	IT14	0	3
7880	6310	Runed Totem Staff	0	IT8	0	4
1876	6311	Combine Morning Star	0	IT19	0	3
1874	6312	Combine Great Staff	0	IT8	0	4
9498	6313	Summoned: Hammer of Requital	0	IT14	0	3
2669	6315	Dwarven Mace	0	IT19	0	3
8109	6319	Scepter of Rahotep	0	IT51	0	3
4531	6320	Hulking Spiked Club	0	IT31	0	3
6352	6321	Mroons Toy	0	IT8	0	4
3903	6322	Glowing Wooden Crook	0	IT75	0	4
4555	6323	Ice Crystal Staff	0	IT45	0	3
3337	6324	Fire Crystal Staff	0	IT45	0	3
5194	6325	Ivory Inlaid Staff	0	IT8	0	3
5200	6326	Ivory Spiked Club	0	IT31	0	3
5193	6327	Ivory Inlaid Great Staff	0	IT8	0	4
7593	6329	Rod of Insidious Glamour	0	IT51	0	3
9513	6330	Summoned: Staff of Tracing	0	IT8	0	4
9514	6331	Summoned: Staff of Warding	0	IT8	0	4
9511	6332	Summoned: Staff of Runes	0	IT8	0	4
9512	6333	Summoned: Staff of Symbols	0	IT8	0	4
5086	6334	Incandescent Wand	0	IT47	0	3
8754	6335	Slime Crystal Staff	0	IT45	0	3
10525	6336	Water Crystal Staff	0	IT45	0	3
4068	6337	Golden Rod	0	IT51	0	3
8634	6338	Silver Wand	0	IT47	0	3
902	6339	Blessed Silver Wand	0	IT47	0	3
3898	6340	Glowing Silver Wand	0	IT47	0	3
10544	6341	Weeping Wand	0	IT47	0	3
9333	6342	Staff of Temperate Flux	0	IT8	0	3
7705	6343	Ruined Battleworn Morning Star	0	IT19	0	3
3940	6344	Gnome Tinkered Toy	0	IT63	0	255
9537	6345	Survival Staff	0	IT75	0	3
9503	6346	Summoned: Modulating Rod	0	IT35	0	3
8384	6347	Sharp Tooth	0	IT63	0	255
7357	6348	Razor Tooth	0	IT63	4278190080	255
3315	6350	Fine Steel Warhammer	0	IT14	0	3
3305	6351	Fine Steel Morning Star	0	IT19	0	3
3301	6352	Fine Steel Great Staff	0	IT8	0	4
1376	6353	Burnished Wooden Stave	0	IT8	0	4
8107	6354	Scepter of Flame	0	IT35	0	3
1819	6355	Cold Iron Morning Star	0	IT19	0	3
8466	6356	Shining Star of Light	0	IT19	0	3
9847	6357	Thunder Staff	0	IT8	0	4
1086	6358	Bonethunder Staff	0	IT8	0	4
9406	6359	Stein of Moggok	0	IT56	0	255
1339	6360	Broom of Trilon	0	IT32	0	3
8515	6361	Shovel of Ponz	0	IT52	0	3
9944	6362	Torch of Alna	0	IT36	0	3
9408	6363	Stein of Ulissa	0	IT56	0	3
8000	6364	Sap Sheen Staff	0	IT8	0	4
7743	6377	Ruined Teir`Dal Great Staff	0	IT8	0	4
1068	6378	Bone Crafted Key	0	IT63	0	255
4472	6379	Hole Key	0	IT63	0	255
10879	6382	Wraith Bone Hammer	0	IT14	0	3
7891	6383	Runewood Great Staff	0	IT8	0	4
5970	6384	Mace of the Shadowed Soul	0	IT19	0	3
7845	6397	Runed Brass Disk	0	IT63	0	255
2898	6401	Enameled Black Mace	0	IT19	0	3
3723	6402	Gem-Encrusted Scepter	0	IT51	0	3
1050	6403	Blued Two-Handed Hammer	0	IT49	0	4
9336	6404	Staff of Writhing	0	IT29	0	3
6034	6405	Man-o-War	0	IT24	0	4
6343	6406	Mortificator Staff	0	IT29	0	4
1445	6407	Caduceus of Sacrament	0	IT19	16768130	3
8377	6408	Sharkbone Warhammer	0	IT14	0	3
8441	6411	Shillelagh	0	IT75	0	3
3511	6471	Forged Note to Courier	0	IT54	0	255
9998	6472	Traitor's note	0	IT54	0	255
7447	6474	Report to Skargus	0	IT63	0	255
2588	6475	Drogan Warlord's Insignia	0	IT63	0	255
4363	6476	Head of Skargus	0	IT63	0	255
9263	6477	Spirit Wracked Urn	0	IT63	0	255
10174	6478	Undead Dragon Sinew	19	IT63	3932160	10
2338	6500	Darkmetal Holy Water Sprinkler	0	IT19	0	3
10624	6502	Whitened Treant Fists	0	IT68	0	3
10176	6526	Undead Froglok Spine	0	IT63	0	255
8145	6539	Scroll of the Dark	0	IT63	0	255
2599	6575	Dull Black Ore	0	IT63	0	255
2421	6576	Dented Battleshield	0	IT223	0	255
6908	6586	Petrified Charred Branch	0	IT63	0	255
6701	6587	Opalescent Hide	0	IT63	0	255
3842	6591	Gleaming Serrated Blade	0	IT104	0	1
10495	6603	Warding Star	0	IT37	0	3
203	6604	Adamantite Club	0	IT18	0	3
7589	6605	Rod of Faith	0	IT7	0	3
7856	6606	Runed Morning Star	0	IT130	0	3
7524	6607	Ringed Mace of the Ykesha	0	IT19	0	3
9821	6608	Thorny Blackjack	0	IT18	0	3
6176	6609	Melodious Truncheon	0	IT21	0	3
9371	6610	Stave of Shielding	0	IT8	0	3
2737	6611	Ebon Mace	0	IT19	0	3
5220	6612	Jade Mace	0	IT7	0	3
8048	6613	Sarnak Warhammer	0	IT115	0	3
1456	6614	Cane of Harmony	0	IT8	0	3
5379	6615	Knuckle Dusters	0	IT94	0	3
9306	6616	Springwood Club	0	IT18	0	3
2692	6617	Dwarven Sap	0	IT102	0	3
5288	6618	Journeyman's Walking Stick	0	IT8	0	3
6112	6619	Master Wu's Trance Stick	0	IT122	0	3
10665	6620	Wintry Club	0	IT31	0	3
10961	6621	Ykeshan War Club	0	IT18	0	3
1457	6622	Cane of the Tranquil	0	IT8	0	3
2358	6623	Deadwood Stave	0	IT8	0	3
843	6624	Blackjack	0	IT18	0	3
3274	6625	Fighting Baton	0	IT35	0	3
8001	6626	Sap of Piety	0	IT18	0	3
8027	6627	Sarnak Enforcer	0	IT18	0	3
4667	6628	Iksar Stave	0	IT18	0	3
7596	6629	Rod of Mourning	0	IT123	0	4
7852	6630	Runed Fighters Staff	0	IT122	0	4
9927	6631	Ton Po's Bo Stick of Understanding	0	IT8	0	4
10722	6635	Woodsman's Staff	0	IT126	0	4
7890	6636	Runestone Maul	0	IT49	4278190080	4
9321	6637	Staff of Battle	0	IT122	0	4
10074	6638	Truncheon of Doom	0	IT117	0	4
10007	6639	Tranquil Staff	0	IT123	0	4
609	6640	Baton of Faith	0	IT122	0	4
2361	6641	Deathbringer's Rod	0	IT129	0	4
9307	6642	Springwood Stave	0	IT126	0	4
6426	6644	Nature's Wrath	0	IT75	0	4
9143	6645	Soul Binder	0	IT124	0	4
6863	6646	Peacebringer	0	IT8	0	4
8014	6647	Sarnak Battlehammer	0	IT24	0	4
1241	6648	Brell's Keg Popper	0	IT112	0	3
6358	6649	Mrylokar's Gift	0	IT8	0	4
6297	6650	Mithril Staff	0	IT8	0	4
10911	6651	Wu's Quivering Staff	0	IT8	0	4
4121	6652	Granite Face Grinder	0	IT49	0	4
8586	6653	Silver Etched Warhammer	0	IT24	0	4
9440	6654	Stormwood Battle Staff	0	IT8	0	4
201	6656	Adamantite Bo Stick	0	IT8	0	4
7586	6657	Rod of Battle	0	IT111	0	4
7958	6658	Sage's Battle Staff	0	IT8	0	4
4193	6661	Greenwood Bo Stick	0	IT8	0	4
3561	6662	Froglok Crusher	0	IT24	0	4
8251	6663	Serpentwood Staff	0	IT8	0	4
1055	6664	Bo Stick	0	IT8	0	4
508	6665	Bamboo Bo Stick	0	IT8	0	4
8490	6667	Shissar Elementalist's Staff	0	IT8	4278190080	4
8496	6668	Shissar Seance Staff	0	IT8	4278190080	4
4294	6670	Hammer of the Dragonborn	0	IT117	0	4
8021	6671	Sarnak Channeler Staff	0	IT125	4278190080	4
2532	6673	Dragon Spine Staff	0	IT127	0	4
2444	6674	Diamond Encrusted Staff	0	IT8	0	4
6496	6675	Nightshade Scented Staff	0	IT129	0	4
8494	6676	Shissar Nullifier Staff	0	IT8	0	4
8493	6677	Shissar Guardian Staff	0	IT8	0	4
10533	6678	Waters of Impenetrable Aura	0	IT8	0	4
5964	6679	Lycanthropic Staff	0	IT8	0	4
5931	6680	Lost Staff of the Scorned	0	IT8	0	4
9339	6681	Staff of the Dreaded Gaze	0	IT125	0	4
10684	6682	Withered Staff	0	IT8	0	4
1378	6683	Burnt Wood Staff	0	IT8	0	4
10531	6684	Water Sprinkler of the Forgiven	0	IT8	0	4
5948	6685	Luminescent Staff	0	IT8	0	4
9349	6686	Staff of the Waterwalker	0	IT122	0	4
4644	6687	Iksar Berserker Club	0	IT31	0	3
2745	6689	Ebonwood Cudgel	0	IT19	0	3
5377	6690	Knobbed Warclub	0	IT18	0	3
6373	6691	Mudman Enforcer	0	IT18	0	3
9062	6692	Smoldering Brand	0	IT36	0	3
7594	6693	Rod of Lamentation	0	IT123	0	4
2638	6700	A Dusty Old Skull	0	IT63	0	255
2637	6701	A Dusty Old Leg Bone	0	IT63	0	255
2636	6702	A Dusty Old Jawbone	0	IT63	0	255
2635	6703	Dusty Old Finger Bones	0	IT63	0	255
2634	6704	A Dusty Old Backbone	0	IT63	0	255
94	6705	a Dusty Ribcage	0	IT63	0	255
2618	6706	A Dusty Broken Shield	0	IT203	0	255
2619	6707	A Dusty Broken Sword	0	IT1	0	255
7468	6709	Revenant Ash	0	IT63	0	255
12160	6800	Tasty Candy	0	IT63	0	14
6081	6810	Mask of Melodies	0	IT63	0	10
1718	6811	Cloak of Confusion	0	IT63	0	10
1352	6812	Buckler of Doom	0	IT208	4278190080	255
7377	6813	Red Flower of Functionality	0	IT63	0	10
1026	6814	Blue Flower of Functionality	0	IT63	0	10
10595	6815	White Flower of Functionality	0	IT63	0	10
4164	6816	Green Flower of Functionality	0	IT63	0	10
733	6817	Black Flower of Functionality	0	IT63	0	10
6697	6818	Onyx Wristbands	22	IT63	3289650	10
8637	6819	Silver Wristguards	3	IT63	0	10
4177	6820	Green Wristguard	3	IT63	19200	10
8455	6821	Shimmering Wristguard	22	IT63	3289650	10
6388	6822	Mushroom Bracelet	4	IT63	0	10
1177	6823	Bracelet of the Twisted Mind	1	IT63	3289650	10
4150	6824	Greaves of Distraction	0	IT63	0	10
1224	6825	Breastplate of Distraction	0	IT63	0	10
10264	6826	Vambraces of Distraction	0	IT63	0	10
1110	6827	Boots of Distraction	0	IT63	4278190080	10
3864	6828	Gloves of Distraction	0	IT63	4278190080	10
10891	6829	Wristguard of Distraction	0	IT63	0	10
2029	6830	Crown of Distraction	0	IT63	0	10
7558	6831	Robe of Distraction	0	IT63	0	10
4616	6832	Idiot Savant's Cap	1	IT63	0	10
3852	6834	Globe of Darkness	0	IT68	4278190080	255
671	6835	Belt of Inconsistency	0	IT63	0	10
6099	6837	Mask of the Tundra Walker	0	IT63	4278190080	10
10412	6838	A Very Rusty Dagger	0	IT167	0	2
1277	6842	Broken Blam Stick	0	IT112	0	3
886	6843	Blam Stick	0	IT112	0	3
6251	6844	Mischievous Dazzler Robe	13	IT63	5243060	10
6248	6845	Mischievous Dazzler Crown	0	IT63	4283433140	10
6253	6846	Mischievous Dazzler Sleeves	20	IT63	4283433140	10
6247	6847	Mischievous Dazzler Bracer	20	IT63	4283433140	10
6249	6848	Mischievous Dazzler Gloves	20	IT63	5243060	10
6250	6849	Mischievous Dazzler Leggings	20	IT63	5243060	10
6252	6850	Mischievous Dazzler Shoes	20	IT63	5243060	10
6006	6851	Maleficent Robe	11	IT63	64250	10
6002	6852	Maleficent Crown	0	IT63	4278254330	10
6007	6853	Maleficent Sleeves	20	IT63	4278254330	10
6001	6854	Maleficent Bracer	20	IT63	4278254330	10
6003	6855	Maleficent Gloves	20	IT63	4278254330	10
6004	6856	Maleficent Leggings	20	IT63	4278254330	10
6000	6857	Maleficent Boots	20	IT63	64250	10
10641	6858	Wily Warlock Robe	15	IT63	3276950	10
10637	6859	Wily Warlock Crown	0	IT63	3276950	10
10642	6860	Wily Warlock Sleeves	20	IT63	4281467030	10
10636	6861	Wily Warlock Bracer	20	IT63	4281467030	10
10639	6862	Wily Warlock Gloves	20	IT63	4281467030	10
10640	6863	Wily Warlock Pants	20	IT63	3276950	10
8765	6865	Sly Summoners Robe	10	IT63	64250	10
8762	6866	Sly Summoners Crown	0	IT63	4278254330	10
8766	6867	Sly Summoners Sleeves	20	IT63	64250	10
8767	6868	Sly Summoners Wristguard	20	IT63	4278254330	10
8763	6869	Sly Summoners Gloves	20	IT63	64250	10
8764	6870	Sly Summoners Pants	20	IT63	64250	10
8761	6871	Sly Summoners Boots	20	IT63	4278254330	10
5944	6876	A Lucky Skunk Foot	0	IT63	0	10
3598	6877	Frostmaidens Idol	0	IT63	0	255
1616	6879	Chestplate of Stability	19	IT63	4278190080	10
227	6881	Akkirus' Chestplate of the Risen	22	IT63	4278202980	10
9527	6882	Super Sweet Fishing Grubs	0	IT63	0	255
122	6883	A Rabbit Foot	0	IT63	0	10
1327	6900	Bronze Tanto	0	IT50	0	2
1337	6901	Bronze Yari	0	IT103	0	2
1334	6902	Bronze Wakizashi	0	IT44	0	0
1307	6903	Bronze Katana	0	IT175	0	0
1309	6904	Bronze Kusarigama	0	IT40	0	0
1315	6905	Bronze Naginata	0	IT176	0	1
1326	6906	Bronze Tachi	0	IT86	0	0
524	6907	Bamboo Wakizashi Bo	0	IT8	0	3
509	6908	Bamboo Bokken	0	IT8	0	4
523	6909	Bamboo Tanto Bo	0	IT8	0	3
1328	6910	Bronze Tonfa	0	IT8	0	3
1306	6911	Bronze Jutte	0	IT5	0	2
3542	6912	Forlorn Naginata	0	IT23	0	1
8110	6913	Scepter of the Forlorn	0	IT51	0	3
7841	6914	Runed Bokken	0	IT8	0	4
12170	6915	Tiny Brass Shuriken	0	IT5	0	19
608	6917	Batling Eye	0	IT63	0	255
10946	6918	Ye Auld Ball Peen Hammer	0	IT14	0	3
3541	6919	Forlorn Bow	0	IT4	0	5
3540	6920	Forlorn Arrow	0	IT10	0	255
933	6921	Blood Crusted Two-Handed Sword	0	IT2	0	1
1320	6923	Bronze Shackle Key	0	IT63	0	255
6846	6926	Patch of Gorilla Fur	0	IT63	0	255
4095	6927	Gorilla Fang	0	IT5	0	255
3312	6930	Fine Steel Tanto	0	IT50	0	2
3303	6934	Fine Steel Kusarigama	0	IT40	0	0
3306	6935	Fine Steel Naginata	0	IT176	0	1
7407	6937	Reinforced Bamboo Wakizashi Bo	0	IT8	0	255
3302	6941	Fine Steel Jutte	0	IT5	0	2
304	6947	Ancient Snake Skin	0	IT63	0	255
303	6948	Ancient Snake Rattle	0	IT63	0	255
302	6950	Ancient Snake Fang	0	IT50	0	2
10469	6952	Wakizashi of the Frozen Skies	0	IT44	4278190080	0
9548	6953	Swiftclaw Sash	0	IT63	0	10
3483	6954	Footpads of the Tiger	4	IT63	0	10
5324	6955	Kejekan Tribal Headband	0	IT63	0	10
3874	6956	Gloves of the Rock Climber	2	IT63	986955	10
6804	6961	Panda Claws	0	IT71	0	0
6805	6962	Panda Pelt	0	IT63	0	255
3749	6963	Giang Yin's Claws	0	IT71	0	0
3684	6964	Gargantuan Panda Pelt	0	IT63	0	10
218	6965	Aged Filthy Bastard Sword	0	IT2	0	1
4434	6966	Heretics Head	0	IT63	0	255
5400	6968	Kobold Head	0	IT63	0	255
510	6973	Bamboo Shoot	0	IT403	0	255
5321	6974	Kejekan Palm Fruit	0	IT403	0	255
3635	6975	Full Gathering Satchel	0	IT63	0	255
10426	6976	Vial of Healing Liquid	0	IT63	0	255
9153	6979	Soulforge Hammer	0	IT14	0	3
5320	6980	Kejek Spirit Powder	0	IT63	0	255
5322	6981	Kejekan Smithy Hammer	0	IT14	0	3
9894	6982	Titan Blessed Tanto	0	IT50	0	2
9893	6983	Titan Blessed Tachi	0	IT86	0	0
9892	6984	Titan Blessed Bokken	0	IT101	0	4
2245	7001	Dagger	0	IT5	0	2
7285	7002	Rapier	0	IT20	0	2
9165	7003	Spear	0	IT16	0	2
5995	7004	Main Gauche	0	IT5	0	2
3794	7005	Giant Snake Fang	0	IT5	0	2
7906	7007	Rusty Dagger	0	IT5	0	2
7915	7008	Rusty Rapier	0	IT20	0	2
7922	7009	Rusty Spear	0	IT16	0	2
7921	7010	Rusty Shortened Spear	0	IT17	0	2
1298	7012	Bronze Dagger	0	IT5	0	2
1317	7013	Bronze Rapier	0	IT20	0	2
1323	7014	Bronze Spear	0	IT16	0	2
1312	7015	Bronze Main Gauche	0	IT5	0	2
1322	7016	Bronze Shortened Spear	0	IT17	0	2
3384	7017	Fishing Spear	0	IT17	0	2
1078	7018	Bone Spear	0	IT16	0	2
9562	7019	Swordfish Bill	0	IT17	0	2
10551	7020	Well-Balanced Rapier	0	IT20	0	2
9618	7021	Tarnished Dagger	0	IT5	0	2
9632	7022	Tarnished Shortened Spear	0	IT17	0	2
9626	7023	Tarnished Rapier	0	IT20	0	2
9633	7024	Tarnished Spear	0	IT16	0	2
8383	7025	Sharp Metal Shard	0	IT5	0	2
5238	7026	Jagged Metal Shard	0	IT5	0	2
5334	7027	Kerran Fishing Spear	0	IT17	0	2
1517	7032	Cast-Iron Rapier	0	IT20	0	2
1606	7036	Charred Dagger	0	IT10650	4278190080	2
2729	7037	Ebon Dagger	0	IT5	4278190080	2
1375	7041	Burning Rapier	0	IT20	0	2
3990	7046	Goblin Sticker	0	IT17	0	2
2611	7047	Dull Wooden Spear	0	IT16	0	2
2743	7048	Ebon War Spear	0	IT17	0	2
9763	7049	Tesch Val Sinisch	0	IT17	0	2
553	7050	Barbarian Hunting Spear	0	IT17	0	2
2339	7051	Darksea Harpoon	0	IT17	0	2
9050	7052	Smithing Chisel	0	IT47	0	2
3487	7061	Fordel Short Sword	0	IT34	0	0
8322	7100	Shadowed Rapier	0	IT20	0	2
8325	7101	Shadowed Spear	0	IT16	0	2
6057	7105	Mantle of Souls	0	IT63	0	10
6518	7106	Noclin's Femur	0	IT8	0	3
7628	7107	Rotting Femur	0	IT63	0	255
1017	7110	Bloody Mantle	0	IT63	0	255
1015	7111	Bloody Dirk	0	IT50	0	0
2881	7112	Empty Crystal Sphere	0	IT63	4278190080	255
7100	7113	Potion of Sorrow	0	IT63	0	255
5339	7115	Kerran War Spear	0	IT16	0	2
3251	7200	Feverblade - Bane of the Shissar	0	IT119	0	2
858	7201	Blade of Falling Stars	0	IT20	0	2
2520	7204	Dragon Claw Main Gauche	0	IT118	0	2
9167	7205	Spear of Constriction	0	IT17	0	2
8445	7206	Shimmering Partisan	0	IT103	0	2
9378	7207	Steel Hilted Flint Dagger	0	IT119	0	2
946	7209	Blood Fork	0	IT30	0	2
8677	7210	Sionachie's Partisan	0	IT103	0	2
4525	7211	Howling Harpoon	0	IT132	0	2
5256	7212	Jarsath Trident	0	IT79	0	2
5950	7213	Lupine Dagger	0	IT119	0	2
5914	7214	Locustlure	0	IT50	0	2
4322	7216	Harmonic Dagger	0	IT5	0	2
10441	7218	Viik's Dark Defender	0	IT50	0	2
2525	7219	Dragon Horn Ykesha	0	IT58	0	2
8194	7222	Sebilite Croaking Dirk	0	IT50	0	2
8753	7223	Slime Coated Harpoon	0	IT132	0	2
5445	7224	Kylong War Dagger	0	IT87	0	2
5444	7225	Kylong Hunting Knife	0	IT50	0	2
2094	7226	Cryptrobber's Knife	0	IT50	0	2
8360	7227	Shard of Darkness	0	IT50	0	2
7967	7228	Sainy's Claw	0	IT168	0	2
650	7229	Beetle Stinger	0	IT17	0	2
9060	7231	Smokey Quartz Dagger	0	IT50	0	2
3950	7232	Goblin Backstabber	0	IT50	0	2
3952	7233	Goblin Bone Dagger	0	IT50	0	2
7968	7234	Sainy's Singing Dagger	0	IT50	0	2
3978	7235	Goblin Parrying Spear	0	IT50	0	2
10932	7236	Xalgozian Fang	0	IT50	0	2
4611	7237	Icy Blade	0	IT26	0	2
9913	7238	Tombcarver	0	IT50	0	2
9237	7239	Spine Piercer	0	IT30	0	2
859	7240	Blade of Fiery Lamentations	0	IT50	0	2
9169	7241	Spear of Mortification	0	IT103	0	2
2587	7242	Drogan Obsidian Dagger	0	IT50	0	2
867	7243	Blade of the Earthcaller	0	IT50	0	2
3977	7244	Goblin Parrying Dagger	0	IT50	0	2
4486	7245	Hollow Bone Shank	0	IT50	0	2
10578	7246	Whistling Dagger	0	IT50	0	2
10518	7247	Warpainted Spear	0	IT50	0	2
955	7249	Blood Point	0	IT50	0	2
7286	7250	Rapier of Oriin	0	IT20	0	2
2250	7252	Dagger of Frost	0	IT119	0	2
5234	7253	Jagged Chokidai Spine	0	IT50	0	2
5214	7254	Jade Chokidai Prod (Pre-Nerf)	0	IT132	0	2
5215	7254	Jade Chokidai Prod	0	IT132	0	2
8246	7257	Serpent's Tooth	0	IT5	0	2
10003	7276	Trakanon's Tooth	0	IT63	0	2
6425	7277	Nature's Melody	0	IT20	0	2
1873	7300	Combine Dagger	0	IT5	0	2
1880	7301	Combine Spear	0	IT16	0	2
9491	7305	Summoned: Dagger	0	IT5	0	2
2095	7306	Crysknife	0	IT50	0	2
7201	7307	Pugius	0	IT50	0	2
426	7308	Ashenwood Short Spear	0	IT17	0	2
9509	7309	Summoned: Spear of Warding	0	IT16	0	2
9492	7310	Summoned: Dagger of Symbols	0	IT5	0	2
1877	7311	Combine Rapier	0	IT20	0	2
9412	7312	Stiletto of the Bloodclaw	0	IT50	0	2
9508	7313	Summoned: Snake Fang	0	IT5	0	2
7843	7314	Runed Bone Fork	0	IT17	0	2
2024	7315	Crookstinger	0	IT50	0	2
1916	7316	Coral Trident	0	IT79	0	2
3892	7317	Glowing Iron Pike	0	IT16	0	2
7955	7318	Sacrificial Dagger	0	IT50	0	2
7542	7319	Riptide Spear	0	IT17	0	2
8131	7321	Scouts Blade	0	IT50	0	2
8193	7322	Seax	0	IT5	0	2
2249	7323	Dagger of Dropping	0	IT5	0	2
9793	7324	The Visceral Dagger	0	IT100	0	2
5188	7325	Ivory Handled Dagger	0	IT5	0	1
5198	7326	Ivory Shafted Spear	0	IT16	0	2
3231	7328	Fayguard Parrying Dagger	0	IT118	0	2
6721	7330	Orc Impaler	0	IT16	0	2
179	7331	A shadowed knife	0	IT5	0	2
1394	7335	Burynaibane Spider Fang	0	IT5	0	2
7745	7343	Ruined Teir`Dal Rapier	0	IT20	0	2
3300	7350	Fine Steel Dagger	0	IT5	0	2
3311	7351	Fine Steel Spear	0	IT16	0	2
3307	7352	Fine Steel Rapier	0	IT20	0	2
3308	7352	Fine Steel Rapier	0	IT20	0	2
7943	7360	Sabertooth Dagger	0	IT5	0	2
8121	7371	Scorpikis Claw Impaler	0	IT16	0	2
7751	7372	RukGus' Sticker	0	IT50	0	2
5242	7403	Jambiya	0	IT50	0	2
6596	7404	Obsidian Shard	0	IT50	0	2
6283	7405	Mithril Quill	0	IT50	0	2
8434	7406	Shield of the Slain Unicorn	0	IT211	0	2
3859	7407	Gloomwater Harpoon	0	IT17	0	2
8375	7408	Shark Tooth	0	IT5	0	2
10223	7471	Utensil Parts	0	IT63	0	255
2180	7483	Cured Leather Tubing	0	IT63	0	255
8270	7485	Sewing Contraption Parts	0	IT63	0	255
3730	7486	Gem Setter Parts	0	IT63	0	255
1550	7487	Ceramic Lined Still	0	IT63	0	255
3209	7501	Fanged Skull Stiletto	0	IT50	0	2
8253	7502	Serrated Bone Dirk	0	IT50	0	2
1538	7505	Cazic Quill	0	IT5	0	2
5235	7506	Jagged Diamond Dagger	0	IT50	0	2
8518	7507	Shrieking Ahlspiess	0	IT17	0	2
3169	7508	Eyerazzia	0	IT20	0	2
6074	7509	Martune Rapier	0	IT20	0	2
10028	7510	Trident of the Seven Seas	0	IT79	0	2
3271	7882	Fiery Ore	0	IT63	0	255
5077	7885	Imp Blood	0	IT63	0	255
3067	7886	Essence of Fire	0	IT63	0	255
9835	8001	Throwing Knife	0	IT5	0	19
9837	8002	Throwing Spear	0	IT16	0	7
5923	8003	Longbow	0	IT4	0	5
3139	8004	Explorer Survival Knife	0	IT63	0	255
405	8005	Arrow	0	IT10	0	255
8528	8007	Shuriken	0	IT5	0	19
9832	8008	Throwing Axe	0	IT3	0	7
8507	8009	Short Bow	0	IT4	0	5
4543	8011	Hunting Bow	0	IT4	0	5
9834	8013	Throwing Boulder	0	IT5	0	19
5589	8050	Large Groove Nocks	0	IT63	0	255
6151	8051	Medium Groove Nocks	0	IT63	0	255
8875	8052	Small Groove Nocks	0	IT63	0	255
3265	8055	Field Point Arrowheads	0	IT63	0	255
4506	8056	Hooked Arrowheads	0	IT63	0	255
8632	8057	Silver Tipped Arrowheads	0	IT63	0	255
1366	8060	Bundled Wooden Arrow Shafts	0	IT63	0	255
1363	8061	Bundled Bone Arrow Shafts	0	IT63	0	255
1364	8062	Bundled Ceramic Arrow Shafts	0	IT63	0	255
1365	8063	Bundled Steel Arrow Shafts	0	IT63	0	255
8265	8064	Several Round Cut Fletchings	0	IT63	0	255
8264	8065	Several Parabolic Cut Fletchings	0	IT63	0	255
8266	8066	Several Shield Cut Fletchings	0	IT63	0	255
8263	8067	Set of Wooden Arrow Vanes	0	IT63	0	255
8260	8068	Set of Bone Arrow Vanes	0	IT63	0	255
8261	8069	Set of Ceramic Arrow Vanes	0	IT63	0	255
4438	8080	Hickory Bow Staff	0	IT63	0	255
2833	8081	Elm Bow Staff	0	IT63	0	255
429	8082	Ashwood Bow Staff	0	IT63	0	255
6581	8083	Oak Bow Staff	0	IT63	0	255
2344	8084	Darkwood Bow Staff	0	IT63	0	255
10626	8085	Whittling Blade	0	IT63	0	255
6973	8086	Planing Tool	0	IT63	0	255
9359	8087	Standard Bow Cam	0	IT63	0	255
4429	8088	Hemp Twine	0	IT63	0	255
5859	8089	Linen String	0	IT63	0	255
8551	8090	Silk String	0	IT63	0	255
10014	8091	Treant Bow Staff	0	IT63	0	255
8329	8144	Shadowy Assassin's Cape	0	IT63	0	10
3622	8158	Frying Pan Mold	0	IT63	0	255
7066	8299	Poorly Balanced Mace	0	IT19	0	3
411	8300	Arrow of Fire	0	ARROW	0	255
415	8301	Arrow of Lightning	0	ARROW	0	255
416	8302	Arrow of Poison	0	ARROW	0	255
409	8303	Arrow of Contagion	0	ARROW	0	255
413	8304	Arrow of Frost	0	ARROW	0	255
418	8305	Arrow of Stunning	0	ARROW	0	255
4280	8306	Halfling Knife	0	IT5	0	19
9484	8316	Summoned: Arrow	0	IT10	0	255
9516	8317	Summoned: Throwing Dagger	0	IT5	0	19
9485	8318	Summoned: Arrow of Marr	0	IT10	0	255
9502	8319	Summoned: Knife of Luclin	0	IT5	0	19
8399	8320	Sheaf Arrow	0	IT10	0	255
3448	8322	Flight Arrow	0	IT10	0	255
7857	8325	Runed Oak Bow	0	IT4	0	5
5747	8326	LarkTwitter Bow	0	IT4	0	5
5750	8327	Larktwitter Arrow	0	IT10	0	255
8364	8330	Shardwing Arrow	0	IT10	0	255
10100	8331	Turmoil Warts	0	IT5	0	7
8530	8332	Shuriken of the Tranquil	0	IT5	0	19
9507	8333	Summoned: Shuriken of Quellious	0	IT5	0	19
10376	8340	Velium Throwing Knife	0	IT5	0	19
10377	8341	Velium Throwing Spear	0	IT16	0	7
10365	8342	Velium Shuriken	0	IT5	0	19
10375	8343	Velium Throwing Axe	0	IT3	0	7
3535	8344	Forged Velium Throwing Knife	0	IT5	0	19
3536	8345	Forged Velium Throwing Spear	0	IT16	0	19
3532	8346	Forged Velium Shuriken	0	IT5	0	19
3534	8347	Forged Velium Throwing Axe	0	IT3	0	19
5286	8356	Journal of Greater Enchantment	0	IT63	0	255
3908	8357	Gnoll's Eye	0	IT63	0	255
10062	8401	Trueshot Longbow	0	IT4	0	5
7277	8402	Rain Caller	0	IT4	0	5
10648	8407	Wind Saber	0	IT4	103937	5
1147	8408	Bow of the Underfoot	0	IT4	0	5
1403	8500	CLASS 1 Wood Point Arrow	0	IT10	0	255
1411	8501	CLASS 2 Wood Point Arrow	0	IT10	0	255
1417	8502	CLASS 3 Wood Point Arrow	0	IT10	0	255
1422	8503	CLASS 4 Wood Point Arrow	0	IT10	0	255
1425	8504	CLASS 5 Wood Point Arrow	0	IT10	0	255
1428	8505	CLASS 6 Wood Point Arrow	0	IT10	0	255
1402	8506	CLASS 1 Wood Hooked Arrow	0	IT10	0	255
1410	8507	CLASS 2 Wood Hooked Arrow	0	IT10	0	255
1404	8512	CLASS 1 Wood Silver Tip Arrow	0	IT10	0	255
1400	8518	CLASS 1 Bone Point Arrow	0	IT10	0	255
1406	8519	CLASS 2 Bone Point Arrow	0	IT10	0	255
1413	8520	CLASS 3 Bone Point Arrow	0	IT10	0	255
1399	8524	CLASS 1 Bone Hooked Arrow	0	IT10	0	255
1405	8525	CLASS 2 Bone Hooked Arrow	0	IT10	0	255
1412	8526	CLASS 3 Bone Hooked Arrow	0	IT10	0	255
1418	8527	CLASS 4 Bone Hooked Arrow	0	IT10	0	255
1401	8536	CLASS 1 Ceramic Point Arrow	0	IT10	0	255
1407	8543	CLASS 2 Ceramic Hooked Arrow	0	IT10	0	255
1414	8544	CLASS 3 Ceramic Hooked Arrow	0	IT10	0	255
1419	8545	CLASS 4 Ceramic Hooked Arrow	0	IT10	0	255
1408	8549	CLASS 2 Ceramic Silver Tip Arrow	0	IT10	0	255
1415	8550	CLASS 3 Ceramic Silver Tip Arrow	0	IT10	0	255
1420	8551	CLASS 4 Ceramic Silver Tip Arrow	0	IT10	0	255
1423	8552	CLASS 5 Ceramic Silver Tip Arrow	0	IT10	0	255
1426	8553	CLASS 6 Ceramic Silver Tip Arrow	0	IT10	0	5
1409	8567	CLASS 2 Steel Silver Tip Arrow	0	IT10	0	5
1416	8568	CLASS 3 Steel Silver Tip Arrow	0	IT10	0	5
1421	8569	CLASS 4 Steel Silver Tip Arrow	0	IT10	0	5
1424	8570	CLASS 5 Steel Silver Tip Arrow	0	IT10	0	5
1427	8571	CLASS 6 Steel Silver Tip Arrow	0	IT10	0	5
3858	8716	Gloomwater Arrow	0	IT10	0	255
8602	8760	Silver Griffon Feathers	0	IT63	0	255
7651	8800	Rough Hickory Recurve Bow	0	IT4	0	5
7652	8800	Rough Hickory Recurve Bow	0	IT4	0	5
7653	8800	Rough Hickory Recurve Bow	0	IT4	0	5
7647	8803	Rough Elm Recurve Bow	0	IT4	0	5
7648	8803	Rough Elm Recurve Bow	0	IT4	0	5
7649	8803	Rough Elm Recurve Bow	0	IT4	0	5
7650	8803	Rough Elm Recurve Bow	0	IT4	0	5
1496	8804	Carved Elm Recurve Bow	0	IT4	0	5
1497	8804	Carved Elm Recurve Bow	0	IT4	0	5
1498	8804	Carved Elm Recurve Bow	0	IT4	0	5
1499	8804	Carved Elm Recurve Bow	0	IT4	0	5
7635	8809	Rough Ashwood Recurve Bow	0	IT4	0	5
7636	8809	Rough Ashwood Recurve Bow	0	IT4	0	5
7637	8809	Rough Ashwood Recurve Bow	0	IT4	0	5
1483	8810	Carved Ashwood Recurve Bow	0	IT4	0	5
1484	8810	Carved Ashwood Recurve Bow	0	IT4	0	5
1485	8810	Carved Ashwood Recurve Bow	0	IT4	0	5
8340	8811	Shaped Ashwood Recurve Bow	0	IT4	0	5
8341	8811	Shaped Ashwood Recurve Bow	0	IT4	0	5
8342	8811	Shaped Ashwood Recurve Bow	0	IT4	0	5
7658	8818	Rough Oak Recurve Bow	0	IT4	0	5
7659	8818	Rough Oak Recurve Bow	0	IT4	0	5
7660	8818	Rough Oak Recurve Bow	0	IT4	0	5
7655	8819	Rough Oak 1-Cam Bow	0	IT4	0	5
7656	8819	Rough Oak 1-Cam Bow	0	IT4	0	5
7657	8819	Rough Oak 1-Cam Bow	0	IT4	0	5
1504	8820	Carved Oak Recurve Bow	0	IT4	0	5
1505	8820	Carved Oak Recurve Bow	0	IT4	0	5
1506	8820	Carved Oak Recurve Bow	0	IT4	0	5
1501	8821	Carved Oak 1-Cam Bow	0	IT4	0	5
1502	8821	Carved Oak 1-Cam Bow	0	IT4	0	5
1503	8821	Carved Oak 1-Cam Bow	0	IT4	0	5
8355	8822	Shaped Oak Recurve Bow	0	IT4	0	5
8356	8822	Shaped Oak Recurve Bow	0	IT4	0	5
8357	8822	Shaped Oak Recurve Bow	0	IT4	0	5
8352	8823	Shaped Oak 1-Cam Bow	0	IT4	0	5
8353	8823	Shaped Oak 1-Cam Bow	0	IT4	0	5
8354	8823	Shaped Oak 1-Cam Bow	0	IT4	0	5
7644	8836	Rough Darkwood Recurve Bow	0	IT4	0	5
7645	8836	Rough Darkwood Recurve Bow	0	IT4	0	5
7646	8836	Rough Darkwood Recurve Bow	0	IT4	0	5
7638	8837	Rough Darkwood 1-Cam Bow	0	IT4	0	5
7639	8837	Rough Darkwood 1-Cam Bow	0	IT4	0	5
7640	8837	Rough Darkwood 1-Cam Bow	0	IT4	0	5
7641	8838	Rough Darkwood Compound Bow	0	IT4	0	5
7642	8838	Rough Darkwood Compound Bow	0	IT4	0	5
7643	8838	Rough Darkwood Compound Bow	0	IT4	0	5
1492	8839	Carved Darkwood Recurve Bow	0	IT4	0	5
1493	8839	Carved Darkwood Recurve Bow	0	IT4	0	5
1494	8839	Carved Darkwood Recurve Bow	0	IT4	0	5
1486	8840	Carved Darkwood 1-Cam Bow	0	IT4	0	5
1487	8840	Carved Darkwood 1-Cam Bow	0	IT4	0	5
1488	8840	Carved Darkwood 1-Cam Bow	0	IT4	0	5
1489	8841	Carved Darkwood Compound Bow	0	IT4	0	5
1490	8841	Carved Darkwood Compound Bow	0	IT4	0	5
1491	8841	Carved Darkwood Compound Bow	0	IT4	0	5
8349	8842	Shaped Darkwood Recurve Bow	0	IT4	0	5
8350	8842	Shaped Darkwood Recurve Bow	0	IT4	0	5
8351	8842	Shaped Darkwood Recurve Bow	0	IT4	0	5
8343	8843	Shaped Darkwood 1-Cam Bow	0	IT4	0	5
8344	8843	Shaped Darkwood 1-Cam Bow	0	IT4	0	5
8345	8843	Shaped Darkwood 1-Cam Bow	0	IT4	0	5
8346	8844	Shaped Darkwood Compound Bow	0	IT4	0	5
8347	8844	Shaped Darkwood Compound Bow	0	IT4	0	5
8348	8844	Shaped Darkwood Compound Bow	0	IT4	0	5
837	8880	Blackened Mithril Boots	0	IT63	0	10
3729	8909	Gem Inlaid Gauntlets	2	IT63	0	10
2026	8940	Cros Treewind's Staff	0	IT8	0	4
901	8942	Blessed Ring of Nife	0	IT63	0	10
7844	8949	Runed Branding Iron	0	IT14	0	3
10088	8950	Tunarean Signet Ring	0	IT63	0	10
8481	8960	Shiny Robe of the Underfoot	15	IT63	1981640	10
8475	8961	Shiny Hunk of Metal	0	IT63	0	255
9483	8991	Summoned: Ale	0	IT63	0	255
9488	8992	Summoned: Cake	0	IT63	0	255
9510	8993	Summoned: Spinning Bottle	0	IT63	0	255
3576	8999	Froglok Tuk Buckler	0	IT201	0	255
1350	9001	Buckler	0	IT201	0	255
7662	9002	Round Shield	0	IT203	0	255
9610	9003	Targ Shield	0	IT202	0	255
5365	9004	Kite Shield	0	IT202	0	255
10982	9004	Kite Shield	0	IT202	0	255
9989	9005	Tower Shield	0	IT202	0	255
10719	9006	Wooden Shield	0	IT201	0	255
10717	9007	Wooden Kite Shield	0	IT204	0	255
6814	9008	Parrying Dagger	0	IT5	0	255
8816	9009	Small Buckler	0	IT201	0	255
8983	9010	Small Round Shield	0	IT203	0	255
9019	9011	Small Targ Shield	0	IT202	0	255
8884	9012	Small Kite Shield	0	IT202	0	255
9029	9013	Small Tower Shield	0	IT202	0	255
9045	9014	Small Wooden Shield	0	IT201	0	255
5528	9016	Large Buckler	0	IT201	0	255
5690	9017	Large Round Shield	0	IT203	0	255
5730	9018	Large Targ Shield	0	IT202	0	255
5597	9019	Large Kite Shield	0	IT202	0	255
5740	9020	Large Tower Shield	0	IT202	0	255
5744	9021	Large Wooden Shield	0	IT201	0	255
5743	9022	Large Wooden Kite Shield	0	IT204	0	255
7252	9023	Qeynos Kite Shield	0	IT200	0	255
2429	9025	Devlas Ilkvel	0	IT207	0	255
3577	9026	Frogskin Shield	0	IT217	0	255
8422	9027	Shield of Spectral Essence	0	IT210	0	255
9448	9028	Strathbone Shell Shield	0	IT214	0	255
4668	9029	Iksar Targ Shield	0	IT216	0	255
1707	9030	Clay Guardian Shield	0	IT211	0	255
2730	9106	Ebon Drake Backbone	0	IT63	0	255
1745	9111	Clockwork Oil Extract	0	IT63	0	255
684	9122	Berinsans Shirt	0	IT63	0	255
1947	9130	Coyote Skull	0	IT63	0	255
6970	9131	Plague Rat Tail	0	IT63	0	255
2343	9201	Darkwood Aegis	0	IT204	4278190080	255
6748	9204	Ornate Rune Shield	0	IT223	0	255
8013	9205	Sarnak Battle Shield	0	IT221	0	255
5145	9206	Insignia Protector	0	IT221	0	255
3840	9231	Gleaming Crystal Scepter	0	IT51	0	255
1077	9304	Bone Shield	0	IT205	0	255
5500	9306	Large Bone Shield	0	IT205	0	255
8471	9307	Shiny Brass Shield	0	IT202	0	255
8150	9308	Scute Shield	0	IT205	0	255
1952	9309	Cracked Darkwood Shield	0	IT204	0	255
2011	9310	Crested Mistmoore Shield	0	IT213	0	255
1609	9311	Charred Guardian Shield	0	IT202	0	255
8545	9312	Silent Watch Shield	0	IT203	0	10
8419	9315	Shield of Prexus	0	IT212	0	255
8416	9318	Shield of Kurn	0	IT202	0	255
580	9350	Bark Shield	0	IT206	0	255
1653	9351	Chitin Shell Shield	0	IT214	0	255
3674	9352	A Giant Laceless Sandal	0	IT201	0	255
3760	9352	A Giant Laceless Sandal	0	IT201	0	255
2092	9401	Cryosilk Webshield	0	IT210	0	255
424	9402	Ashenbone Shield	0	IT205	0	255
10061	9403	Trueheart Shield	0	IT202	0	255
6439	9404	Nautilus Shield	0	IT212	0	255
7186	9405	Prismatic Shield	0	IT210	0	255
7892	9406	Runewood Shield	0	IT204	0	255
9285	9407	Spitestone Shield	0	IT213	0	255
445	9408	Atramentous Shield	0	IT221	0	255
8426	9427	Shield of the Devout	0	IT210	0	255
4984	9428	Imbued Shield of Paineel	0	IT212	0	255
5919	9438	Lon's Head	0	IT63	0	255
10806	9500	Words of Wealth: Top Left	0	IT65	0	255
10807	9501	Words of Wealth: Top Right	0	IT65	0	255
10804	9502	Words of Wealth: Bottom Left	0	IT65	0	255
10805	9503	Words of Wealth: Bottom Right	0	IT65	0	255
3660	9504	Funny Money	0	IT63	0	255
7378	9505	A Red Gift Box	0	IT65	0	255
1027	9506	A Blue Gift Box	0	IT65	0	255
4166	9507	A Green Gift Box	0	IT65	0	255
735	9508	A Black Gift Box	0	IT65	0	255
7240	9509	A Purple Gift Box	0	IT65	0	255
110	9510	A Library Card	0	IT65	0	255
10596	9511	A White Gift Box	0	IT65	0	255
8600	9512	A Silver Gift Box	0	IT65	0	255
4199	9513	A Grey Gift Box	0	IT63	0	255
10115	9630	Twisted Nature Chestguard	20	IT63	13140660	10
10116	9631	Twisted Nature Crown	0	IT63	13140660	10
10112	9632	Twisted Nature Armband	20	IT63	4291330740	10
10114	9633	Twisted Nature Bracer	20	IT63	4291330740	10
10117	9634	Twisted Nature Gloves	20	IT63	13140660	10
10118	9635	Twisted Nature Leggings	20	IT63	13140660	10
10113	9636	Twisted Nature Boots	20	IT63	4291330740	10
6329	9637	Monkey Hide Breastplate	23	IT63	0	10
6331	9638	Monkey Hide Helm	23	IT63	0	10
6327	9639	Monkey Hide Arm Plate	23	IT63	0	10
6332	9640	Monkey Hide Wrist Guard	23	IT63	4278190080	10
6330	9642	Monkey Hide Greaves	23	IT63	0	10
6328	9643	Monkey Hide Boots	23	IT63	4278190080	10
1541	9650	Celestial Essence	0	IT63	0	255
6265	9662	Misty Thicket Picnic	0	IT63	0	255
2861	9724	Embroidering Needle	0	IT63	0	255
1833	9725	Coldain Heater	0	IT63	0	255
1545	9731	Celestial Solvent	0	IT63	0	255
8715	9732	Skull Ale	0	IT63	0	255
4270	9752	Halas 10lb Meat Pie	0	IT63	0	255
5933	9765	Lothran's Ancient Absinthe	0	IT63	0	255
8407	9778	Shellcracker's Seaside Salad	0	IT63	0	255
9081	9779	Snapper Oil	0	IT63	0	255
8335	9837	Shamanistic Shenannigan Chestplate	21	IT63	5263460	10
8338	9838	Shamanistic Shenannigan Helm	0	IT63	4283453540	10
8332	9839	Shamanistic Shenannigan Arm Guard	21	IT63	4283453540	10
8334	9840	Shamanistic Shenannigan Bracer	21	IT63	5263460	10
8331	9841	Shamanistic Shenanigan Gauntlets	21	IT63	4283453540	10
8337	9842	Shamanistic Shenannigan Greaves	21	IT63	4283453540	10
8333	9843	Shamanistic Shenannigan Boots	21	IT63	5263460	10
1988	9844	Crazy Cleric Breastplate	21	IT63	64250	10
1992	9845	Crazy Cleric Helm	0	IT63	64250	10
1986	9846	Crazy Cleric Arm Plate	21	IT63	64250	10
1993	9847	Crazy Cleric Wrist Guard	21	IT63	64250	10
1990	9848	Crazy Cleric Gauntlets	21	IT63	64250	10
1991	9849	Crazy Cleric Greaves	21	IT63	64250	10
1987	9850	Crazy Cleric Boots	21	IT63	64250	10
7150	9893	Preserved Snake Eye	0	IT63	0	255
4220	9896	Grizzly Bear Skin	0	IT63	0	255
397	9912	Armadillo Carapace	0	IT63	0	255
402	9915	Armadillo Tooth	0	IT63	0	255
403	9915	Armadillo Tooth	0	IT63	0	255
2229	9921	Cutthroat Golden Tooth	0	IT63	0	255
9884	9962	Tiny Jade Inlaid Coffin	0	IT63	0	255
3061	9963	Essence Emerald	0	IT63	0	255
5306	9967	Karran's Head	0	IT63	4278190080	255
146	9968	A Smelly Sealed Bag	0	IT63	0	255
222	9969	Aglthin's Fishing Pole	0	IT38	0	255
336	9975	Animated Sword4	0	IT2	0	0
335	9977	Animated Sword2	0	IT9	0	0
334	9981	Animated Shield	0	IT202	0	255
11280	9983	Spell: Inner Fire*	0	IT63	4278190080	20
11095	9985	Spell: Courage*	0	IT63	0	20
11873	9986	Spell: Minor Shielding*	0	IT63	0	20
11411	9987	Spell: Shallow Breath*	0	IT63	4278190080	20
11972	9988	Spell: Shock of Frost*	0	IT63	4278190080	20
11309	9989	Spell: Lifetap*	0	IT63	0	20
12138	9990	Skin of Milk	0	IT63	0	255
12132	9991	Bread Cakes*	0	IT63	0	255
11564	9992	Song: Chant of Battle*	0	IT63	4278190080	20
11872	9993	Spell: Minor Healing*	0	IT63	0	20
11655	9994	Spell: Burst of Flame*	0	IT63	0	20
2246	9997	Dagger*	0	IT5	0	2
8509	9998	Short Sword*	0	IT1	0	0
12134	9999	Club*	0	IT18	0	3
5464	10000	Lambent Stone	0	IT63	0	255
6868	10001	Pearl Necklace	0	IT63	0	255
6866	10002	Pearl Earring	0	IT63	0	255
6869	10003	Pearl Ring	0	IT63	0	255
1907	10004	Copper Band	0	IT63	0	255
8626	10005	Silver Stud	0	IT63	0	255
8584	10006	Silver Earring	0	IT63	0	255
4039	10007	Golden Earring	0	IT63	0	255
4018	10008	Gold Ring	0	IT63	0	255
4019	10008	Gold Ring (Ring of Opolla)	0	IT63	0	255
623	10009	Bead Necklace	0	IT63	0	255
1906	10010	Copper Amulet	0	IT63	0	255
1478	10011	Carnelian	0	IT63	0	255
763	10012	Black Pearl	0	IT63	0	255
148	10013	A Special Fire Emerald	0	IT63	0	255
3687	10014	Gargoyle Eye	0	IT63	0	255
5997	10015	Malachite	0	IT63	0	255
5477	10016	Lapis Lazuli	0	IT63	0	255
10102	10017	Turquoise	0	IT63	0	255
4428	10018	Hematite	0	IT63	0	255
1007	10019	Bloodstone	0	IT63	0	255
5257	10020	Jasper	0	IT63	0	255
9363	10021	Star Rose Quartz	0	IT63	0	255
252	10022	Amber	0	IT63	0	255
5213	10023	Jade	0	IT63	0	255
6865	10024	Pearl	0	IT63	0	255
9938	10025	Topaz	0	IT63	0	255
1523	10026	Cat's Eye Agate	0	IT63	0	255
6689	10027	Onyx	0	IT63	0	255
6900	10028	Peridot	0	IT63	0	255
2862	10029	Emerald	0	IT63	0	255
6699	10030	Opal	0	IT63	0	255
3349	10031	Fire Opal	0	IT63	0	255
9364	10032	Star Ruby	0	IT63	0	255
3340	10033	Fire Emerald	0	IT63	0	255
8002	10034	Sapphire	0	IT63	0	255
7696	10035	Ruby	0	IT63	0	255
769	10036	Black Sapphire	0	IT63	0	255
2441	10037	Diamond	0	IT63	0	255
8620	10038	Silver Ring	0	IT63	0	255
8621	10038	Silver Ring (Ring of Opolla)	0	IT63	0	255
1010	10039	Bloodstone Ring	0	IT63	0	255
8563	10040	Silver Amulet	0	IT63	0	255
6277	10041	Mithril Earring	0	IT63	0	255
5216	10042	Jade Earring	0	IT63	0	255
5224	10043	Jade Ring	0	IT63	0	255
4066	10044	Golden Pendant	0	IT63	0	255
2871	10045	Emerald Ring	0	IT63	0	255
6700	10046	Opal Bracelet	0	IT63	0	255
6268	10047	Mithril Amulet	0	IT63	0	255
9365	10048	Star Ruby Earring	0	IT63	0	255
3344	10049	Fire Emerald Ring	0	IT63	0	255
8004	10050	Sapphire Necklace	0	IT63	0	255
7697	10051	Ruby Crown	0	IT63	0	255
5209	10053	Jacinth	0	IT63	0	255
3882	10055	Glowing Bone Collar	0	IT63	0	10
9367	10059	Star of Odus	0	IT63	0	255
1673	10060	Chunk of Metal Ore	0	IT63	0	255
2896	10062	Empty Vial	0	IT63	0	255
6337	10070	Moonstone	0	IT63	0	255
3901	10071	Glowing Torch	0	IT36	0	255
1008	10072	Bloodstone Earring	0	IT63	0	255
2597	10073	Dufrenite	0	IT63	0	255
7522	10078	Ring of the Stonechanters	0	IT63	0	10
7519	10079	Ring of the Rockchanters	0	IT63	0	10
1348	10080	Brutechopper	0	IT25	0	1
6216	10081	Midnight Mallet	0	IT49	1644850	4
5184	10082	Ivandyr's Hoop	0	IT63	0	10
1610	10083	Charred Pearl	0	IT63	0	255
1611	10084	Charred Ruby	0	IT63	0	255
140	10085	A Shining Stone	0	IT63	0	255
3831	10086	A Glamour Stone	0	IT63	0	255
3889	10087	Glowing Glamour Stone	0	IT63	0	255
3623	10092	Fuligan Soulstone of Innoruuk	0	IT63	0	255
1768	10094	Cloudy Stone of Veeshan	0	IT63	0	255
3269	10099	Fiery Defender	0	IT160	0	1
10104	10100	Turtleshell Helm	2	IT63	0	10
8401	10101	Sheer Bone Mask	0	IT63	0	10
1635	10102	Chipped Bone Collar	0	IT63	0	10
3796	10103	Giant Snakespine Belt	0	IT63	0	10
1062	10104	Bone Armplates	2	IT63	0	10
1634	10105	Chipped Bone Bracelet	2	IT63	0	10
1073	10106	Bone Legplates	2	IT63	0	10
612	10107	Batskull Earring	0	IT63	0	255
606	10108	Batfang Headband	0	IT63	0	10
10599	10110	White Headband	0	IT63	0	255
10955	10111	Yellow Headband	0	IT63	0	255
6706	10112	Orange Headband	0	IT63	0	255
7379	10113	Red Headband	0	IT63	0	255
7241	10114	Purple Headband	0	IT63	0	10
1028	10115	Blue Headband	0	IT63	0	10
737	10116	Black Headband	0	IT63	0	10
5463	10117	Lambent Star Ruby	0	IT63	0	255
5461	10118	Lambent Ruby	0	IT63	0	255
5462	10119	Lambent Sapphire	0	IT63	0	255
9415	10120	Stone Bracelet	0	IT63	0	10
9417	10121	Stone Collar	0	IT63	0	10
7699	10122	Stone Circlet	0	IT63	0	255
9416	10122	Stone Circlet	0	IT63	0	10
6033	10124	Mammoth Tusks	0	IT15	0	255
8901	10125	Small Mammoth Tusks	0	IT15	0	255
3808	10126	Gigantic Chipped Tusk	0	IT15	0	255
5457	10128	Lambent Fire Opal	0	IT63	0	255
7060	10129	Polished Stone Anklet	0	IT63	0	10
10617	10130	White Training Sash	0	IT63	0	255
10956	10131	Yellow Sash of Order	0	IT63	0	255
6707	10132	Orange Sash of Order	0	IT63	0	255
7388	10133	Red Sash of Order	0	IT63	0	255
7242	10134	Purple Sash of Order	0	IT63	0	10
1032	10135	Blue Sash of Order	0	IT63	0	10
1079	10139	Bone Talisman	0	IT67	0	255
5814	10140	Lens of Glowing Amber	0	IT63	0	255
7848	10141	Runed Cowl	0	IT63	0	10
2042	10142	Crown of the Froglok Kings	0	IT63	0	10
7031	10143	Platinum Tiara	0	IT63	0	10
1500	10144	Carved Ivory Mask	0	IT63	0	10
1669	10146	Chrysoberyl Talisman	0	IT63	0	10
10598	10147	White Gold Necklace	0	IT63	0	255
8249	10148	Serpentine Bracer	3	IT63	0	10
255	10149	Amethyst Bracelet	3	IT63	0	10
6338	10150	Moonstone Ring	0	IT63	0	255
200	10151	Adamantite Band	0	IT63	0	255
10210	10154	Unicorn Horn	0	IT15	0	255
10211	10155	Unicorn Horn Fragments	0	IT63	0	255
7202	10156	Pulsating Brood Clutch	0	IT64	0	255
3405	10158	Flare Stone	0	IT63	0	255
5855	10159	Limestone Ring	0	IT63	0	255
241	10160	Alligator Egg	0	IT63	0	255
244	10161	Alligator Tooth Earring	0	IT63	0	255
4062	10162	Golden Locket	0	IT63	0	10
7025	10163	Platinum Skull Ring	0	IT63	0	255
4385	10164	Heartstone Amulet	0	IT63	0	10
2448	10165	Diamondine Earring	0	IT63	0	10
6896	10169	Pendant of Salvation	0	IT63	4278190080	10
3126	10170	Evil Eye Lens	0	IT63	0	255
9345	10171	Staff of the Observers	0	IT8	0	4
7557	10175	Robe of Discord	11	IT63	0	10
5962	10176	Lute of the Gypsy Princess	0	IT11502	0	255
6262	10177	Mistmoore Battle Drums	0	IT11501	0	255
1398	10178	Butler Syncalls Fang	0	IT63	0	255
5992	10179	Maid Issis Fang	0	IT63	0	255
1199	10180	Brahhms Horn	0	IT15	0	255
9543	10185	Swatch of Cryosilk	0	IT63	0	255
10173	10191	Uncut Hyacinth	0	IT63	0	255
3173	10192	Faceted Hyacinth	0	IT63	0	255
3174	10193	Faceted Hyacinth Telesm	0	IT63	0	255
7204	10194	Pulsating Hyacinth Telesm	0	IT63	0	255
7170	10195	Prickly Pear	0	IT63	0	255
996	10196	Bloodied Piece of Parchment	0	IT64	0	255
6335	10197	Monstrous Zombie Heart	0	IT63	0	255
5755	10198	Lava Diamond	0	IT63	0	255
7245	10199	Putrescent Heart	0	IT63	0	255
10574	10201	Whirling Malachite	0	IT63	0	255
10573	10202	Whirling Lapis Lazuli	0	IT63	0	255
10577	10203	Whirling Turquoise	0	IT63	0	255
10571	10204	Whirling Hematite	0	IT63	0	255
10570	10205	Whirling Crystal	0	IT63	0	10
10568	10206	Whirling Bloodstone	0	IT63	0	255
10575	10207	Whirling Onyx	0	IT63	0	255
10572	10208	Whirling Jasper	0	IT63	0	255
10569	10209	Whirling Carnelian	0	IT63	0	255
10576	10210	Whirling Quartz	0	IT63	0	255
10567	10211	Whirling Amber	0	IT63	0	255
10566	10212	Whirling Agate	0	IT63	0	255
5450	10214	Labyrinth Talisman	0	IT63	0	10
7512	10215	Ring of Xorbb	0	IT63	0	10
6909	10216	Petrified Erudite Heart Amulet	0	IT63	0	10
2360	10217	Death Scarab Gland	0	IT64	0	255
7605	10219	Rokyls Channelling Crystal	0	IT210	0	255
3158	10220	Eye of Petrifin	0	IT64	0	255
3396	10225	Flame Agate	0	IT63	0	255
4218	10228	Grinning Goblin Brew	0	IT63	0	255
9447	10255	Strathbone Anti-Venom	0	IT63	0	255
6899	10256	Penicillin Spores	0	IT63	0	255
9301	10257	Spores of Forgetfulness	0	IT63	0	255
1699	10258	Clarifying Spores	0	IT63	0	255
5155	10259	Invigorating Spores	0	IT63	0	255
3849	10261	Glob of Gooey Goo	0	IT63	0	255
10427	10262	Vial of Infectious Disease	0	IT63	0	255
2886	10263	Empty Infectious Vial	0	IT63	0	255
2475	10264	Diseased Bone Marrow	0	IT63	0	255
9303	10265	Sprig of Wormwood	0	IT63	4278190080	255
1902	10266	Container of Infectious Reagents	0	IT63	4278190080	255
9497	10290	Summoned: Halo of Light	0	IT63	0	10
7895	10301	Runners Ring	0	IT63	0	255
2705	10302	Earring of Disease Reflection	0	IT63	0	10
2709	10303	Earring of Fire Reflection	0	IT63	0	10
2710	10304	Earring of Frost Reflection	0	IT63	0	10
2712	10305	Earring of Magic Reflection	0	IT63	0	10
2713	10306	Earring of Poison Reflection	0	IT63	0	10
340	10308	Anti-Poison Amulet	0	IT63	0	255
3149	10309	Eye of Disvan	0	IT63	0	255
624	10311	Beaded Slime Necklace	0	IT63	0	255
7507	10312	Ring of Slime	0	IT63	0	255
3377	10313	Fishbone Earring	0	IT63	0	255
7051	10314	Polished Bone Bracelet	0	IT63	0	10
5952	10315	Lupine Runed Armband	0	IT63	0	255
8248	10316	Serpent Insignia Collar	0	IT63	0	255
6696	10318	Onyx Ring	0	IT63	0	255
4038	10320	Golden Ear Stud	0	IT63	0	255
7052	10321	Polished Bone Hoop	0	IT63	0	255
10721	10324	Wooden Totem	0	IT67	0	255
1324	10325	Bronze Spider Totem	0	IT67	0	255
831	10328	Blackened Iron Eye Totem	0	IT67	0	255
1708	10330	Clay Totem	0	IT67	0	255
9421	10331	Stone Totem	0	IT67	0	255
1080	10332	Bone Totem	0	IT67	0	255
6999	10333	Platinum Dragon Totem	0	IT67	0	255
6278	10334	Mithril Frog Totem	0	IT67	0	255
6867	10335	Pearl Kedge Totem	0	IT67	0	255
6990	10336	Platinum Armband	0	IT63	0	255
6593	10337	Obsidian Ring	0	IT63	0	10
7854	10338	Runed Lava Pendant	0	IT63	0	10
6589	10339	Obsidian Bead Hoop	0	IT63	0	10
7501	10340	Ring of Goblin Lords	0	IT63	0	10
3899	10341	Glowing Stone Band	0	IT63	0	10
9517	10342	Summoned: Waterstone	0	IT63	0	255
5319	10343	Kejaar Totem	0	IT63	0	255
5433	10344	Kunzar Hex Amulet	0	IT63	0	10
6594	10345	Obsidian Ring of Quintessence	0	IT63	0	10
2434	10346	Di`zok Begirding	0	IT63	0	255
4085	10347	Golem Tear Ring	0	IT63	0	10
341	10350	Antiqued Silver Band	0	IT63	0	10
1211	10351	Brass Earring	0	IT63	0	10
527	10352	Band of Flesh	0	IT63	0	255
745	10353	Black Iron Medallion	0	IT63	0	255
6694	10354	Onyx Earring	0	IT63	0	255
7395	10355	Reed Ring	0	IT63	0	255
637	10356	Beartooth Necklace	0	IT63	0	255
7506	10357	Ring of Shadows	0	IT63	0	255
2793	10358	Electrum Bracelet	0	IT63	0	10
1868	10359	Collar of Undead Protection	0	IT63	0	10
1173	10360	Bracelet of Woven Grass	0	IT63	0	10
106	10361	A Gypsy Medallion	0	IT63	0	10
4120	10362	Granite Earring	0	IT63	0	255
2114	10363	Crystal Ring	0	IT63	0	10
5231	10364	Jagged Band	0	IT63	0	10
8103	10365	Scarab Ring	0	IT63	0	10
2485	10366	Djarns Amethyst Ring	0	IT63	0	255
3685	10371	Gargantuan Tarantula Heart	0	IT63	0	255
3686	10372	Gargantuan Tarantula Leg	0	IT63	0	255
8379	10373	Sharkskin Drum	0	IT11501	0	255
7595	10374	Rod of Malisement	0	IT35	0	3
10481	10375	Wand of Mana Tapping	0	IT47	0	3
896	10376	Blazing Wand	0	IT46	0	3
10483	10377	Wand of Shadow	0	IT46	0	3
7590	10378	Rod of Health	0	IT35	0	3
10479	10379	Wand of Ice	0	IT47	0	3
7588	10380	Rod of Drones	0	IT35	0	3
7597	10383	Rod of Oblations	0	IT47	0	3
6446	10385	Necklace of Defiance	0	IT63	0	10
7498	10386	Ring of Dominance	0	IT63	0	10
2118	10387	Crystal of Seeing	0	IT63	0	255
8721	10388	Skullchip Bracelet	0	IT63	0	255
3725	10389	Gem Encrusted Circlet	0	IT63	0	10
8803	10396	Small Brick of Unrefined Ore	0	IT63	0	255
1704	10403	Clawed Knuckle-Ring	0	IT63	0	255
3879	10404	A Glowing Black Stone	0	IT68	0	255
9505	10405	Summoned: Ring of Levitation	0	IT63	0	10
139	10406	A Shimmering Orb	0	IT210	0	255
6702	10407	Opalline Earring	0	IT63	0	10
5186	10408	Ivory Bracelet	0	IT63	0	255
1393	10411	Burynaibane Charm	0	IT63	0	10
10366	10425	Velium Smithy Hammer	0	IT63	0	255
4455	10426	High Quality Metal Rings	0	IT63	0	255
6161	10427	Medium Quality Metal Rings	0	IT63	0	255
2942	10428	Enchanted Folded Brellium Sheet	0	IT63	0	255
3010	10429	Enchanted Sheet of Brellium	0	IT63	0	255
918	10430	Enchanted Block of Brellium	0	IT63	0	255
2906	10430	Enchanted Block of Brellium	0	IT63	0	255
3012	10431	Enchanted Sm. Brick of Brellium	0	IT63	0	255
2909	10432	Enchanted Brellium Rings	0	IT63	0	255
2908	10433	Enchanted Brellium Jointing	0	IT63	0	255
2998	10434	Enchanted Lrg. Brick of Brellium	0	IT63	0	255
2943	10437	Enchanted Folded Sheet Metal	0	IT63	0	255
3009	10438	Enchanted Sheet Metal	0	IT63	0	255
5510	10440	Large Brick of Enchanted Ore	0	IT63	0	255
8797	10441	Small Brick of Enchanted Ore	0	IT63	0	255
2901	10442	Enchanted Adamantite Jointing	0	IT63	0	255
3001	10443	Enchanted Mithril Chain Jointing	0	IT63	0	255
2941	10444	Enchanted Folded Adamantite Sheet	0	IT63	0	255
2902	10446	Enchanted Adamantite Rings	0	IT63	0	255
2905	10447	Enchanted Block of Adamantite	0	IT63	0	255
2997	10449	Enchanted Lrg. Brick of Adamantite	0	IT63	0	255
3002	10451	Enchanted Mithril Rings	0	IT63	0	255
2944	10452	Enchanted Folded Sheet of Mithril	0	IT63	0	255
2907	10453	Enchanted Block of Mithril	0	IT63	0	255
2999	10455	Enchanted Lrg. Brick of Mithril	0	IT63	0	255
6582	10456	Oak Shaft	0	IT63	0	255
8736	10457	Skyiron Scales	0	IT63	0	255
926	10458	Block of Skyiron	0	IT63	0	255
5515	10459	Large Brick of Skyiron	0	IT63	0	255
8802	10460	Small Brick of Skyiron	0	IT63	0	255
3473	10461	Folded Skyiron Sheet	0	IT63	0	255
8739	10462	Skyiron Sheet	0	IT63	0	255
6159	10463	Medium Quality Folded Sheet Metal	0	IT63	0	255
6162	10464	Medium Quality Sheet Metal	0	IT63	0	255
922	10465	Block of Medium Quality Ore	0	IT63	0	255
5512	10466	Large Brick of Medium Quality Ore	0	IT63	0	255
8799	10467	Small Brick of Medium Quality Ore	0	IT63	0	255
8798	10468	Small Brick of High Quality Ore	0	IT63	0	255
5511	10469	Large Brick of High Quality Ore	0	IT63	0	255
1242	10470	Brellium Chain Jointing	0	IT63	0	255
2910	10470	Brellium Chain Jointing	0	IT63	0	255
202	10471	Adamantite Chain Jointing	0	IT63	0	255
6274	10472	Mithril Chain Jointing	0	IT63	0	255
1243	10473	Brellium Rings	0	IT63	0	255
3000	10473	Brellium Rings	0	IT63	0	255
5509	10474	Large Brick of Brellium	0	IT63	0	255
5508	10475	Large Brick of Adamantite	0	IT63	0	255
5513	10476	Large Brick of Mithril	0	IT63	0	255
2694	10477	Dwarven Smithy Hammer	0	IT63	0	255
2847	10478	Elven Smithy Hammer	0	IT63	0	255
9737	10479	Teir`Dal Smithy Hammer	0	IT63	0	255
919	10480	Block of High Quality Ore	0	IT63	0	255
4457	10481	High Quality Sheet Metal	0	IT63	0	255
4451	10482	High Quality Folded Sheet Metal	0	IT63	0	255
8800	10483	Small Brick of Mithril	0	IT63	0	255
923	10484	Block of Mithril	0	IT63	0	255
8795	10485	Small Brick of Adamantite	0	IT63	0	255
915	10486	Block of Adamantite	0	IT63	0	255
8796	10487	Small Brick of Brellium	0	IT63	0	255
916	10488	Block of Brellium	0	IT63	0	255
9051	10489	Smithy Hammer	0	IT63	0	255
6209	10490	Metal Rings	0	IT63	0	255
1563	10491	Chain Jointing	0	IT63	0	255
6296	10492	Mithril Rings	0	IT63	0	255
205	10493	Adamantite Rings	0	IT63	0	255
8404	10494	Sheet of Brellium	0	IT63	0	255
3471	10495	Folded Sheet of Brellium	0	IT63	0	255
8405	10496	Sheet of Mithril	0	IT63	0	255
3472	10497	Folded Sheet of Mithril	0	IT63	0	255
8403	10498	Sheet of Adamantite	0	IT63	0	255
3470	10499	Folded Sheet of Adamantite	0	IT63	0	255
8927	10500	Small Piece of Ore	0	IT63	0	255
8801	10501	Small Brick of Ore	0	IT63	0	255
5514	10502	Large Brick of Ore	0	IT63	0	255
924	10503	Block of Ore	0	IT63	0	255
4315	10504	Hardened Brick of Clay	0	IT63	0	255
5481	10506	Large Ball of Clay	0	IT63	0	255
1248	10507	Brick of Blue Ore	0	IT63	0	255
3653	10508	Functional Force Module	0	IT63	0	255
1282	10509	Broken Force Module	0	IT63	0	255
3654	10510	Functional Frost Module	0	IT63	0	255
1283	10511	Broken Frost Module	0	IT63	0	255
5652	10512	Large Power Source	0	IT63	0	255
8943	10513	Small Power Source	0	IT63	0	255
2742	10515	Ebon Wand	0	IT46	4278190080	255
563	10516	Barbed Bone Chips	0	IT63	0	255
2601	10517	Dull Bone Chips	0	IT63	0	255
2280	10518	Dark Bone Chips	0	IT63	0	255
4581	10519	Iced Bone Chips	0	IT63	0	255
10748	10527	Words of Darkness	0	IT28	0	255
8314	10528	Shadowed Ball	0	IT72	0	255
8316	10529	Shadowed Book	0	IT28	0	255
1090	10536	Book of Darkness	0	IT28	0	255
1092	10537	Book of Frost	0	IT28	0	255
177	10538	A fungus eye	0	IT63	0	255
7780	10539	Rune of Clay	0	IT63	0	255
9418	10543	A Stone Marker	0	IT63	0	255
4380	10544	Heart of Stone	0	IT63	0	255
3854	10545	Globe of Mist	0	IT63	0	255
10529	10546	Water Ring	0	IT63	0	10
7499	10547	Ring of Evoluoy	0	IT63	0	10
4376	10548	Heart of Fire	0	IT63	0	255
4377	10549	Heart of Frost	0	IT63	0	255
7587	10550	Rod of Bone	0	IT46	0	255
980	10551	Bloodblack Wand	0	IT47	0	255
7816	10553	Rune of Scale	0	IT63	0	255
10109	10557	Twice-Woven Silk	0	IT63	0	255
2328	10558	Darkbone Skull	0	IT63	0	255
6374	10559	Mudwater Rune	0	IT63	0	255
7833	10560	Rune of the One Eye	0	IT63	0	255
7834	10560	Rune of the One Eye	0	IT63	0	255
7835	10560	Rune of the One Eye	0	IT63	0	255
4204	10563	Griffenne Charm	0	IT63	0	10
2281	10564	Dark Boned Bracelet	0	IT63	0	10
4263	10565	Gypsy Lute	0	IT11502	0	255
7802	10566	Rune of Ivy	0	IT63	0	255
2235	10570	Cyclops Charm	0	IT63	0	10
8717	10571	Skull of Meldrath	0	IT63	0	255
3994	10572	Goblin Two-Handed Sword	0	IT10653	4278190080	0
3954	10574	Goblin Choker	0	IT63	0	10
3985	10575	Goblin Skull Crusher	0	IT102	0	3
3986	10578	Goblin Slaver's Whip	0	IT61	0	0
8527	10580	Shrunken Goblin Skull Earring	0	IT63	0	10
9977	10581	Totem of the Warrior Spirit	0	IT67	0	255
8096	10582	Scaled Wolf Hide Leggings	1	IT63	0	10
8093	10583	Scaled Wolf Hide Cap	1	IT63	0	10
9978	10584	Totem of the Wizened Spirits	0	IT63	0	255
8095	10586	Scaled Wolf Hide Gloves	1	IT63	4278190080	10
2711	10587	Earring of Grachnist	0	IT63	0	10
3975	10588	Goblin Knee Cracker	0	IT102	0	3
8061	10590	Scale Wolf Hide Boots	1	IT63	4278190080	10
8092	10591	Scaled Wolf Hide Belt	0	IT63	0	10
3989	10592	Goblin Spirit Catcher	0	IT63	0	10
3970	10593	Goblin Gazughi Ring	0	IT63	0	10
3984	10594	Goblin Skinner	0	IT34	0	0
8094	10595	Scaled Wolf Hide Cloak	0	IT63	0	10
3955	10597	Goblin Eye Poker	0	IT5	0	2
3983	10598	Goblin Shin Splinter	0	IT19	0	3
6135	10600	Mechanical Pen	0	IT63	0	255
5128	10601	Ink of the Dark	0	IT63	0	255
10608	10602	White Paper	0	IT63	0	255
1913	10603	Copy of Notes	0	IT63	0	255
5270	10604	Jeb's Seal	0	IT63	0	255
10938	10606	Xolion Rod	0	IT123	0	3
5134	10607	Innoruuk's Word	0	IT28	0	255
1584	10608	Chalice of Kings	0	IT133	0	255
9082	10609	Snow Blossoms	0	IT63	0	255
42	10610	1st Piece of Staff	0	IT63	0	255
43	10611	2nd Piece of Staff	0	IT63	0	255
45	10612	3rd Piece of Staff	0	IT63	0	255
46	10613	4th Piece of Staff	0	IT63	0	255
9298	10614	A Spoon	0	IT63	0	255
9786	10615	The One Key	0	IT63	0	255
5930	10616	Lost Scroll	0	IT65	0	255
1599	10617	Charm and Sacrifice	0	IT28	0	255
2912	10618	Enchanted Diamond	0	IT63	0	255
3005	10619	Enchanted Sapphire	0	IT63	0	255
3004	10620	Enchanted Ruby	0	IT63	0	255
2938	10621	Enchanted Emerald	0	IT63	0	255
4371	10622	Head of the Serpent	0	IT63	0	255
3076	10623	Essence of a Ghost	0	IT63	0	255
3077	10624	Essence of a Vampire	0	IT63	0	255
7997	10625	Sands of the Mystics	0	IT63	0	255
2887	10626	Empty Ink Vial	0	IT63	0	255
4368	10627	Head of a Prince	0	IT63	0	255
5619	10628	Large Muddy Sandals	0	IT63	0	10
8136	10629	Scribbled Parchment	0	IT63	0	255
3807	10630	Gift to Bozlum	0	IT63	0	255
2604	10631	Dull Diamond	0	IT63	0	255
2609	10632	Dull Sapphire	0	IT63	0	255
2608	10633	Dull Ruby	0	IT63	0	255
2606	10634	Dull Emerald	0	IT63	0	255
1361	10639	A Bundle of Staves	0	IT63	0	255
9346	10650	Staff of the Serpent	0	IT157	0	3
9168	10651	Spear of Fate	0	IT154	0	2
1543	10652	Celestial Fists	0	IT159	0	10
1946	10703	Coyote Pelt	0	IT63	0	255
8147	10705	Scrounge's Pelt	0	IT63	0	255
9480	10715	Sullied Two Handed Sword	0	IT2	678410	1
406	10763	Arrow Shaft Mold	0	IT63	0	255
6681	10780	An Old Silver Coin	0	IT63	0	255
1809	10790	Coin of Tash	0	IT63	0	255
3885	10791	Glowing Coin of Tash	0	IT63	0	255
3836	10792	Gleaming Coin of Tash	0	IT63	0	255
7269	10793	Radiant Coin of Tash	0	IT63	0	255
3435	10802	Flayed Skin Cap	1	IT63	9836950	10
3438	10803	Flayed Skin Tunic	1	IT63	9836950	10
3437	10804	Flayed Skin Sleeves	1	IT63	9836950	10
3434	10805	Flayed Skin Bracers	1	IT63	9836950	10
3436	10806	Flayed Skin Leggings	1	IT63	9836950	10
3433	10807	Flayed Skin Boots	1	IT63	9836950	10
10398	10821	Veridix's Shortsword	0	IT90	0	0
9555	10822	Sword Breaker	0	IT99	0	0
4274	10838	Halcyon Broadsword	0	IT81	0	0
2103	10839	Crystal Claw of Veeshan	0	IT44	0	0
7566	10845	Robe of the Azure Sky	12	IT63	2004730	10
5966	10846	Lyran's Mystical Lute	0	IT11502	0	255
8412	10851	Shield of Elders	0	IT219	0	255
4323	10852	Harmonic Spear	0	IT10100	4278190080	2
1061	10854	Bone Amulet of Blade Turning	0	IT63	0	10
3206	10855	Fang Amulet of Calling	0	IT63	0	10
5308	10859	Katana of Flowing Water	0	IT44	0	0
9772	10860	The Butcherblock Hammer	0	IT24	0	4
10067	10868	Truesilver Mail Coif	2	IT63	0	10
10070	10869	Truesilver Mail Shirt	2	IT63	0	10
10071	10870	Truesilver Mail Sleeves	2	IT63	0	10
10066	10871	Truesilver Mail Bracelets	2	IT63	0	10
10068	10872	Truesilver Mail Gloves	2	IT63	0	10
10069	10873	Truesilver Mail Pants	2	IT63	0	10
10065	10874	Truesilver Mail Boots	2	IT63	0	10
4126	10891	Gravebinder	0	IT52	0	1
8488	10892	Shissar Apothic Staff	0	IT123	0	4
9063	10894	Smoldering Cudgel	0	IT31	0	3
3656	10895	Fungus Covered Great Staff	0	IT126	0	4
10653	10896	Windruned Dagger	0	IT119	0	2
8714	10897	Skull-topped Runestaff	0	IT129	0	3
10651	10898	Windetched Staff	0	IT122	0	3
573	10899	Barbed Scale Whip	0	IT61	0	0
6346	10900	Mosscovered Branch	0	IT8	0	4
6347	10901	Mosscovered Twig	0	IT8	0	3
7634	10902	Rotwood Club	0	IT126	0	3
3884	10903	Glowing Club	0	IT126	0	3
4226	10904	Gromlok's Basher	0	IT24	0	4
8525	10905	Shrouds of Earthen Shadow	12	IT63	4281479730	10
1949	10906	Cracked Branch	0	IT8	0	0
8059	10907	Scale Hide Whip	0	IT61	0	0
5233	10908	Jagged Blade of War	0	IT146	0	1
864	10909	Blade of Tactics	0	IT141	0	0
863	10910	Blade of Strategy	0	IT142	0	0
10966	10912	Yunnb's Earring	0	IT63	0	10
2038	10913	Crown of Rile	0	IT63	0	10
8495	10914	Shissar Protection Staff	0	IT123	0	4
8293	10917	Shadewood Bow Staff	0	IT63	0	255
7709	10956	Ruined Coyote Pelt	0	IT63	0	255
5939	10957	Low Quality Coyote Pelt	0	IT63	0	255
7710	10973	Ruined Ebon Drakeling Scales	0	IT63	0	255
2735	10974	Ebon Drakeling Scales	0	IT63	0	255
7188	10975	Pristine Ebon Drakeling Scales	0	IT63	0	255
2733	10979	Ebon Drake Wing	0	IT63	0	255
2734	10980	Ebon Drakeling Bile	0	IT63	0	255
10963	10984	Young Ebon Drake Bile	0	IT63	0	255
2731	10985	Ebon Drake Bile	0	IT63	0	255
10658	10994	Winex's Staff	0	IT8	0	4
9323	11028	Staff of Discord	0	IT29	0	4
3268	11050	Fiery Avenger	0	IT62	0	1
9900	11052	Tobrin's Mystical Eyepatch	0	IT63	0	255
7273	11057	Ragebringer	0	IT140	0	2
3655	11058	Fungi Covered Great Staff	0	IT126	0	4
9322	11081	Staff of Dark Reflections	0	IT8	0	2
2732	11086	Ebon Drake Scales	0	IT63	0	255
1451	11175	Can o` Whoop Ass	0	IT63	0	255
5183	11301	Issued Water	0	IT63	0	255
7265	11350	Rabbit Stew	0	IT63	0	255
4198	11476	Grey Fur Cape	0	IT63	0	10
3663	11477	Fur Lined Mask	0	IT63	0	10
2314	11478	Dark Rust Boots	2	IT63	3289650	10
2315	11479	Dark Rust Bracer	2	IT63	3289650	10
601	11535	Basoon Haste Gauntlets	1	IT63	4278190080	255
3797	11536	Giant Tree Flayer	0	IT25	0	1
3758	11537	Giant Grub Digger	0	IT43	0	1
3493	11538	Forest Loop	0	IT63	0	10
4291	11539	Hammer of Flattening	0	IT33	0	4
5792	11540	Leg-Chopper	0	IT110	0	1
3726	11541	Gem Encrusted Ring	0	IT63	0	10
5945	11542	Lumberjack's Cap	1	IT63	0	10
164	11543	A Weighted Axe	0	IT80	0	1
3757	11544	Giant Foreman's Tunic	2	IT63	0	10
9450	11545	Straw Spun Belt	0	IT63	0	10
465	11546	Axe of the Iron Back	0	IT83	0	1
3763	11547	Giant Lord's Tunic	1	IT63	0	10
9526	11550	Sunderfury	0	IT23	0	1
8430	11551	Shield of the Immaculate	0	IT202	0	10
8435	11552	Shield of the Stalwart Seas	0	IT212	0	255
8693	11553	Six Note Blade	0	IT87	0	0
3118	11554	Evensong	0	IT19	0	3
2349	11555	Dawnchaser	0	IT16	0	2
1247	11556	Briarzephyr	0	IT86	0	0
10415	11557	Vexthorne	0	IT20	0	2
997	11558	Bloodmoon	0	IT40	0	0
639	11559	Beckon	0	IT39	0	1
6179	11560	Mempo of Likato	0	IT63	0	10
9094	11561	Sode of Empowerment	0	IT63	0	10
7281	11562	Rakusha Cloak	0	IT63	0	10
10090	11563	Tunarian Scimitar	0	IT41	0	0
3682	11564	Gardash	0	IT49	0	4
10063	11565	Truesight Hammer	0	IT14	0	3
9326	11566	Staff of Elemental Mastery: Fire	0	IT45	0	4
9325	11567	Staff of Elemental Mastery: Earth	0	IT45	0	4
9324	11568	Staff of Elemental Mastery: Air	0	IT45	4278190080	4
9327	11569	Staff of Elemental Mastery: Water	0	IT45	0	4
2445	11570	Diamond Rod	0	IT35	0	3
3030	11571	Encyclopedia Necrotheurgia	0	IT27	0	255
7598	11572	Rod of Unbound Thought	0	IT35	4278190080	3
5326	11573	Kelin`s Seven Stringed Lute	0	IT11502	0	255
7592	11574	Rod of Infinite Thought	0	IT35	0	3
4162	11582	Green Dragon Scales	0	IT63	0	255
10526	11583	Water Dragon Scales	0	IT63	0	255
2524	11584	Dragon Hero Bracer	3	IT63	3299915	10
8432	11585	Shield of the Red Dragon	0	IT219	0	255
8438	11586	Shield of the White Dragon	0	IT219	0	255
8429	11587	Shield of the Green Dragon	0	IT218	0	255
8437	11588	Shield of the Water Dragon	0	IT218	0	255
8155	11589	Sea Dragonscale Bracer	18	IT63	32145	10
7842	11601	Runed Bolster Belt	0	IT63	0	10
10590	11602	White Dragon Scales	0	IT63	0	255
10594	11603	White Dragonscale Cloak	0	IT63	0	10
8117	11604	Scimitar of the Mistwalker	0	IT86	0	0
10592	11605	White Dragon Tooth	0	IT63	0	255
2519	11606	Dragon Bone Bracelet	2	IT63	0	10
6128	11607	McVaxius` Horn of War	0	IT15	0	255
9330	11608	Staff of Forbidden Rites	0	IT29	0	4
9146	11609	Soul Leech, Dark Sword of Blood	0	IT53	0	1
2148	11610	Crystalline Spear	0	IT17	0	2
10497	11611	Warhammer of Divine Grace	0	IT14	0	4
893	11612	Blazing Greaves of Fennin Ro	3	IT63	16396810	10
892	11613	Blazing Gauntlets of Fennin Ro	3	IT63	16396810	10
891	11614	Blazing Breastplate of Fennin Ro	3	IT63	16396810	10
889	11615	Blazing Boots of Fennin Ro	3	IT63	16396810	10
890	11616	Blazing Bracer of Fennin Ro	3	IT63	16396810	10
894	11617	Blazing Helm of Fennin Ro	3	IT63	16396810	10
1720	11621	Cloak of Flames	0	IT63	0	10
7372	11622	Red Dragon Scales	0	IT63	0	255
7374	11623	Red Dragonscale Armor	3	IT63	13120050	10
3702	11624	Gauntlets of Fiery Might	2	IT63	3289650	10
6714	11625	Orb of Tishan	0	IT68	0	3
8217	11626	Selo`s Drums of the March	0	IT11501	0	255
7373	11627	Red Dragon Tooth	0	IT63	0	255
903	11628	Blight, Hammer of the Scourge	0	IT49	0	4
4442	11629	Hierophant`s Crook	0	IT75	0	4
4017	11630	Gold Plated Koshigatana	0	IT50	0	2
885	11632	Bladestopper	0	IT211	0	255
7312	11633	Ravener Tail Whip	0	IT61	0	0
2866	11635	Emerald Dragonscale Tunic	19	IT63	3328050	10
2138	11636	Crystalline Silk Mesh	0	IT63	0	255
6674	11637	Oily Goo Secretion	0	IT63	0	255
2106	11638	Crystal Dragon Eye	0	IT63	0	255
2018	11641	Crimson Robe of Alendine	10	IT63	0	10
5967	11642	Lyssa`s Darkwood Piccolo	0	IT6	0	255
8420	11644	Shield of Rainbow Hues	0	IT211	0	255
943	11645	Blood Fire	0	IT42	0	0
259	11646	Amulet of Necropotence	0	IT63	0	255
560	11647	Barbarian Spiritist`s Hammer	0	IT49	0	4
2347	11648	DawnFire, Morning Star of Light	0	IT19	0	3
9340	11649	Staff of the Earthcrafter	0	IT75	0	4
9334	11650	Staff of The Magister	0	IT45	4278294017	4
2530	11651	Dragon Scripture Tablet	0	IT63	0	255
5420	11655	Kromrif Bones	0	IT63	0	255
6677	11656	Old Dragon Horn	0	IT63	0	255
1075	11661	Bone Razor	0	IT50	0	2
9335	11662	Staff of Undead Legions	0	IT29	0	4
9239	11663	Spined Dragon Claws	0	IT71	0	0
849	11664	BladeStorm, Katana of Steel Sleet	0	IT44	0	1
10685	11665	Withered Totem of Widdershins	0	IT29	0	4
1060	11666	Bone-Clasped Girdle	0	IT63	0	10
6334	11667	Monsoon, Sword of the Swiftwind	0	IT44	0	1
10439	11668	Vibrating Gauntlets of Infuse	3	IT63	7571400	10
10440	11669	Vibrating Hammer of Infuse	0	IT117	0	4
678	11673	Belt of the Four Winds	7	IT63	103937	10
2244	11674	Dagas	0	IT10652	4278255873	0
3210	11675	Fangol	0	IT83	4278294017	1
7442	11676	Renard's Belt of Quickness	0	IT63	103937	10
2744	11677	Ebonsting	0	IT10650	4278294017	2
6599	11678	Obtenebrate Mithril Guard	0	IT214	4278294017	255
7471	11679	Rheumguls	0	IT53	4278294017	1
10972	11681	Zephyrwind	0	IT81	4278294017	0
10076	11682	Truvinan	0	IT10648	4278294017	1
3059	11683	Espri	0	IT86	4278294017	0
4502	11684	Honeycomb Belt	0	IT63	103937	10
6417	11685	Nargon's Staff	0	IT45	103937	4
9117	11686	Solidate Mithril Ring	0	IT63	103937	10
2596	11687	Duennan Shielding Ring	0	IT63	103937	10
7599	11688	Rod of Warding Winds	0	IT45	103937	4
4094	11689	Gorgon Head Staff	0	IT29	4278294017	4
10912	11690	Wu's Tranquil Fist	0	IT68	4278294017	3
10077	11691	Truwian Baton	0	IT51	4278294017	4
9799	11692	Theurgist	15	IT10007	4278294017	3
3683	11694	Garduk	0	IT10613	4278294017	2
2016	11695	Crimson Ring of Desinence	0	IT63	4278294017	255
10656	11696	Windstriker	0	IT4	103937	5
10944	11697	Yannikil	0	IT26	103937	0
4071	11698	Golden Sash of Tranquility	0	IT63	4278294017	10
6874	11699	Pearlescent Pauldrons	0	IT63	4278190080	10
1154	11703	Box of Abu-Kar	0	IT64	0	255
10755	11854	Words of Disillusionment	0	IT63	0	255
10762	11859	Words of Enchantment	0	IT63	4278190080	255
8020	11900	Sarnak Ceremonial Sword	0	IT106	0	1
5340	11901	Ketchata Koro Mis	0	IT101	0	4
8026	11902	Sarnak Emblazened Tabard	2	IT63	13132800	10
8024	11903	Sarnak Earring of Station	0	IT63	0	10
8038	11904	Sarnak Pitchatka	0	IT71	0	0
8025	11905	Sarnak Eitchatka	0	IT136	0	0
8019	11906	Sarnak Ceremonial Dagger	0	IT50	0	2
8029	11907	Sarnak Great Cleaver	0	IT84	0	1
8028	11908	Sarnak Flesh Harvester	0	IT85	0	0
4302	11909	Hand Woven Leggings	1	IT63	0	10
4303	11910	Hand Woven Shoulder Guards	0	IT63	0	10
1189	11911	Bracer of the Hidden	2	IT63	0	10
861	11912	Blade of Passage	0	IT90	0	0
8017	11917	Sarnak Bracer of Honor	0	IT63	0	10
8035	11924	Sarnak Liberator	0	IT89	0	0
1391	11927	Burynai Leg Ripper	0	IT101	0	4
3348	11933	Fire Hornet Wing	0	IT63	0	255
10919	11934	Wurm Scale	0	IT63	0	255
1800	11935	Cockatrice Beak	0	IT63	0	255
2514	11936	Drachnid Web Sack	0	IT63	0	255
2511	11937	Drachnid Leg Tip	0	IT5	0	2
499	11938	Balanced Shan`Tok	0	IT105	0	0
3321	11939	Finely Crafted Shan`Tok	0	IT105	0	0
498	11940	Balanced Fer`Esh	0	IT82	0	0
3320	11941	Finely Crafted Fer`Esh	0	IT82	0	0
500	11942	Balanced Sheer Blade	0	IT100	0	0
3322	11943	Finely Crafted Sheer Blade	0	IT100	0	0
3323	11944	Finely Crafted Targ Shield	0	IT216	0	255
170	11950	A Wolf Scale	0	IT63	0	255
2617	11953	Dusty Breastplate	3		6579300	10
9420	11954	Stone Thunder	0	IT49	0	3
3727	11955	Gem Finder	0	IT43	0	1
2738	11956	Ebon Razor	0	IT34	0	0
3974	11960	Goblin Juntah Harvester	0	IT40	0	0
3993	11961	Goblin Trail Blazer's Knife	0	IT5	0	2
3971	11965	Goblin Head-Spear	0	IT17	0	2
8747	11968	Sleeves of the Ancients	7		0	10
8757	11969	Slithinis's Shield	0	IT202	0	255
4326	11970	Harpoon of the Depths	0	IT132	0	2
5413	11971	Korzanz Kit`ioukl	7		0	10
9175	11972	Spectral Bow	0	IT4	0	5
5752	11973	Lasnik's Staff	0	IT123	0	4
10021	11974	Tree Weave	1		0	10
10921	11976	Wurm Scale Coat	2		0	10
7893	11977	Runic Carver	0	IT88	0	1
1184	11978	Bracer of Scavenging	2		0	10
4658	11980	Iksar Scaled Gloves	2		0	10
2513	11981	Drachnid Thyxl	0	IT68	0	255
10006	11983	Trakasaur's Tooth	0	IT50	0	2
5427	11990	Kromzek Mercenary Brooch	0	IT63	0	255
1885	12000	Compass	0	IT63	0	255
7591	12001	Rod of Identification	0	IT47	0	255
10478	12002	Wand of Frost Bolts	0	IT47	0	255
8402	12003	Sheet Metal	0	IT63	0	255
8874	12004	Small Gorget Mold	0	IT63	0	255
8793	12005	Small Bracer Sectional Mold	0	IT63	0	255
4090	12006	Gorget Mold	0	IT63	0	255
1178	12007	Bracer Sectional Mold	0	IT63	0	255
5501	12008	Large Boot Mold	0	IT63	0	255
5588	12009	Large Gorget Mold	0	IT63	0	255
5505	12010	Large Bracer Sectional Mold	0	IT63	0	255
3276	12011	File	0	IT63	0	255
3277	12012	File Mold	0	IT63	0	255
5473	12013	Lantern Casing Mold	0	IT63	0	255
5912	12014	Lockpick Mold	0	IT63	0	255
549	12015	Barbarian Cookie Mold	0	IT63	0	255
3920	12016	Gnome Cookie Mold	0	IT63	0	255
10035	12017	Troll Cookie Mold	0	IT63	0	255
328	12018	Animal Cookie Mold	0	IT63	0	255
6453	12019	Needle Mold	0	IT63	0	255
6377	12020	Muffin Tin Mold	0	IT63	0	255
6939	12021	Pie Tin Mold	0	IT63	0	255
1447	12022	Cake Round Mold	0	IT63	0	255
8703	12023	Skewer Mold	0	IT63	0	255
7069	12024	Pot Mold	0	IT63	0	255
1221	12025	Bread Tin Mold	0	IT63	0	255
8099	12026	Scaler Mold	0	IT63	0	255
4467	12027	Hinge Mold	0	IT63	0	255
8790	12028	Small Boot Mold	0	IT63	0	255
8876	12029	Small Helm Mold	0	IT63	0	255
8904	12030	Small Mask Mold	0	IT63	0	255
8903	12031	Small Mantle Sectional Mold	0	IT63	0	255
8841	12032	Small Cloak Sectional Mold	0	IT63	0	255
8782	12033	Small Belt Sectional Mold	0	IT63	0	255
8994	12034	Small Sleeves Sectional Mold	0	IT63	0	255
8899	12035	Small Leggings Sectional Mold	0	IT63	0	255
2595	12036	Dual-Edged Blade Mold	0	IT63	0	255
4401	12037	Heavy Steel Blade Mold	0	IT63	0	255
4413	12038	Helm Mold	0	IT63	0	255
6075	12039	Mask Mold	0	IT63	0	255
6053	12040	Mantle Sectional Mold	0	IT63	0	255
1717	12041	Cloak Sectional Mold	0	IT63	0	255
664	12042	Belt Sectional Mold	0	IT63	0	255
8745	12043	Sleeves Sectional Mold	0	IT63	0	255
5794	12044	Leggings Sectional Mold	0	IT63	0	255
9230	12045	Spiked Ball Mold	0	IT63	0	255
4465	12046	Hilt Mold	0	IT63	0	255
5590	12047	Large Helm Mold	0	IT63	0	255
5617	12048	Large Mask Mold	0	IT63	0	255
5616	12049	Large Mantle Sectional Mold	0	IT63	0	255
5551	12050	Large Cloak Sectional Mold	0	IT63	0	255
5496	12051	Large Belt Sectional Mold	0	IT63	0	255
5702	12052	Large Sleeves Sectional Mold	0	IT63	0	255
5613	12053	Large Leggings Sectional Mold	0	IT63	0	255
8386	12056	Sharpening Stone	0	IT63	0	255
9813	12057	Thimble Mold	0	IT63	0	255
9052	12058	Smoker Base Mold	0	IT63	0	255
9057	12058	Smoker Base Mold	0	IT63	0	255
9360	12059	Standing Legs Mold	0	IT63	0	255
7064	12060	Pommel Mold	0	IT63	0	255
8855	12061	Small Container Base Mold	0	IT63	0	255
1900	12062	Container Base Mold	0	IT63	0	255
5565	12063	Large Container Base Mold	0	IT63	0	255
8900	12064	Small Mail Sectional Mold	0	IT63	0	255
5994	12065	Mail Sectional Mold	0	IT63	0	255
5615	12066	Large Mail Sectional Mold	0	IT63	0	255
9059	12067	Smoker Support Mold	0	IT63	0	255
8856	12068	Small Container Lid Mold	0	IT63	0	255
1901	12069	Container Lid Mold	0	IT63	0	255
5566	12070	Large Container Lid Mold	0	IT63	0	255
1103	12071	Boot Mold	0	IT63	0	255
9473	12072	Studs	0	IT63	0	255
9373	12073	Steel Boning	0	IT63	0	255
3469	12075	Folded Sheet Metal	0	IT63	0	255
5303	12076	Karana's Tear	0	IT63	0	255
9932	12077	Toolbox Mold	0	IT63	0	255
5937	12084	Low Quality Cat Pelt	0	IT63	0	255
6155	12085	Medium Quality Cat Pelt	0	IT63	0	255
4447	12086	High Quality Cat Pelt	0	IT63	0	255
8098	12090	Scaler	0	IT63	0	255
8873	12091	Small Gauntlet Mold	0	IT63	0	255
3699	12092	Gauntlet Mold	0	IT63	0	255
5587	12093	Large Gauntlet Mold	0	IT63	0	255
6959	12105	Pixie Dust	0	IT63	0	255
3202	12106	Fairy Dust	0	IT63	0	255
3201	12107	Fairy Drake Dust	0	IT63	0	255
6720	12108	Orc Hatchet	0	IT3	0	0
7116	12109	Pouch of Pixie Dust	0	IT63	4278190080	255
2698	12111	Dwarven Wire	0	IT63	0	255
6772	12112	Pack of Materials	0	IT63	0	255
6214	12113	Micro Servo	0	IT63	0	255
10086	12114	Tumpy Tonic	0	IT63	0	255
6773	12121	Pack of Meat	0	IT63	4278190080	255
8369	12126	Shark Bones	0	IT63	0	255
3648	12127	Full Potion of Marr	0	IT63	0	255
6817	12128	Part of Potion of Marr	0	IT63	0	255
4276	12131	Half of Potion of Marr	0	IT63	0	255
5753	12134	Last of Potion of Marr	0	IT63	0	255
2890	12135	Empty Potion of Marr	0	IT63	0	255
2647	12136	Dwarf Head	0	IT63	0	255
2650	12137	Dwarf Skull	0	IT63	0	255
7405	12139	Regurgitonic	0	IT63	0	255
798	12141	Black Wood Chip	0	IT63	0	255
4535	12142	Human Head	0	IT63	0	255
4268	12143	H.K. 102	0	IT63	0	255
9901	12144	Token of Bravery	0	IT63	0	255
4471	12147	Hog Key # 2	0	IT63	0	255
4279	12148	Halfling Head	0	IT63	0	255
7272	12153	Rage War Maul	0	IT49	0	4
453	12157	Aviak Chick Talon	0	IT63	0	255
458	12158	Aviak Talon	0	IT63	0	255
600	12160	Basilisk Tongue	0	IT63	0	255
6229	12161	Mining Pick 628	0	IT59	0	2
3938	12162	Gnome Take	0	IT63	4278190080	255
6225	12165	Miners Cap 628	2	IT63	0	10
6816	12166	Parrying Pick 628	0	IT59	0	255
9044	12168	Small Wooden Leg	0	IT63	0	255
3915	12169	Gnoll Paw	0	IT63	0	255
2176	12170	Crytil's Tongue	0	IT63	0	255
6069	12171	Margyl's Tongue	0	IT63	0	255
5325	12172	Keldyn's Tongue	0	IT63	0	255
7255	12173	Qued's Tongue	0	IT63	0	255
583	12174	Barma's Tongue	0	IT63	0	255
4257	12177	Gundl's Tongue	0	IT63	0	255
7610	12178	Rondo's Tongue	0	IT63	0	255
1106	12181	Boots of Brawn	2	IT63	3289650	10
3718	12184	Useless Token	0	IT63	0	255
5478	12185	Useless Token	0	IT63	0	255
4275	12186	Half Elf Head	0	IT63	4278190080	255
544	12187	Banded Orc Vest	2	IT63	3289650	10
6239	12188	Minotaur Hero Shackles	2	IT63	0	10
4436	12189	Hero Bracers	3	IT63	2647080	10
4529	12190	Huge Mushroom Head	0	IT63	0	255
151	12191	A Spore Mushroom	0	IT63	0	255
585	12194	Barnacle Breastplate	3	IT63	6396838	10
3548	12195	Fractured Femur	0	IT5	0	2
1368	12196	Bunker Cell #1	0	IT63	0	255
3900	12197	Glowing Sword Hilt	0	IT63	0	255
5883	12198	Lizardman Scout Fife	0	IT63	0	255
774	12199	Black Shadow Tunic	2	IT63	3289650	10
10036	12200	Troll Head	0	IT63	0	255
4311	12202	Happy Love Bracers	3	IT63	2647080	10
477	12204	Baby Joseph Sayer	0	IT63	0	255
4277	12207	Half of a Spell	0	IT63	4278190080	255
8259	12208	Servant's Staff	0	IT8	0	3
3872	12209	Gloves of the Gatecaller	2	IT63	3289650	10
4223	12211	Grobb Oven Mittens	1	IT63	0	10
5300	12212	Kaglari Mana Doll	0	IT67	0	255
9768	12213	The Baker	0	IT63	0	255
9771	12214	The Butcher	0	IT63	4278190080	255
9773	12215	The Captain	0	IT63	4278190080	255
9784	12216	The Minstrel	0	IT63	4278190080	255
6614	12217	Ogre Butcher Apron	1	IT63	0	10
8486	12218	Ship in a Bottle	0	IT63	0	255
10535	12219	Wax Candle	0	IT36	0	255
3119	12220	Everburn Candle	0	IT36	0	255
5862	12221	Lion Delight	0	IT63	0	255
10884	12223	Wrath Orc Wristbands	1	IT63	0	10
551	12225	Barbarian Head	0	IT63	4278190080	255
552	12225	Barbarian Head	0	IT63	4278190080	255
4282	12230	Halfling Pickles	0	IT63	0	255
4538	12231	Human Pickles	0	IT63	0	255
3925	12232	Gnome Pickles	0	IT63	0	255
6960	12233	Pixie Pickles	0	IT63	0	255
6723	12234	Orc Pickles	0	IT63	0	255
2830	12235	Elf Pickles	0	IT63	0	255
6797	12236	Paladin Pickles	0	IT63	0	255
6905	12237	Pestilence Scythe	0	IT39	0	1
6906	12237	Pestilence Scythe	0	IT39	0	1
215	12238	Aegis of Life	0	IT205	0	10
7119	12240	Pouch of Silver Dust	0	IT63	0	255
7341	12244	Raw Short Sword 4	0	IT1	0	0
2285	12245	Dark Elf Head	0	IT63	0	255
1161	12246	Box with Two Heads	0	IT63	4278190080	255
10936	12247	Xelha's Sparkler	0	IT46	4278190080	255
1528	12248	Catacomb Curls	0	IT63	0	10
806	12249	Blackburrow Braids	0	IT63	0	10
5951	12250	Lupine Locks	0	IT63	0	10
10216	12251	Ursa Tresses	0	IT63	0	10
10630	12252	Wild One Wig	0	IT63	0	10
6045	12254	Mane Attraction	0	IT63	0	10
7576	12256	Robe of the Lost Circle	16	IT63	3279370	10
3481	12257	Footman's Voulge	0	IT23	0	1
2318	12258	Dark Shield of Ebon	0	IT206	3289650	10
5778	12259	Leatherfoot Raider Skullcap	1	IT63	0	10
3672	12260	Fuzzlecutter Formula 5000	0	IT63	0	255
4462	12267	Highkeep Royal Suite	0	IT63	0	255
7513	12268	Ring of the Ancients	0	IT63	0	10
3367	12271	Fish Food	0	IT63	0	255
6221	12273	Militia Armory Token	0	IT63	0	255
1583	12274	Chalice of Conquest	0	IT63	0	255
3478	12275	Foot of Candlestick	0	IT63	0	255
9409	12276	Stem of Candlestick	0	IT63	0	255
1453	12277	Candle of Bravery	0	IT47	0	255
185	12278	Abandoned Orc Shovel	0	IT52	0	4
5372	12280	Klunga's Bracelet	0	IT63	0	255
1463	12281	Cape of Underfoot	0	IT63	4278190080	10
9110	12282	Soil of Underfoot	0	IT63	0	255
2368	12283	Decayed Helm	2	IT63	4785921	255
2379	12284	Decayed Visor	2	IT63	4785921	255
2366	12285	Decayed Breastplate	2	IT63	3289650	255
2367	12286	Decayed Chainmail	2	IT63	3289650	255
2378	12287	Decayed Right Vambrace	2	IT63	3289650	255
2373	12288	Decayed Left Vambrace	2	IT63	3289650	255
2375	12289	Decayed Right Bracer	2	IT63	4785921	255
2370	12290	Decayed Left Bracer	2	IT63	4785921	255
2376	12291	Decayed Right Gauntlet	3	IT63	4785921	255
2371	12292	Decayed Left Gauntlet	3	IT63	4785921	255
2377	12293	Decayed Right Legplate	2	IT63	3289650	255
2372	12294	Decayed Left Legplate	2	IT63	3289650	255
2374	12295	Decayed Right Boot	3	IT63	4785921	255
2369	12296	Decayed Left Boot	3	IT63	4785921	255
6166	12297	Melatite	0	IT63	0	255
6321	12298	Mold of Ro Helm	2		3289650	255
6318	12299	Mold of Ro Breastplate	2		3289650	255
6322	12300	Mold of Ro Vambrace	2	IT63	4281479730	255
6317	12301	Mold of Ro Bracer	2		3289650	255
6319	12302	Mold of Ro Gauntlets	2		3289650	255
6320	12303	Mold of Ro Greaves	2		3289650	255
6316	12304	Mold of Ro Boots	2		3289650	255
67	12305	A Bar of Ronium	2	IT63	3289650	255
6263	12306	Mistmoore Granite	2	IT63	3289650	255
2237	12308	Cyclops skull	2		3289650	255
2239	12308	Cyclops skull	2		3289650	255
91	12309	A Dark Cauldron	2		3289650	255
7624	12310	Rotten Shark Meat	0	IT63	0	255
2399	12311	Deepwater Goblin Net	0	IT63	0	255
112	12312	A Locket	0	IT63	0	255
6493	12313	A Nightfall Giant's Head	2		3289650	255
6454	12314	Needle of the Void	2	IT63	3289650	255
7290	12315	Rare Robe Pattern	2	IT63	3289650	255
1803	12316	Code of Zan Fi	2	IT27	3289650	255
9782	12317	The Idol	2	IT67	3289650	255
7338	12318	Raw Darkwater Piranha	0	IT63	4278190080	255
2878	12319	Emissary Head	0	IT63	0	255
1279	12320	Broken Bow Part A	0	IT63	3289650	255
1280	12321	Broken Bow Part B	0	IT63	3289650	255
417	12322	Arrow of Recognition	0	IT10	0	255
407	12323	Arrow of Acknowledgment	0	IT10	0	255
410	12324	Arrow of Defiance	0	IT10	0	255
414	12325	Arrow of Gallantry	0	IT10	0	255
408	12326	Arrow of Bravery	0	IT10	0	255
412	12327	Arrow of Fortitude	0	IT10	0	255
1030	12329	Blue Orc Head	0	IT63	0	255
5812	12331	Lendel's Grand Lager	0	IT63	0	255
3477	12332	Fool's Gold Stein	0	IT56	0	3
7113	12333	Pouch of Gold Dust	0	IT63	0	255
171	12334	A Wooden Heart	0	IT63	0	255
1774	12335	A Clump of Gorilla Hair	0	IT63	0	255
1985	12336	A Crate of Tonic	0	IT63	0	255
9668	12337	A Tattered Toupee	0	IT63	0	255
5905	12338	A Lock of Hair	0	IT63	0	255
103	12339	A Glimmering Fairie Wing	0	IT63	0	255
3922	12340	Gnome Glow Rod	0	IT47	0	255
10215	12341	Unusual Tiger Pelt	0	IT63	4278190080	255
6878	12342	Peculiar Tiger Pelt	0	IT63	4278190080	255
9444	12343	Strange Tiger Pelt	0	IT63	0	255
10015	12344	Treant Fists	3	IT63	3279370	10
3735	12348	Gem of Stamina	0	IT63	0	255
147	12349	A Sparkling Sapphire	0	IT63	0	255
6587	12354	Oasis Water	0	IT63	0	255
1442	12355	Cactus Pie	0	IT63	0	255
3691	12356	Gator Gulp Ale	0	IT63	0	255
250	12357	Aloe Swatch	0	IT63	0	255
5946	12358	Lumberjack Pale Ale	0	IT63	0	255
1746	12359	Clockwork Oil Stout	0	IT63	0	255
10087	12360	Tunare's Finest	0	IT63	0	255
10180	12361	Underfoot Triple Bock	0	IT63	0	255
3616	12362	Frozen Toe Rum	0	IT63	0	255
9785	12363	The Oblong Bottle	0	IT63	0	255
968	12364	Blood Spirit	0	IT63	0	255
6489	12366	Never Stop Chopping	0	IT3	0	0
1867	12367	Collar of Neshika	0	IT63	4281479730	10
7200	12369	Puab's Token	0	IT63	0	255
1526	12372	Cat Skull Cap	0	IT63	0	10
7487	12374	Ribcage Chest Armor	0	IT63	0	10
4541	12375	Humerus Handled Mace	0	IT7	0	3
1152	12376	Box Full of Tiny Bones	0	IT63	0	255
10413	12377	Very Tiny Crumpled Skeleton	0	IT63	0	255
10524	12379	Watchman Boots	3	IT63	0	10
8049	12380	A Sarnak Whelp Head	0	IT63	0	255
5987	12382	Magically Locked Tome	0	IT27	0	255
9445	12384	Strange Writing on a Bookmark	0	IT63	0	255
4689	12385	Illweed Parchment	0	IT63	4278190080	255
9852	12388	Ticket Stub	0	IT63	0	255
95	12394	A Dusty Sealed Canopic	0	IT63	0	255
7146	12396	A Preserved Eye	0	IT63	0	255
7145	12397	A Preserved Eye	0	IT63	0	255
2582	12399	A Dried Tongue	0	IT63	0	255
104	12401	A Glowing Skull	0	IT63	0	255
3628	12403	Full Component Mortar	0	IT63	0	255
6368	12404	Mud Crabs	0	IT63	0	255
8906	12405	Small Mosquito Wing	0	IT63	0	255
2209	12406	Cursed Wafers	0	IT63	0	255
2565	12407	Drape of the Brood	16	IT63	8192080	10
8030	12408	Sarnak Hatchling Brain	0	IT63	0	255
8040	12409	Sarnak Raider Brain	0	IT63	0	255
2853	12410	Embalming Fluid	0	IT63	0	255
9971	12412	Torn Tapestry	0	IT63	0	255
7541	12413	Ripped Tapestry	0	IT63	0	255
450	12414	Autopsy Apron	0	IT63	0	10
9535	12415	Surgical Cleaver	0	IT9	0	0
9536	12416	Surgical Saw	0	IT41	0	0
7683	12418	Rubbing Alcohol	0	IT63	0	255
3633	12421	Full Fern Flower Pouch	0	IT63	4278190080	255
3245	12422	Fern Flower	0	IT63	4278190080	255
8711	12425	Skipping Stone	0	IT5	0	7
7942	12426	Sabertooth Cub Canine	0	IT63	0	255
3634	12427	Full First Rite Pack	0	IT63	0	255
4643	12428	Iksar Bandit Mask	0	IT63	0	10
320	12429	Ancient Thin Flute	0	IT6	0	255
3560	12431	Froglok Bounder Javelin	0	IT16	0	2
3972	12432	Goblin Hunter Javelin	0	IT16	0	2
6911	12434	Petrified Redwood	0	IT63	0	255
8230	12438	Sentinel Creot's Head	0	IT63	0	255
3572	12439	Froglok Tad Tongue	0	IT63	0	255
10522	12441	Watcher Signal Torch	0	IT36	0	255
1071	12442	Bone Granite Powder	0	IT63	0	255
5418	12443	Kromdul Toothpick	0	IT10100	4278190080	2
8269	12444	Sewer Catfish	0	IT63	0	255
8526	12446	Shrub Lettuce	0	IT63	0	255
4500	12447	Honey Mush Bread	0	IT63	0	255
3476	12448	Foobscale Coif	2	IT63	4785921	10
5417	12459	Kromdul Carrot	0	IT63	0	255
9769	12460	The Book of Knowledge	0	IT10645	4278190080	255
9774	12461	The Code of Combat	0	IT27	0	255
5796	12463	Legion Lager	0	IT63	0	255
2357	12464	Deadbone Barley	0	IT63	0	255
588	12465	Barracuda Tooth	0	IT63	0	255
5924	12466	Loose Scale	0	IT63	0	255
8408	12467	Shestar's Scaled Coif	7	IT63	0	10
8409	12468	Shestar's Unfinished Coif	1	IT63	0	255
5177	12470	Iron Rod	0	IT63	0	255
9384	12471	Steel Rod	0	IT63	0	255
7340	12473	A Raw Pike Head	0	IT63	0	255
6041	12474	A Mancatcher Crown	0	IT63	0	255
7271	12483	Radiant Meteorite	0	IT63	0	255
6255	12492	Misscribed Lifetap	0	IT63	0	255
6254	12493	Misscribed Gate	0	IT63	0	255
8138	12494	Scroll in a Bottle	0	IT63	0	255
1585	12496	Chalp Diagram	0	IT63	0	255
4366	12497	Head of a Halfling Spy	0	IT63	0	255
9549	12498	Swiftmoon's Head	0	IT63	0	255
10461	12499	Voucher of Service to Naythox	0	IT63	0	255
10476	12500	Wand of Conflagration	0	IT47	0	255
9839	12501	Thulian Wand	0	IT47	0	255
10486	12502	Wand of Swords	0	IT47	0	255
10480	12503	Wand of Lava	0	IT47	0	255
10484	12504	Wand of Souls	0	IT47	0	255
10477	12505	Wand of Darkness	0	IT47	0	255
10485	12506	Wand of Swiftness	0	IT47	0	255
10475	12507	Wand of Allure	0	IT47	0	255
8758	12508	Slowstone Amber	0	IT63	0	255
4646	12511	Iksar Dakoit Head	0	IT63	0	255
5746	12513	Larik Z`Vole's Head	0	IT63	0	255
9730	12514	Teir`Dal Courier's Head	0	IT63	0	255
8213	12546	Section of a Draconic Tome	0	IT63	0	255
7079	12555	Potion of Draconic Rage	0	IT63	0	255
6710	12558	Orb of Draconic Energy	0	IT210	0	255
7238	12607	Purified Water	0	IT63	0	255
1429	12609	Cabilis Pale Ale	0	IT63	0	255
4161	12610	Green Death Rum	0	IT63	0	255
2728	12611	Earthworm Munch	0	IT63	0	255
647	12612	Beetle Bake	0	IT63	0	255
2579	12614	Dried Froglok Leg	0	IT63	0	255
3408	12616	Flask of Bloodwater	0	IT63	0	255
847	12617	Bladder of Lizard Milk	0	IT63	0	255
10421	12619	Vial of Datura Ink	0	IT63	0	255
6028	12621	Mammoth Hide Parchment	0	IT63	0	255
5870	12622	List of Qeynos Most Wanted	0	IT63	0	255
6047	12631	Maneater Plant Salve	0	IT63	0	255
6345	12632	Moss Root	0	IT63	0	255
5830	12633	Lichenclover	0	IT63	0	255
3583	12634	Frost Crystal	0	IT63	0	255
9296	12635	Sponge Mushroom	0	IT63	0	255
9129	12638	Sop Bark	0	IT63	0	255
2578	12640	Drench Flower	0	IT63	0	255
8124	12647	Scorpion Meat	0	IT63	0	255
8125	12650	Scorpion Pincer	0	IT15	0	255
8063	12654	Scaled Curskin	0	IT63	0	255
8097	12654	Scaled Curskin	0	IT63	0	255
3631	12655	Full Curskin Bag	0	IT63	0	255
3632	12655	Full Curskin Bag	0	IT63	0	255
8091	12656	Scaled Wolf Hide	0	IT63	0	255
3741	12657	Geozite Tool	0	IT63	0	255
3637	12658	Full Pincer Satchel	0	IT63	0	255
5694	12659	Large Scorpion Pincer	0	IT63	0	255
1395	12660	Busted Froglok Slave Shackles	0	IT63	0	255
3279	12661	Filled Slave Shackle Bag	0	IT63	4278190080	255
3627	12668	Full Charred Bone Box	0	IT63	4278190080	255
1604	12669	Charred Bone Shards	0	IT63	0	255
7945	12670	Sabertooth Kitten Canine	0	IT63	0	255
101	12671	A Giant Blood Sac	0	IT63	0	255
3981	12672	Goblin Scout Beads	0	IT63	0	10
2197	12674	Curscale Buckler	0	IT201	0	255
3562	12675	Froglok Escort Fife	0	IT63	0	255
711	12676	Bixie Berry Pie	0	IT63	0	255
4497	12678	Honey Berry Pie	0	IT63	0	255
6258	12679	Mist Myre Pudding	0	IT63	0	255
1444	12680	Cactus Tart	0	IT63	0	255
10565	12681	Whipped Hunkle Pear Pie	0	IT63	0	255
5828	12682	Lichen Clover Sweet Bread	0	IT63	0	255
6371	12683	Mudcomb Muffin	0	IT63	0	255
3649	12685	Full Pouch of Leech Husks	0	IT63	0	255
5782	12686	Leech Husk	0	IT63	0	255
9992	12687	Training Bag Husk	0	IT63	0	255
6326	12688	Monk Training Bag	0	IT63	0	255
6947	12689	Pile of Granite Pebbles	0	IT63	0	255
1806	12691	A Coin	0	IT63	0	255
2248	12692	Dagger Hilt	0	IT63	0	255
4665	12693	Iksar Skull with punctured cranium	0	IT63	0	255
1066	12694	Bone Chips	0	IT63	0	255
1067	12694	Bone Chips	0	IT63	0	255
8389	12696	Shattered Crusader Khukri	0	IT105	0	0
4661	12698	Iksar Skull	0	IT63	0	255
4540	12700	Human Skull	0	IT63	0	255
2831	12701	Elf Skull	0	IT63	0	255
4181	12706	Greenish Metal Shard	0	IT5	0	2
153	12708	A Stone Key	0	IT63	0	255
272	12709	An Iron Key	0	IT63	0	255
152	12710	A Steel Key	0	IT63	0	255
82	12711	A Bronze Key	0	IT63	0	255
77	12712	A Bone Key	0	IT63	0	255
78	12713	A Bone Necklace	0	IT63	0	10
1775	12714	A Coarse Iron Needle	0	IT63	0	255
4680	12715	Illegible Scroll	0	IT63	0	255
6339	12721	Morgl Skull	0	IT63	0	255
5917	12722	Logrin Skull	0	IT63	0	255
10538	12723	Waz Skull	0	IT63	0	255
8718	12724	Skull with I	0	IT63	0	255
8719	12725	Skull with II	0	IT63	0	255
5269	12726	Jawless Skull	0	IT63	0	255
113	12727	A Mandible	0	IT63	0	255
6181	12728	Mendglow Clay	0	IT63	0	255
4669	12729	An Iksar Witch Doll	0	IT67	0	255
4663	12730	Iksar Skull with an 'X'	0	IT63	0	255
4664	12730	Iksar Skull with an 'X'	0	IT63	0	255
9883	12732	Tiny Glowing Skull	0	IT63	0	255
98	12734	A Froglok Hex Doll	0	IT67	0	255
3625	12735	Full C.O.B.B. Chest	0	IT63	0	255
3626	12736	Full C.O.R.N. Chest	0	IT63	0	255
109	12737	A Koada'Dal Blood Doll	0	IT67	0	255
9736	12738	A Teir`Dal Sooth Doll	0	IT67	0	255
1274	12739	Brittle Iksar Skull	0	IT63	0	255
4662	12741	Iksar Skull Helm	1	IT63	0	10
2252	12742	Dai Nozok skull canopic	0	IT63	0	255
9930	12743	Ton Warrior Totem	0	IT67	0	255
6943	12745	Piece of Totem	0	IT63	0	255
7110	12753	Pouch of Dust	0	IT63	0	255
3358	12754	Firiona Drixie Dust	0	IT63	0	255
9426	12755	Stoneleer Emerald Plume	0	IT63	0	255
86	12756	A Chant Rock	0	IT63	0	255
8023	12761	Sarnak Dragoon Helm	2	IT63	0	10
9874	12763	Tink N' Babble Stein	0	IT56	0	3
3759	12765	Giant Hornet Egg	0	IT63	0	255
2510	12766	Drachling Silk	0	IT63	0	255
2868	12767	Emerald Orange	0	IT63	0	255
2870	12768	Emerald Palm Root	0	IT63	0	255
2876	12768	Emerald Palm Root	0	IT63	0	255
6062	12769	Mantrap Bud	0	IT63	0	255
3406	12771	Flarefire Seeds	0	IT63	0	255
4655	12772	Iksar Phalange	0	IT5	0	2
2048	12773	Crunchy Crawlers	0	IT63	0	255
7617	12774	Rose of Firiona	0	IT63	0	255
3578	12775	Frontier Stink Beetles	0	IT63	0	255
4015	12776	Gold Nugget	0	IT63	0	255
10528	12778	Water Reed	0	IT63	0	255
586	12779	Barracuda Bones	0	IT63	0	255
10286	12780	Vein Worm	0	IT63	0	255
6366	12784	Muckskipper Fish	0	IT63	0	255
4507	12785	Hopeless Willow Moss	0	IT63	0	255
6046	12786	Maneater Bud	0	IT63	0	255
1801	12787	Cockatrice Egg	0	IT63	0	255
10561	12789	Wet Clay	0	IT63	0	255
1962	12790	Cracked Shell	0	IT63	0	255
7991	12792	Sand Crabs	0	IT63	0	255
4262	12793	Gunthak Sea Shell	0	IT63	0	255
7492	12794	Rile's Sand Coin	0	IT63	0	255
4496	12795	Honey Berry	0	IT63	0	255
10004	12796	Trakanon Fern Root	0	IT63	0	255
4656	12797	Iksar Right Hand	0	IT63	0	255
4654	12798	Iksar Left Hand	0	IT63	0	255
9569	12800	Symbol of Marr	0	IT63	0	10
10017	12801	Treant Tear	0	IT63	0	10
9405	12802	Stein of Flowing Ichor	0	IT56	0	255
1166	12803	Bracelet of Distortion	0	IT63	0	255
1164	12804	Bracelet of Cessation	0	IT63	0	255
1167	12805	Bracelet of Exertion	0	IT63	0	255
1170	12806	Bracelet of Quiescence	0	IT63	0	255
4278	12807	Halfling Druid Master's Head	0	IT63	0	255
3127	12811	Excavator Claws	0	IT63	0	255
9970	12812	Torn Sash	0	IT63	0	255
3988	12813	Goblin Sparring Gloves	0	IT63	0	10
8388	12814	Shattered Choppers	0	IT63	0	255
3650	12815	Full Sack for Master	0	IT63	0	255
10668	12817	A Withered 3.1 Inch Finger	0	IT63	0	255
10669	12818	A Withered 3 Inch Finger	0	IT63	0	255
10667	12819	A Withered 2.5 Inch Finger	0	IT63	0	255
10670	12820	A Withered 4 Inch Finger	0	IT63	0	255
6133	12822	A Mechanical Iksar Tail	0	IT63	0	255
143	12826	A Skeleton Fist	0	IT63	0	255
8702	12826	A Skeleton Fist	0	IT63	0	255
9425	12827	Stoneglint Lime Plume	0	IT63	0	255
133	12830	A Scarlet Stone	0	IT63	0	255
9738	12831	Tektite	0	IT63	0	255
6971	12832	Plains Pebble	0	IT63	0	255
5221	12833	Jade Magma	0	IT63	0	255
4378	12834	Heart of Ice	0	IT63	0	255
10209	12835	Unholy Coldstone	0	IT63	0	255
6877	12836	A Pebble Filled Box	0	IT63	0	255
87	12837	A Copper Key	0	IT63	0	255
6490	12838	A Nickel Key	0	IT63	0	255
1912	12839	A Coppernickel Key	0	IT63	0	255
88	12844	A Cracked Femur	0	IT46	0	2
1994	12845	Creeper Cabbage	0	IT63	0	255
134	12846	A Scorpion Telson	0	IT46	0	2
3545	12850	Forsaken Pariah Mask	0	IT63	0	10
3121	12851	Evergreen Ivy Ringband	0	IT63	0	10
8787	12858	Small Black Tunic	3	IT63	3289650	10
8786	12859	Small Black Trousers	3	IT63	3289650	10
8785	12860	Small Black Sleeves	3	IT63	3289650	10
8784	12861	Small Black Gloves	3	IT63	3289650	10
10830	12863	Worker Sledgemallet	0	IT115	0	4
8788	12864	Small Black Wristbands	3	IT63	3289650	10
8783	12865	Small Black Boots	3	IT63	3289650	10
3467	12866	A Foil	0	IT20	0	2
2566	12867	Drape of the Seacasters	16	IT63	6396838	10
2406	12868	Defiled Drape of the Brood	16	IT63	8192080	10
10482	12869	Wand of Pain	0	IT46	0	255
5921	12870	Long Iron Rod	0	IT8	0	4
3736	12875	Gem of Yet to Come	0	IT63	0	255
8473	12876	Shiny Emerald	0	IT63	0	255
5276	12877	Jewel of Ganak	0	IT63	0	255
2512	12878	Drachnid Silk	0	IT63	0	255
3159	12881	Eye of RokGus	0	IT63	0	255
3314	12882	Fine Steel Ulak	0	IT91	0	0
10052	12883	Trooper Shield	0	IT216	0	255
3629	12885	Full Component Chest	0	IT63	4278190080	255
3425	12888	A Flaxen Lock of Hair	0	IT63	0	10
5732	12889	Large Tassel Bookmark	0	IT63	0	10
174	12890	A Yellow Whip	0	IT61	0	0
130	12896	A Ruby	0	IT63	0	255
1459	12897	Canyoneer Pike	0	IT92	0	2
131	12898	A Sapphire	0	IT63	0	255
270	12899	An Emerald	0	IT63	0	255
9810	12900	Thick Iksar Skull	0	IT63	0	255
3480	12901	Footman's Pike Head	0	IT63	0	255
9115	12902	Soldier's Pike Head	0	IT63	0	255
10042	12903	Trooper's Pike Head	0	IT63	0	255
5800	12904	Legionnaire's Mancatcher Crown	0	IT63	0	255
3995	12909	Goblin Warlord Warbeads	0	IT63	0	255
5431	12910	Krup Warrior Guard	0	IT201	0	255
9670	12911	Tattooed Sarnak Head	0	IT63	0	255
6067	12915	Marauder Snout Ring 'MM'	0	IT63	0	10
6066	12916	Marauder Snout Ring	0	IT63	0	10
5787	12917	Leech Husk Tunic	1	IT63	7237230	10
5785	12918	Leech Husk Leggings	1	IT63	7237230	10
5784	12919	Leech Husk Gloves	1	IT63	7237230	10
5788	12920	Leech Husk Wrist Bands	1	IT63	7237230	10
5783	12921	Leech Husk Boots	1	IT63	7237230	10
7380	12922	Red Headband (Kunark)	0	IT63	0	10
3953	12923	Goblin Bracer	2	IT63	3289650	10
3220	12924	Faydark Ringmail Coif	2	IT63	2647080	10
3221	12925	Faydark Ringmail Collar	0	IT63	2647080	10
3219	12926	Faydark Ringmail Coat	2	IT63	2647080	10
3223	12927	Faydark Ringmail Mantle	0	IT63	2647080	10
3225	12928	Faydark Ringmail Skirt	0	IT63	2647080	10
3226	12929	Faydark Ringmail Sleeves	2	IT63	2647080	10
3218	12930	Faydark Ringmail Bracer	2	IT63	2647080	10
3222	12931	Faydark Ringmail Gloves	2	IT63	2647080	10
3224	12932	Faydark Ringmail Pants	2	IT63	2647080	10
3217	12933	Faydark Ringmail Boots	2	IT63	2647080	10
6549	12940	Nostrolo Tambourine	0	IT137	0	255
11055	12941	Spell: Cannibalize II	0	IT63	4278190080	20
9443	12942	Strange Ochre Clay	0	IT63	0	255
4201	12943	Greyish Bone Chips	0	IT63	0	255
10965	12944	Yun Shaman Powder	0	IT63	0	255
2059	12945	Crushed Diamonds	0	IT63	0	255
2567	12946	Dread Diamond	0	IT63	0	255
9176	12947	Spectral Pestle	0	IT63	0	255
6530	12948	Nok Shaman Powder	0	IT63	0	255
7121	12948	Nok Shaman Powder	0	IT63	0	255
2528	12950	Dragon Scales	0	IT63	0	255
2529	12950	Dragon Scales	0	IT63	0	255
2302	12953	Dark Oak Shillelagh	0	IT126	0	4
160	12955	A Tump Stump	0	IT63	0	255
3980	12956	Goblin Plaguebeads	0	IT63	0	10
9449	12957	Strathbone Silk	0	IT63	0	255
6063	12960	Mantrap Root	0	IT63	0	255
1139	12965	Bottle of Swirling Smoke	0	IT63	0	255
7579	12970	Robe of the Whistling Fists	12	IT63	0	10
4237	12972	Guard of Ik	0	IT216	0	255
4259	12976	Gunthak Harpoon	0	IT132	4278190080	2
85	12977	A Canine	0	IT63	0	255
3830	12978	Glaive of Marltek	0	IT89	0	0
4238	12981	Guard of the Marines	0	IT216	0	255
132	12982	A Sarnak War Braid	0	IT61	0	0
8047	12982	A Sarnak War Braid	0	IT61	0	0
3881	12991	Glowing Blade	0	IT63	0	255
8991	12993	Small Sealed Bag	0	IT63	0	255
10288	12994	Veisha Fathomwalker's Head	0	IT63	0	255
111	12995	A Locked Chest	0	IT63	0	255
6914	12996	Phaeril Nightshire's Head	0	IT63	0	255
10287	12997	Veisha's Engagement Ring	0	IT63	4278190080	255
7608	12998	Rolled up Note	0	IT63	0	255
8177	12999	Seahorse Scales	0	IT63	0	255
4299	13000	Hand Drum	0	IT11501	0	255
10716	13001	Wooden Flute	0	IT6	0	255
9943	13002	Torch	0	IT36	0	255
8886	13003	Small Lantern	0	IT48	0	255
5599	13004	Large Lantern	0	IT48	0	255
5176	13005	Iron Ration	0	IT63	0	255
10527	13006	Water Flask	0	IT63	0	255
7308	13007	Ration	0	IT63	0	255
6129	13008	Mead	0	IT63	0	255
532	13009	Bandages	0	IT63	0	255
5913	13010	Lockpicks	0	IT63	0	255
5961	13011	Lute	0	IT11502	0	255
4511	13012	Horn	0	IT15	0	255
6043	13013	Mandolin	0	IT11502	0	255
6375	13014	Muffin	0	IT63	0	255
5888	13015	Loaf of Bread	0	IT63	0	255
5889	13015	Loaf of Bread	0	IT63	0	255
1135	13016	Bottle of Kalish	0	IT63	0	255
6131	13017	Meat Pie	0	IT63	0	255
8504	13018	Short Ale	0	IT63	0	255
3553	13019	Fresh Fish	0	IT63	0	255
3379	13020	Fishcakes	0	IT63	0	255
6460	13021	Neriak Nectar	0	IT63	0	255
7620	13022	Rotgrub Rye	0	IT63	0	255
710	13023	Bixie Berry Buns	0	IT63	0	255
9578	13024	Tagglefoot Tingle Drink	0	IT63	0	255
6845	13025	Patch of Gnoll Fur	0	IT63	0	255
7707	13026	Ruined Blackburrow Gnoll Pelt	0	IT63	0	255
808	13027	Blackburrow Gnoll Pelt	0	IT63	0	255
809	13028	Blackburrow Gnoll Skin	0	IT63	0	255
7390	13030	Red Wine	0	IT63	0	255
10618	13031	White Wine	0	IT63	0	255
8505	13032	Short Beer	0	IT63	0	255
4499	13033	Honey Mead	0	IT63	0	255
1210	13034	Brandy	0	IT63	0	255
2850	13035	Elven Wine	0	IT63	0	255
2651	13036	Dwarven Ale	0	IT63	0	255
3948	13037	Gnomish Spirits	0	IT63	0	255
6654	13038	Ogre Swill	0	IT63	0	255
237	13039	Ale	0	IT63	0	255
3375	13040	Fish Wine	0	IT63	0	255
9225	13041	Spider Silk	0	IT63	0	255
7038	13044	Pod of Water	0	IT63	0	255
686	13045	Berries	0	IT63	0	255
3620	13046	Fruit	0	IT63	0	255
7613	13047	Roots	0	IT63	0	255
7264	13048	Rabbit Meat	0	IT63	0	255
3768	13050	Giant Rat Ear	0	IT63	0	255
4265	13052	Gypsy Wine	0	IT63	0	255
1215	13053	Brass Ring	0	IT63	0	255
3769	13054	Giant Rat Pelt	0	IT63	0	255
3771	13055	Giant Rat Whiskers	0	IT63	0	255
5703	13057	Large Snake Rattle	0	IT63	0	255
3795	13058	Giant Snake Rattle	0	IT63	0	255
5704	13060	Large Snake Skin	0	IT63	0	255
3750	13061	Giant Bat Fur	0	IT63	0	255
3751	13062	Giant Bat Wing	0	IT63	0	255
6941	13063	A Piece of Parchment	0	IT63	0	255
6942	13064	A Piece of Rat Fur	0	IT63	0	255
7297	13065	Rat Foot	0	IT63	0	255
9067	13067	Snake Fang	0	IT63	0	255
605	13068	Bat Wing	0	IT63	0	255
603	13069	Bat Fur	0	IT63	0	255
9071	13070	Snake Scales	0	IT63	0	255
7305	13071	Rat Whiskers	0	IT63	0	255
7296	13072	Rat Ears	0	IT63	0	255
10981	13074	Zombie Skin	0	IT63	0	255
4433	13075	Shark Skin	0	IT63	0	255
8374	13075	Shark Skin	0	IT63	0	255
3374	13076	Fish Scales	0	IT63	0	255
6240	13077	Minotaur Horn	0	IT15	0	255
9487	13078	Summoned: Black Bread	0	IT63	0	255
9496	13079	Summoned: Globe of Water	0	IT63	0	255
9486	13081	Summoned: Bandages	0	IT63	0	255
6260	13082	Mistletoe	0	IT63	0	255
6382	13084	Mullet	0	IT63	0	255
1672	13085	Chunk of Meat	0	IT63	0	255
1138	13087	Bottle of Milk	0	IT63	0	255
9065	13088	Snake Egg	0	IT63	0	255
2179	13089	Cup of Flour	0	IT63	0	255
1773	13090	Clump of Dough	0	IT63	0	255
9229	13099	Spiderling Silk	0	IT63	0	255
3383	13100	Fishing Pole	0	IT38	0	255
3381	13101	Fishing Bait	0	IT63	0	255
1529	13102	Catch-A-Lot Bait	0	IT63	0	255
3382	13106	Fishing Grubs	0	IT63	0	255
726	13107	Black Burrow Stout	0	IT63	0	255
9677	13108	Tearon's Bracer	3	IT63	0	255
7672	13109	Royal Amulet of Thex	0	IT63	0	255
1019	13110	Bloody Shank	0	IT5	0	2
10654	13116	Winds of Karana sheet 1	0	IT63	0	255
10655	13116	Winds of Karana sheet 1	0	IT63	0	255
3054	13118	Erud's Tonic	0	IT63	0	255
2649	13120	Dwarf Pickles	0	IT63	0	255
5133	13121	Innoruuk's Kiss of Death	0	IT63	0	255
5449	13123	Label of Erud's Tonic	0	IT63	4278190080	255
1674	13124	Chunk of Ogre Flesh	0	IT63	0	255
10276	13126	Vasty Deep Ale	0	IT63	0	255
10277	13126	Vasty Deep Ale	0	IT63	0	255
1083	13127	Bones	0	IT63	0	255
4546	13129	Hurrieta's Tunic	0	IT63	0	255
1956	13132	Cracked Giant Scarab Carapace	0	IT63	0	255
7190	13133	Pristine Giant Scarab Carapace	0	IT63	0	255
4545	13134	Hurrieta's Bloody Dress	0	IT63	0	255
8695	13135	A Size 4 Sprocket	0	IT63	0	255
8697	13136	A Size 5 Sprocket	0	IT63	0	255
8699	13137	A Size 6 Sprocket	0	IT63	0	255
8694	13138	A Size 4 Gizmo	0	IT63	0	255
8696	13139	A Size 5 Gizmo	0	IT63	0	255
8698	13140	A Size 6 Gizmo	0	IT63	0	255
10521	13141	Wasp Wing	0	IT63	0	255
6962	13142	Pixie Wing	0	IT63	0	255
3197	13143	Faerie Wing	0	IT63	0	255
7673	13145	Royal Jelly	0	IT63	0	255
3250	13150	Fetid Skin	0	IT63	0	255
2848	13155	Elven Trail Mix	0	IT63	0	255
7362	13158	Rebby's Rat Whiskers	0	IT63	0	255
1284	13159	Broken Heirloom Necklace	0	IT63	0	255
457	13160	Aviak Feathers	0	IT63	0	255
3906	13161	Gnawfang's Pelt	0	IT63	0	255
3907	13162	Gnawfang's Tooth	0	IT63	0	255
398	13163	Armadillo Hide	0	IT63	0	255
596	13164	Basilisk Egg	0	IT63	0	255
4355	13165	Head of Ghanex Drah	0	IT63	0	255
2277	13166	Dareb's Skull	0	IT63	0	255
4361	13167	Head of Shen	0	IT63	0	255
8716	13168	Skull of Jhen`Tra	0	IT67	0	255
2251	13169	Dagger of Marnek	0	IT5	0	2
3352	13170	Firepride's Tax Payment	0	IT63	0	255
8214	13171	Sedder's Tax Payment	0	IT63	0	255
3675	13172	Galliway's Tax Payment	0	IT63	0	255
9598	13173	Tallaherd's Tax Payment	0	IT63	0	255
8057	13174	Sayer's Tax Payment	0	IT63	0	255
8218	13175	Semhart's Tax Payment	0	IT63	0	255
4544	13176	Huntlan's Tax Payment	0	IT63	0	255
7604	13177	Rohand's Tax Payment	0	IT63	0	255
7282	13178	Ranamer's Tax Payment	0	IT63	0	255
9637	13179	Tassen's Tax Payment	0	IT63	0	255
3161	13180	Eye of Shadow	0	IT63	0	255
530	13184	Band of Tunare	0	IT63	0	10
7503	13185	Ring of Pine	0	IT63	0	10
3573	13186	Froglok Tadpole Eye	0	IT63	0	255
3574	13187	Froglok Tadpole Flesh	0	IT63	0	255
4063	13188	Golden Locket	0	IT63	0	255
10172	13191	Uncooked Rat Ear Pie	0	IT63	0	255
7293	13192	Rat Ear Pie	0	IT63	0	255
497	13194	Baking Spirits	0	IT63	0	255
8578	13195	Silver Cylinder	0	IT63	0	255
8133	13198	Scrap Metal	0	IT63	0	255
800	13218	Blackbox Fragment	0	IT63	0	255
1357	13219	Bull Smasher	0	IT14	0	3
5157	13220	Iony's Absorber	0	IT72	0	255
7894	13226	Runner Pouch	0	IT63	0	255
738	13227	Black Heart	0	IT63	0	255
9387	13229	Steel Warrior Bracer	1	IT63	0	10
5240	13230	Jaggedpine Crook	0	IT8	0	3
1141	13231	Bottom of Broken Staff	0	IT8	0	255
9936	13232	Top of Broken Staff	0	IT8	0	255
4305	13234	Hand of Shadow	0	IT63	0	255
10488	13236	Wand of the Burning Dead	0	IT72	4278190080	255
842	13237	Blackened Wand	0	IT46	0	255
840	13238	Blackened Sapphire	0	IT72	0	255
165	13239	A Werebat Wing	0	IT63	0	255
3336	13250	Fire Beetle Leg	0	IT63	0	255
3755	13251	Giant Fire Beetle Eye	0	IT63	0	255
3756	13252	Giant Fire Beetle Leg	0	IT63	0	255
9227	13253	Spiderling Eye	0	IT63	0	255
9228	13254	Spiderling Legs	0	IT63	0	255
3790	13255	Giant Scarab Eye	0	IT63	0	255
3791	13256	Giant Scarab Legs	0	IT63	0	255
3799	13257	Giant Wasp Eye	0	IT63	0	255
3802	13259	Giant Wasp Wing	0	IT63	0	255
3801	13260	Giant Wasp Venom Sac	0	IT63	0	255
3789	13262	Giant Scarab Egg Sack	0	IT63	0	255
5107	13270	Infected Rat Livers	0	IT63	0	255
224	13271	Air Tight Box	0	IT63	0	255
1397	13278	Butcher Knife	0	IT5	0	2
1163	13280	Bracelet of Beetlekind	1	IT63	0	10
8567	13281	Silver Bracelet	1	IT63	0	10
6729	13287	Order of Thunder	0	IT63	0	10
6730	13287	Order of Thunder	0	IT63	0	10
7138	13296	Prayer Beads	0	IT63	0	255
528	13297	Band of Rodcet Nife	0	IT63	0	255
7247	13298	Putrid Bear Hide	0	IT63	0	255
6713	13300	Orb of Slime	0	IT72	0	255
7304	13301	Rat Shaped Ring	0	IT63	0	255
6333	13302	Monogrammed cloth	0	IT63	0	255
4235	13303	Guard Bracelet	2	IT63	0	10
6138	13305	Medal of Merit	0	IT63	0	255
9575	13306	T.O.L. 2020	0	IT63	0	255
3912	13309	Gnoll Head	0	IT63	0	255
1955	13310	A Cracked Flute	0	IT63	0	255
5151	13311	Intestine Necklace	0	IT63	0	255
991	13314	Bloodforge Hammer	0	IT24	0	4
6616	13316	Ogre Head	0	IT63	0	255
2053	13318	Crushbone Belt	0	IT63	0	10
2054	13319	Crushbone Shoulderpads	0	IT63	0	10
3162	13321	Eye of Stormhammer	0	IT63	4278190080	255
2872	13322	Emerald Shard	0	IT63	0	255
2380	13325	Decaying Heart	0	IT63	0	255
7544	13334	Rivervale Trout	0	IT63	0	255
6954	13336	Pirate's Earring	0	IT63	0	255
1194	13337	Bracers of Erollisi	1	IT63	0	10
7239	13338	Purity Belt	0	IT63	0	10
456	13339	Aviak Feather	0	IT63	0	255
1892	13342	Conch Shell	0	IT63	0	255
3196	13345	Faerie Princess Wing	0	IT63	0	255
2607	13347	Dull Pearl Necklace	0	IT63	0	255
162	13351	A Very Large Pelt	0	IT63	0	255
10411	13351	A Very Large Pelt	0	IT63	0	255
8549	13352	Silk Evening Tunic	0	IT63	0	10
9801	13353	Thex Dagger	0	IT5	0	2
5882	13354	Lizard Tail	0	IT63	0	255
90	13355	A Crude Stein	0	IT56	0	255
6612	13356	Ogre Arm	0	IT63	0	255
89	13357	A Cracked Stein	0	IT63	0	255
3697	13359	Gatorsmash Maul	0	IT49	0	4
7622	13360	Rotted Illegible Scroll	0	IT63	0	255
118	13361	A Noble's Crest	0	IT63	0	255
4534	13364	Human Flesh	0	IT63	0	255
4443	13365	High Elf Flesh	0	IT63	0	255
6395	13367	Mystic Doll	0	IT67	0	255
4269	13368	HEHE Meat	0	IT63	0	255
3557	13369	Frog Eye Necklace	0	IT63	0	255
4508	13371	Hopper Spear	0	IT10613	4278190080	2
3564	13372	Froglok Eye	0	IT63	0	255
3567	13373	Froglok Leg	0	IT63	0	255
3569	13374	Froglok Poison Gland	0	IT63	0	255
581	13379	Barkeep Compendium	0	IT63	0	255
3403	13381	Flaming Clurg	0	IT63	0	255
3404	13382	Flaming Pungla	0	IT63	0	255
5396	13383	Koalindl Fish	0	IT63	0	255
7149	13384	Preserved Leg	0	IT63	0	255
6641	13385	Ogre Meat Cleaver	0	IT9	0	0
6615	13386	Ogre Butcher Gloves	1	IT63	0	10
9757	13387	Tergon's Spellbook	0	IT63	0	255
9733	13388	Teir`Dal Head	0	IT63	0	255
1155	13389	Box of Beetle Eyes	0	IT63	0	255
9802	13390	Thex Mallet	0	IT14	0	3
6020	13391	Mallet Hilt	0	IT63	0	255
6019	13392	Mallet Head	0	IT63	0	255
7516	13393	Ring of the Dead	0	IT63	4278190080	255
648	13395	Beetle Eye Chest	0	IT63	4278190080	255
782	13400	Black Tome with Silver Runes	0	IT27	0	255
6040	13401	Manastone	0	IT72	0	255
4092	13402	Gorgon Feather Quill	0	IT63	0	255
10705	13403	Wolf Meat	0	IT63	0	255
629	13404	Bear Meat	0	IT63	0	255
5863	13405	Lion Meat	0	IT63	0	255
3692	13406	Gator Meat	0	IT63	0	255
6029	13407	Mammoth Meat	0	IT63	0	255
7301	13408	Rat Meat	0	IT63	0	255
3568	13409	Froglok Meat	0	IT63	0	255
5881	13410	Lizard Meat	0	IT63	0	255
9069	13412	Snake Meat	0	IT63	0	255
10037	13413	Troll Parts	0	IT63	0	255
2648	13414	Dwarf Meat	0	IT63	0	255
4444	13415	High Elf Parts	0	IT63	0	255
4281	13416	Halfling Parts	0	IT63	0	255
9224	13417	Spider Legs	0	IT63	0	255
3924	13418	Gnome Meat	0	IT63	0	255
10283	13419	Vegetables	0	IT63	0	255
8371	13420	Shark Meat	0	IT63	0	255
10711	13421	Wood Elf Parts	0	IT63	0	255
2286	13422	Dark Elf Parts	0	IT63	0	255
5401	13424	Kobold Hide	0	IT63	0	255
9216	13425	Spices	0	IT63	0	255
3688	13426	Garnish	0	IT63	0	255
5294	13427	Jug of Sauces	0	IT63	0	255
10446	13428	Vinegar	0	IT63	0	255
3597	13429	Frosting	0	IT63	0	255
8704	13430	Skewers	0	IT63	0	255
9056	13431	Smoker	0	IT63	0	255
7068	13432	Pot	0	IT63	0	255
558	13433	Barbarian Shaped Cookie Cutter	0	IT63	0	255
3927	13434	Gnome Shaped Cookie Cutter	0	IT63	0	255
10039	13435	Troll Shaped Cookie Cutter	0	IT63	0	255
331	13436	Animal Shaped Cookie Cutter	0	IT63	0	255
6376	13437	Muffin Tin	0	IT63	0	255
6938	13438	Pie Tin	0	IT63	0	255
1446	13439	Cake Round	0	IT63	0	255
1220	13440	Bread Tin	0	IT63	0	255
10707	13441	Wolf Steaks	0	IT63	0	255
634	13442	Bear Steaks	0	IT63	0	255
5865	13443	Lion Steaks	0	IT63	0	255
3694	13444	Gator Steaks	0	IT63	0	255
6032	13445	Mammoth Steaks	0	IT63	0	255
645	13446	Beer Braised Wolf	0	IT63	0	255
640	13447	Beer Braised Bear	0	IT63	0	255
643	13448	Beer Braised Mammoth	0	IT63	0	255
644	13449	Beer Braised Rat	0	IT63	0	255
641	13450	Beer Braised Gator	0	IT63	0	255
642	13451	Beer Braised Lion	0	IT63	0	255
6928	13452	Pickled Froglok	0	IT63	0	255
6931	13453	Pickled Lizard	0	IT63	0	255
6930	13454	Pickled Gator	0	IT63	0	255
6924	13455	Pickled Bixie	0	IT63	0	255
6933	13456	Pickled Troll	0	IT63	0	255
8370	13457	Shark Fillet	0	IT63	0	255
8376	13457	Shark Fillet	0	IT63	0	255
2645	13458	Dwarf Chops	0	IT63	0	255
841	13459	Blackened Teir'Dal	0	IT63	0	255
2849	13460	Elven Veal	0	IT63	0	255
4514	13461	Hot-N-Spicy Toelings	0	IT63	0	255
618	13462	Batwing Crunchies	0	IT63	0	255
10723	13463	Wooly Spider Crunchies	0	IT63	0	255
10727	13463	Wooly Spider Crunchies	0	IT63	0	255
712	13464	Bixie Crunchies	0	IT63	0	255
5879	13465	Lizard-on-a-Stick	0	IT63	0	255
3923	13466	Gnome Kabobs	0	IT63	0	255
7300	13467	Rat Kabobs	0	IT63	0	255
3366	13468	Fish Fillets	0	IT63	0	255
9055	13469	Smoked Wood Elf	0	IT63	0	255
9054	13470	Smoked Shark	0	IT63	0	255
10706	13471	Wolf Sandwich	0	IT63	0	255
632	13472	Bear Sandwich	0	IT63	0	255
6031	13473	Mammoth Sandwich	0	IT63	0	255
7303	13474	Rat Sandwich	0	IT63	0	255
3373	13475	Fish Rolls	0	IT63	0	255
3693	13476	Gator Rolls	0	IT63	0	255
8373	13477	Shark Rolls	0	IT63	0	255
7294	13478	Rat Ear Sandwich	0	IT63	0	255
3370	13479	Fish Head Soup	0	IT63	0	255
10282	13480	Vegetable Soup	0	IT63	0	255
1904	13482	Cookies	0	IT63	0	255
557	13483	Barbarian Shaped Cookie	0	IT63	0	255
3926	13484	Gnome Shaped Cookie	0	IT63	0	255
10038	13485	Troll Shaped Cookie	0	IT63	0	255
330	13486	Animal Shaped Cookie	0	IT63	0	255
2178	13488	Cup Cakes	0	IT63	0	255
649	13490	Beetle Eye Pie	0	IT63	0	255
10280	13491	Vegetable Pie	0	IT63	0	255
7295	13492	Rat Ear Turnovers	0	IT63	0	255
687	13493	Berry Pie	0	IT63	0	255
3621	13494	Fruit Pie	0	IT63	0	255
7120	13495	Pound Cake	0	IT63	0	255
4515	13496	Hot Cross Buns	0	IT63	0	255
1452	13497	Candied Spider	0	IT63	0	255
2752	13498	Edible Goo	0	IT63	0	255
714	13499	Bixie Parts	0	IT63	0	255
3914	13500	Gnoll Hide Tome	0	IT27	0	255
2469	13504	Dirty Training Tunic*	0	IT63	0	10
6678	13505	Old Gray Tunic*	0	IT63	0	10
3180	13506	Faded Tunic*	0	IT63	0	10
9953	13507	Torn Cloth Tunic*	4	IT63	0	10
1035	13508	Blue Training Robe*	16	IT63	4600530	10
6370	13509	Mud Stained Tunic*	0	IT63	0	10
2580	13510	Dried Grass Tunic*	0	IT63	0	10
2643	13514	Dusty Tunic*	0	IT63	0	10
2461	13515	Dirt Stained Tunic*	0	IT63	0	10
7728	13516	Ruined Miner's Tunic*	0	IT63	0	10
2464	13522	Dirty Gold Felt Robe*	16	IT63	16768080	10
6369	13525	Mud Stained Skin Tunic*	0	IT63	0	10
2466	13526	Dirty Patched Fur Tunic*	0	IT63	0	10
4175	13527	Green Stained Skin Tunic*	0	IT63	0	10
6367	13528	Mud Covered Tunic	0	IT63	0	10
6679	13533	Old Green Tunic*	0	IT63	0	10
3176	13534	Faded Brown Tunic*	0	IT63	0	10
6684	13535	Old Worn Gray Tunic*	0	IT63	0	10
2465	13536	Dirty Green Tunic*	0	IT63	0	10
4178	13537	Green and Tan Tunic*	0	IT63	0	10
5297	13541	Jumjum Sack Tunic	0	IT63	0	10
3175	13542	Faded Blue Robe*	16	IT63	4600530	10
6680	13549	Old Patched Robe*	16	IT63	16768080	10
6682	13550	Old Used Robe*	16	IT63	7864340	10
2460	13551	Dirt Soiled Robe*	16	IT63	6574120	10
2322	13552	Dark Stained Purple Robe*	16	IT63	3937340	10
10623	13556	White and Blue Tunic*	0	IT63	0	10
6683	13560	Old Violet Robe*	16	IT63	7536730	10
9952	13570	Torn Brown Shirt*	4	IT63	0	10
1872	13571	Colorfully Patched Tunic*	0	IT63	0	10
9355	13584	Stained Red Robe*	16	IT63	8519730	10
2021	13585	Crimson Training Tunic*	0	IT63	0	10
2022	13585	Crimson Training Tunic*	0	IT63	0	10
783	13586	Black Training Tunic*	0	IT63	0	10
2323	13587	Dark Stained Training Robe*	16	IT63	4602950	10
2324	13587	Dark Stained Training Robe*	16	IT63	4602950	10
3178	13590	Faded Gold Training Tunic*	0	IT63	0	10
10218	13591	Used Gold Training Tunic*	0	IT63	0	10
9972	13593	Torn Training Robe*	16	IT63	1989180	10
9354	13595	Stained Purple Robe*	16	IT63	3937340	10
2468	13596	Dirty Purple Robe*	16	IT63	3937340	10
2303	13597	Dark Purple Robe*	16	IT63	3937340	10
7746	13598	Ruined Training Tunic*	0	IT63	0	10
619	13599	Batwing Pie	0	IT63	0	255
7243	13615	Purple Sr Apprentice Robe*	16	IT63	2621480	10
10448	13621	Violet Jr Apprentice Robe*	16	IT63	8192080	10
10449	13625	Violet Sr Apprentice Robe*	16	IT63	8847430	10
4128	13652	Gray Sr Apprentice Robe*	16	IT63	1971230	10
2288	13676	Dark Gold Sr Apprentice Robe*	16	IT63	3287040	10
1029	13681	Blue Jr Apprentice Robe*	16	IT63	5587435	10
1034	13682	Blue Sr Apprentice Robe*	16	IT63	6245375	10
2019	13692	Crimson Sr Apprentice Robe*	16	IT63	10490920	10
8219	13696	Senior Apprentice Robe*	16	IT63	3942420	10
9337	13697	Staff of the Abattoir Initiate	0	IT8	0	4
10715	13702	Wooden Fishing Tackle	0	IT63	0	255
495	13703	Bag of Troll Guts	0	IT63	0	255
93	13712	A Doll	0	IT63	0	255
9022	13713	A Small Tattered Dress	0	IT63	0	255
10558	13714	Werewolf Pelt	0	IT63	0	255
10557	13715	Werewolf Claws	0	IT63	0	255
5332	13716	Kerran Doll	0	IT63	0	255
7299	13717	Rat Head	0	IT63	0	255
9969	13718	Torn Parchment	0	IT63	0	255
4215	13719	Grilled Rat Ears	0	IT63	0	255
8418	13720	Shield of Nife	0	IT202	4278190080	255
7249	13722	Putrid Rib Bone	0	IT63	0	255
8720	13723	Skullcap of Rodcet Nife	0	IT63	4278190080	10
7111	13724	Pouch of Evidence	0	IT63	4278190080	255
269	13725	An Alligator Tooth	0	IT63	0	255
6688	13726	One Hand Pick	0	IT59	0	0
6815	13727	Parrying Pick	0	IT59	0	0
6860	13730	Paw of Opolla	0	IT67	0	255
1910	13733	Copper Ring (Ring of Opolla)	0	IT63	0	255
7023	13734	Platinum Ring	0	IT63	0	255
452	13737	Aviak Charm	0	IT63	0	255
2282	13742	Dark Circlet	0	IT63	0	10
3956	13743	Goblin Fire Totem	0	IT67	0	255
3969	13744	Goblin Frost Totem	0	IT67	0	255
10560	13746	Werewolf Talon	0	IT63	0	255
5337	13748	Kerran Toy	0	IT67	0	255
243	13749	Alligator Skin	0	IT63	0	255
5936	13750	Low Quality Bear Skin	0	IT63	0	255
6154	13751	Medium Quality Bear Skin	0	IT63	0	255
4445	13752	High Quality Bear Skin	0	IT63	0	255
5942	13753	Low Quality Wolf Skin	0	IT63	0	255
6165	13754	Medium Quality Wolf Skin	0	IT63	0	255
4460	13755	High Quality Wolf Skin	0	IT63	0	255
9809	13756	Thick Grizzly Bear Skin	0	IT63	0	255
7337	13770	Raw Bamboo	0	IT6	0	255
3453	13771	Flute Mouthpiece	0	IT6	0	255
10181	13772	Unfinished Brass Trumpet	0	IT15	0	255
10073	13773	Trumpet Valves	0	IT15	0	255
4512	13774	Horn Mouthpiece	0	IT15	0	255
10182	13775	Unfinished Lute Body	0	IT11502	0	255
10183	13776	Unfinished Lute Neck	0	IT11502	0	255
3286	13778	Fine Lute Tuners	0	IT11502	0	255
9961	13785	Torn Old Pouch	0	IT63	0	255
5692	13786	Large Ruby	0	IT63	0	255
5693	13786	Large Ruby	0	IT63	0	255
3917	13789	Gnoll Pup Scalp	0	IT63	0	255
5791	13790	Left Goblin Ear	0	IT63	0	255
6724	13791	Orc Scalp	0	IT63	0	255
3918	13792	Gnoll Scalp	0	IT63	0	255
9357	13793	Stald's Badge	0	IT63	0	255
2362	13794	Deathfist Pawn Scalp	0	IT63	0	255
5448	13814	L.S. Pouch	0	IT63	0	255
615	13815	Battle Staff	0	IT8	0	4
6864	13816	Peacekeeper Staff	0	IT8	0	3
1465	13817	Capt. Orlin's Spiced Ale	0	IT63	0	255
10718	13824	Wooden Shards	0	IT63	0	255
7036	13825	Poacher's Head	0	IT63	0	255
4671	13845	Illegible Cantrip	0	IT63	0	255
8101	13847	Scarab Eye	0	IT63	0	255
8102	13848	Scarab Legs	0	IT63	0	255
8100	13849	Scarab Carapace	0	IT63	0	255
3376	13862	Fish in a Jar	0	IT63	4278190080	255
5908	13863	A Locked Book	0	IT27	0	255
10720	13864	Wooden Statue	0	IT46	0	255
8380	13868	Sharkskin Shield	0	IT206	0	255
3554	13871	Fresh Piranha	0	IT63	0	255
7951	13873	Sack of Sharkskins	0	IT63	0	255
478	13874	Baby Shark Remains	0	IT63	0	255
492	13876	Bag of Shark Remains	0	IT63	0	255
6722	13885	Orc Pawn Pick	0	IT59	0	0
3991	13886	Goblin Supply Pouch	0	IT63	0	255
493	13889	Bag of Snake Parts	0	IT63	0	255
10222	13894	Useless Cloth Cap	0	IT63	0	255
487	13898	Bag of Ice Necklaces	0	IT63	0	255
5826	13899	Lianna's Flute	0	IT6	0	255
2736	13904	Ebon Lotus	0	IT63	0	255
5827	13905	Library of Erudin	0	IT63	0	255
1668	13906	Chrono Cyclone	0	IT63	0	255
2446	13907	Diamond Vale	0	IT63	0	255
1396	13908	Busted Prayer Beads	0	IT63	0	255
899	13910	Blessed Oil Flask	0	IT63	0	255
7137	13911	PrayerBeads	0	IT63	0	255
3909	13915	Gnoll Fang	0	IT5	0	255
2363	13917	Deathfist Shoulderpads	0	IT63	0	10
2262	13921	Damaged Militia Helm	3	IT63	0	255
9080	13922	Snapped Pole	0	IT46	0	255
6315	13923	Moggok's Right Eye	0	IT63	0	255
8740	13926	Slashed Militia Tunic	1	IT63	0	255
2236	13927	Cyclops Eye	0	IT63	0	255
6953	13929	Piranha Tooth	0	IT63	0	255
7896	13931	RunnyEye Warbeads	0	IT63	0	255
718	13934	Bixie Wing	0	IT63	0	255
9313	13935	Squad Ring	0	IT63	0	255
9314	13935	Squad Ring	0	IT63	0	255
5781	13941	Leatherfoot Skullcap	1	IT63	0	10
2546	13942	Dragoon Dirk	0	IT50	0	2
3550	13943	Freeport Stout	0	IT63	0	255
4461	13944	Highkeep Flask	0	IT63	0	255
1258	13947	Brilliant Sword of Faith	0	IT2	0	1
3445	13950	Fleshy Orb	0	IT63	0	255
4498	13952	Honey Jum	0	IT63	0	255
4501	13953	Honeycomb	0	IT63	0	255
7183	13954	Prime Healer Potion	0	IT63	0	255
5244	13966	Jar of Fungus	0	IT63	0	255
8387	13968	Shattered Caster Beads	0	IT63	0	255
1521	13969	Caster Beads	0	IT63	4278190080	255
5298	13973	Jumjum Stalk	0	IT64	0	255
5822	13976	Lettuce	0	IT64	0	255
1482	13977	Carrot	0	IT64	0	255
5296	13978	Jumjum Juice	0	IT63	0	255
10543	13980	Wee Harvester	0	IT52	0	4
5106	13983	Inert Potion	0	IT63	0	255
7700	13985	Ruby Pendant	0	IT63	0	255
5278	13987	Jeweled Skull	0	IT67	0	255
7949	13990	Sack of Hay	0	IT64	4278190080	255
9764	13991	Testament of Vanear	0	IT27	0	255
5331	13997	Kerra Isle Beetle Eye	0	IT63	0	255
715	14029	Bixie Stinger	0	IT5	0	255
716	14029	Bixie Stinger	0	IT5	0	2
681	14031	Belt of the River	0	IT63	0	10
128	14041	A Rolled Up Note	0	IT63	0	255
4256	14042	Guk Bracket Mildew	0	IT63	0	255
3198	14043	Faerix Spores	0	IT63	0	255
2407	14044	Degenerated Guk Weed	0	IT63	0	255
9254	14045	Spirit Tome	0	IT28	0	255
5108	14049	Inferno Blood	0	IT63	0	255
7466	14050	Retinal Deactivator	0	IT63	0	255
9235	14051	Spine Break	0	IT63	0	255
9123	14052	Solvent Gangrene	0	IT63	0	255
2416	14053	Delusional Swiftness	0	IT63	0	255
7283	14054	Rancid Wolfkiller	0	IT63	0	255
339	14055	Anti-Element	0	IT63	0	255
5974	14056	Maddening Sap	0	IT63	0	255
446	14057	Atrophic Sap	0	IT63	0	255
192	14058	Aching Blood	0	IT63	0	255
3166	14059	Eyeburn Solution	0	IT63	0	255
5359	14060	Kinetic Suppressant	0	IT63	0	255
5818	14061	Lethargic Bliss	0	IT63	0	255
1205	14062	Brain Freeze	0	IT63	0	255
5817	14063	Leprous Pus	0	IT63	0	255
7124	14064	Powdered Banality	0	IT63	0	255
1663	14065	Choking Asmag	0	IT63	0	255
5472	14066	Languid Lixt Wing	0	IT63	0	255
10935	14067	Xegony's Curse	0	IT63	0	255
1449	14068	Calcium Rot	0	IT63	0	255
638	14069	Beastchoker	0	IT63	0	255
1932	14070	Corrosive Solvent	0	IT63	0	255
2450	14071	Dilapidating Ash	0	IT63	0	255
10971	14072	Zek Frost	0	IT63	0	255
6325	14073	Monk's Hood Aconite	0	IT63	0	255
8328	14074	Shadowveil Hemlock	0	IT63	0	255
9411	14075	Stiffening Ergot	0	IT63	0	255
10454	14076	Visionistic Pain	0	IT63	0	255
6213	14077	Metallic Alkaloid	0	IT63	0	255
6770	14078	Pacifying Whisper	0	IT63	0	255
1979	14079	Cranial Cryofrost	0	IT63	0	255
10453	14080	Visceral Rot	0	IT63	0	255
256	14081	Amnesic Lolium	0	IT63	0	255
6812	14082	Paradoxical Peptide	0	IT63	0	255
2023	14083	Crippling Peptide	0	IT63	0	255
9754	14084	Temporal Rot	0	IT63	0	255
2234	14085	Cyclic Vertigo	0	IT63	0	255
1479	14086	Carnivore Mortis	0	IT63	0	255
194	14087	Acidic Dissolver	0	IT63	0	255
3071	14088	Essence of Rallos	0	IT63	0	255
9064	14089	Smoldering Cyanide	0	IT63	0	255
5169	14090	Iron Dimethyl	0	IT63	0	255
9264	14091	Spirit of Sloth	0	IT63	0	255
5981	14092	Mages Bane	0	IT63	0	255
9538	14093	Susceptible Essence	0	IT63	0	255
4513	14094	Horrendous Atrophy	0	IT63	0	255
9144	14095	Soul Burn	0	IT63	0	255
10515	14096	Warlords Rage	0	IT63	0	255
7443	14097	Rending Swiftness	0	IT63	0	255
6224	14098	Mind Melt	0	IT63	0	255
10123	14099	Twisting Disorientation	0	IT63	0	255
3556	14100	Fright Forged Helm	3	IT63	6558730	10
1602	14102	Charred Bone Chips	0	IT63	0	255
10435	14103	Vial of Tunare's Breath	0	IT63	0	255
6384	14105	Mundane Shield	0	IT63	4278190080	255
2568	14107	Dread Forged Shield	0	IT215	0	255
9758	14108	Terror Forged Mask	0	IT63	0	10
10628	14109	Widowmistress Hair	0	IT63	0	255
5815	14110	Lens of Lord Soptyvr	0	IT63	0	255
1207	14111	Brain of the Ishva Mal	0	IT63	0	255
7122	14112	Powder of Reanimation	0	IT63	0	255
4383	14113	Heart of the Pure Druid	0	IT63	0	255
4648	14119	Iksar Head	0	IT63	4278190080	255
5368	14144	Sealed Note	0	IT63	4278190080	255
8186	14144	Sealed Note	0	IT63	4278190080	255
10474	14160	Wand	0	IT46	4278190080	255
59	14195	5 Dose Potion of Lesser Vigor	0	IT63	0	255
58	14197	5 Dose Potion of Lesser Stability	0	IT63	0	255
245	14199	Allize Volew Medicine Bag	0	IT63	0	255
54	14253	5 Dose Minor Null Potion	0	IT63	0	255
61	14257	5 Dose Potion of Vigor	0	IT63	0	255
56	14258	5 Dose Potion of Cohesion	0	IT63	0	255
57	14265	5 Dose Potion of Cold	0	IT63	0	255
52	14268	5 Dose Greater Potion of Vigor	0	IT63	0	255
51	14275	5 Dose Greater Null Potion	0	IT63	0	255
49	14282	5 Dose Blood of the Wolf	0	IT63	0	255
65	14283	5 Dose Vial of Tamed Mercury	0	IT63	0	255
48	14284	5 Dose Ant's Potion	0	IT63	0	255
55	14289	5 Dose Potion of Aquatic Haunt	0	IT63	0	255
50	14290	5 Dose Ethira's Poison Antidote	0	IT63	0	255
60	14293	5 Dose Potion of Unlife Awareness	0	IT63	0	255
53	14296	5 Dose Kilva's Skin of Flame	0	IT63	0	255
47	14297	5 Dose Adrenaline Tap	0	IT63	0	255
63	14298	5 Dose Potion of the Frost	0	IT63	0	255
64	14299	5 Dose Potion of the Swamp	0	IT63	0	255
1134	14308	Bottle of Drake Breath	0	IT64	0	255
2025	14309	Crookstinger Poison	0	IT64	0	255
5880	14312	Lizard Blood Potion	0	IT63	0	255
4082	14313	Golem Metal Wand	0	IT63	0	255
4083	14313	Golem Metal Wand	0	IT63	0	255
8361	14314	Shard of Golem Stone	0	IT63	0	255
504	14315	Ball of Golem Clay	0	IT63	0	255
10728	14316	Wooly Spider Silk Net	0	IT63	0	255
4084	14319	Golem Sprocket	0	IT63	0	255
7948	14320	Sack of Cursed Hay	0	IT64	0	255
7952	14321	Sack of Writhing Hay	0	IT64	0	255
8470	14322	Shiny Brass Idol	0	IT67	0	255
10436	14323	Vial of Vampire Blood	0	IT64	0	255
977	14324	Blood of the Dhampyre	0	IT64	0	255
10089	14327	Tunareberry	0	IT63	0	255
1683	14328	Circle of Stones	0	IT63	0	255
7545	14330	Ro's Breath	0	IT63	0	255
1537	14332	Cazic's Skin	0	IT63	4278190080	255
6261	14333	Mistletoe Powder	0	IT63	0	255
367	14334	Arantir's Ring	0	IT63	0	255
1021	14337	Blue Crystal Staff	0	IT122	0	3
3905	14338	Gnarled Staff	0	IT45	0	3
9331	14339	Staff of Gabstik	0	IT29	0	3
9342	14341	Staff of the Four	0	IT155	0	3
4172	14349	Green Oil	0	IT63	0	255
7582	14350	A Rod	0	IT35	0	255
12166	14354	A Rod	0	IT35	0	11
9350	14360	Staff of the Wheel	0	IT45	0	3
9366	14361	Star of Eyes	0	IT63	0	255
8106	14363	A Scepter	0	IT35	0	255
1942	14365	Cough Elixir	0	IT63	0	255
2392	14366	Decrepit Sheath	0	IT63	0	255
1935	14367	Corrupted Ghoulbane	0	IT2	0	0
4382	14368	Heart of the Innocent	0	IT63	0	255
4373	14369	Head of the Valiant	0	IT63	0	255
10633	14370	Will of Innoruuk	3	IT63	0	10
2391	14371	Decrepit Hide	0	IT63	0	255
2556	14372	Drake Spine	0	IT63	0	255
1547	14373	Cell Key	0	IT63	0	255
8179	14375	Seal of Kastane	0	IT63	0	255
6567	14376	Note to Marl	0	IT63	0	255
2319	14377	Dark Shroud	0	IT63	0	255
4356	14378	Head of Glohnor	0	IT63	0	255
4357	14378	Head of Glohnor	0	IT63	0	255
3857	14379	Glohnor wrappings	0	IT63	0	255
4379	14380	Heart of Kyrenna	0	IT63	0	255
975	14381	Blood of Kyrenna	0	IT63	0	255
2642	14382	Dusty Tome	0	IT63	0	255
5132	14383	Innoruuk's Curse	0	IT145	0	1
10433	14402	Vial of Swirling Smoke	0	IT63	0	255
7092	14403	Potion of Lesser Vigor	0	IT63	0	255
7088	14404	Potion of Lesser Cohesion	0	IT63	0	255
7091	14405	Potion of Lesser Stability	0	IT63	0	255
7086	14406	Potion of Lesser Accuracy	0	IT63	0	255
7087	14407	Potion of Lesser Adroitness	0	IT63	0	255
7089	14408	Potion of Lesser Power	0	IT63	0	255
6231	14409	Minor Potion of Antibody	0	IT63	0	255
6230	14410	Minor Null Potion	0	IT63	0	255
6232	14411	Minor Potion of Cold	0	IT63	0	255
6233	14412	Minor Potion of Heat	0	IT63	0	255
6234	14413	Minor Potion of Purity	0	IT63	0	255
7104	14414	Potion of Vigor	0	IT63	0	255
7076	14415	Potion of Cohesion	0	IT63	0	255
7102	14416	Potion of Stability	0	IT63	0	255
7071	14417	Potion of Accuracy	0	IT63	0	255
7072	14418	Potion of Adroitness	0	IT63	0	255
7096	14419	Potion of Power	0	IT63	0	255
7073	14420	Potion of Antibody	0	IT63	0	255
6577	14421	Null Potion	0	IT63	0	255
7077	14422	Potion of Cold	0	IT63	0	255
7083	14423	Potion of Heat	0	IT63	0	255
7097	14424	Potion of Purity	0	IT63	0	255
4148	14425	Greater Potion of Vigor	0	IT63	0	255
4141	14426	Greater Potion of Cohesion	0	IT63	0	255
4147	14427	Greater Potion of Stability	0	IT63	0	255
4138	14428	Greater Potion of Accuracy	0	IT63	0	255
4139	14429	Greater Potion of Adroitness	0	IT63	0	255
4145	14430	Greater Potion of Power	0	IT63	0	255
4140	14431	Greater Potion of Antibody	0	IT63	0	255
4137	14432	Greater Null Potion	0	IT63	0	255
4142	14433	Greater Potion of Cold	0	IT63	0	255
4143	14434	Greater Potion of Heat	0	IT63	0	255
4146	14435	Greater Potion of Purity	0	IT63	0	255
7090	14436	Potion of Lesser Rejuvenation	0	IT63	0	255
7098	14437	Potion of Rejuvenation	0	IT63	0	255
7082	14438	Potion of Greater Rejuvenation	0	IT63	0	255
978	14439	Blood of the Wolf	0	IT63	0	255
10434	14440	Vial of Tamed Mercury	0	IT63	0	255
338	14441	Ant's Potion	0	IT63	0	255
8244	14442	Serpent's Conviction	0	IT63	0	255
5355	14444	Kilva's Blistering Flesh	0	IT63	0	255
7074	14445	Potion of Antiweight	0	IT63	0	255
7075	14446	Potion of Aquatic Haunt	0	IT63	0	255
3116	14447	Ethira's Poison Antidote	0	IT63	0	255
5367	14448	Kithar's Disease Treatment	0	IT63	0	255
7094	14449	Potion of Negation	0	IT63	0	255
7109	14450	Potion of Unlife Awareness	0	IT63	0	255
7101	14451	Potion of Spirit Shield	0	IT63	0	255
4144	14452	Greater Potion of Negation	0	IT63	0	255
5356	14453	Kilva's Skin of Flame	0	IT63	0	255
211	14454	Adrenaline Tap	0	IT63	0	255
7107	14455	Potion of the Frost	0	IT63	0	255
7108	14456	Potion of the Swamp	0	IT63	0	255
24	14464	10 Dose Potion of Dulsehound	0	IT63	0	255
32	14468	10 Dose Potion of Stinging Wort	0	IT63	0	255
25	14470	10 Dose Potion of Graveyard Dust	0	IT63	0	255
28	14471	10 Dose Potion of Lesser Vigor	0	IT63	0	255
27	14473	10 Dose Potion of Lesser Stability	0	IT63	0	255
26	14476	10 Dose Potion of Lesser Power	0	IT63	0	255
16	14478	10 Dose Minor Null Potion	0	IT63	0	255
17	14479	10 Dose Minor Potion of Cold	0	IT63	0	255
18	14480	10 Dose Minor Potion of Heat	0	IT63	0	255
34	14482	10 Dose Potion of Vigor	0	IT63	0	255
22	14483	10 Dose Potion of Cohesion	0	IT63	0	255
29	14487	10 Dose Potion of Power	0	IT63	0	255
19	14489	10 Dose Null Potion	0	IT63	0	255
23	14490	10 Dose Potion of Cold	0	IT63	0	255
12	14493	10 Dose Greater Potion of Vigor	0	IT63	0	255
12165	14497	10 Doses of Greater Adroitness	0	IT63	0	21
9816	14509	Thin Boned Wand	0	IT46	0	255
1636	14510	Chipped Bone Rod	0	IT47	0	255
7391	14520	Red Wood Wand	0	IT46	0	255
4688	14521	Illusionists Stone	0	IT46	0	255
7084	14522	Potion of Insight	0	IT63	0	255
8755	14523	Slime filled potion	0	IT63	0	255
7	14526	10 Dose Greater Potion of Antibody	0	IT63	0	255
6	14527	10 Dose Greater Null Potion	0	IT63	0	255
8	14528	10 Dose Greater Potion of Cold	0	IT63	0	255
9	14529	10 Dose Greater Potion of Heat	0	IT63	0	255
11	14530	10 Dose Greater Potion of Purity	0	IT63	0	255
41	14531	10 Doses of Lesser Rejuvenation	0	IT63	0	255
30	14532	10 Dose Potion of Rejuvenation	0	IT63	0	255
40	14533	10 Doses of Greater Rejuvenation	0	IT63	0	255
4	14534	10 Dose Blood of the Wolf	0	IT63	0	255
39	14535	10 Dose Vial of Tamed Mercury	0	IT63	0	255
3	14536	10 Dose Ant's Potion	0	IT63	0	255
38	14537	10 Dose Serpent's Conviction	0	IT63	0	255
13	14539	10 Dose Kilva's Blistering Flesh	0	IT63	0	255
20	14540	10 Dose Potion of Antiweight	0	IT63	0	255
21	14541	10 Dose Potion of Aquatic Haunt	0	IT63	0	255
5	14542	10 Dose Ethira's Poison Antidote	0	IT63	0	255
15	14543	10 Dose Kithar's Disease Treatment	0	IT63	0	255
33	14545	10 Dose Potion of Unlife Awareness	0	IT63	0	255
31	14546	10 Dose Potion of Spirit Shield	0	IT63	0	255
10	14547	10 Dose Greater Potion of Negation	0	IT63	0	255
14	14548	10 Dose Kilva's Skin of Flame	0	IT63	0	255
2	14549	10 Dose Adrenaline Tap	0	IT63	0	255
10855	14550	Woven Grass Amulet	0	IT63	0	255
472	14551	Azure Ruby Ring	0	IT63	0	10
10666	14552	Wispy Choker of Vigor	0	IT63	0	10
2488	14553	Djinni Finger Ring	0	IT63	0	10
9207	14554	Sphinx Eye Amulet	0	IT63	4278190080	10
9268	14555	Spiroc Banisher Focus	0	IT67	4278190080	255
260	14556	Amulet of Planar Transference	0	IT63	4278190080	10
4024	14557	Gold White Pendant	0	IT63	0	10
6450	14558	Necklace of Whispering Winds	0	IT63	4278190080	10
2706	14559	Earring of Displacement	0	IT63	4278190080	10
9210	14560	Sphinx Heart Amulet	0	IT63	0	10
529	14561	Band of Screaming Winds	0	IT63	4278190080	10
6448	14562	Necklace of Resolution	0	IT63	4278190080	10
10072	14563	Truewind Earring	0	IT63	0	255
221	14564	Agilmente's Flute of Flight	0	IT6	0	255
3193	14565	Fae Amulet	0	IT63	4278190080	10
2554	14566	Drake Fang Amulet	0	IT63	4278190080	10
4213	14567	Griffon Talon Necklace	0	IT63	0	10
9848	14568	Thunderforged Earring	0	IT63	0	10
7885	14569	Runed Wind Amulet	0	IT63	0	10
36	14570	10 Dose Potion of the Frost	0	IT63	0	255
37	14571	10 Dose Potion of the Swamp	0	IT63	0	255
7106	14574	Potion of the Bone Field	0	IT63	0	255
62	14575	5 Dose Potion of the Bone Field	0	IT63	0	255
35	14576	10 Dose Potion of the Bone Field	0	IT63	0	255
575	14580	Barbequed Erudite	0	IT63	0	255
6607	14581	Odd Bone Necklace	0	IT63	0	255
2855	14582	Embroidered Bag of Bone Necklaces	0	IT64	4278190080	255
2856	14583	Embroidered Bag of Bronze Symbols	0	IT64	4278190080	255
6608	14584	Odd Bronze Necklace	0	IT63	0	255
6609	14585	Odd Cold Iron Necklace	0	IT63	0	255
8018	14599	Sarnak Broodling Fang	0	IT5	0	255
8608	14600	Silver Malachite Ring	0	IT63	0	255
2812	14601	Electrum Malachite Bracelet	0	IT63	0	255
4014	14602	Gold Malachite Bracelet	0	IT63	0	255
7018	14603	Platinum Malachite Ring	0	IT63	0	255
8607	14604	Silver Lapis Lazuli Necklace	0	IT63	0	255
2811	14605	Electrum Lapis Lazuli Earring	0	IT63	0	255
4013	14606	Gold Lapis Lazuli Earring	0	IT63	0	255
7017	14607	Platinum Lapis Lazuli Necklace	0	IT63	0	255
8633	14608	Silver Turquoise Bracelet	0	IT63	0	255
2819	14609	Electrum Turquoise Engagement Ring	0	IT63	0	255
4023	14610	Gold Turquoise Engagement Ring	0	IT63	0	255
7033	14611	Platinum Turquoise Bracelet	0	IT63	0	255
8603	14612	Silver Hematite Ring	0	IT63	0	255
2809	14613	Electrum Hematite Choker	0	IT63	0	255
4050	14614	Golden Hematite Choker	0	IT63	0	255
7014	14615	Platinum Hematite Ring	0	IT63	0	255
8571	14616	Silver Cat Eye Necklace	0	IT63	0	255
2795	14617	Electrum Cat Eye Bracelet	0	IT63	0	255
4032	14618	Golden Cat Eye Bracelet	0	IT63	0	255
1524	14619	Cat Eye Platinum Necklace	0	IT63	0	255
8565	14620	Silver Bloodstone Earring	0	IT63	0	255
2792	14621	Electrum Bloodstone Necklace	0	IT63	0	255
3997	14622	Gold Bloodstone Necklace	0	IT63	0	255
6992	14623	Platinum Bloodstone Earring	0	IT63	0	255
8617	14624	Silver Onyx Bracelet	0	IT63	0	255
2813	14625	Electrum Onyx Pendant	0	IT63	0	255
4016	14626	Gold Onyx Pendant	0	IT63	0	255
7019	14627	Platinum Onyx Bracelet	0	IT63	0	255
8606	14628	Silver Jasper Ring	0	IT63	0	255
2810	14629	Electrum Jasper Earring	0	IT63	0	255
5258	14630	Jasper Gold Earring	0	IT63	0	255
7016	14631	Platinum Jasper Ring	0	IT63	0	255
8570	14632	Silver Carnelian Wedding Ring	0	IT63	0	255
2794	14633	Electrum Carnelian Wedding Ring	0	IT63	0	255
3998	14634	Gold Carnelian Wedding Ring	0	IT63	0	255
6994	14635	Platinum Carnelian Wedding Ring	0	IT63	0	255
8622	14636	Silver Rose Engagement Ring	0	IT63	0	255
2817	14637	Electrum Star Amulet	0	IT63	0	255
4072	14638	Golden Star Amulet	0	IT63	0	255
7615	14639	Rose Platinum Engagement Ring	0	IT63	0	255
8562	14640	Silver Amber Ring	0	IT63	0	255
2790	14641	Electrum Amber Earring	0	IT63	0	255
4026	14642	Golden Amber Earring	0	IT63	0	255
6989	14643	Platinum Amber Ring	0	IT63	0	255
8636	14644	Silver Wolf's Eye Necklace	0	IT63	0	255
10688	14645	Wolf's Eye Electrum Bracelet	0	IT63	0	255
10689	14646	Wolf's Eye Golden Bracelet	0	IT63	0	255
10690	14647	Wolf's Eye Platinum Necklace	0	IT63	0	255
5228	14648	Jaded Silver Ring	0	IT63	0	10
5226	14649	Jaded Electrum Bracelet	0	IT63	0	10
4053	14650	Golden Jaded Bracelet	0	IT63	0	10
5227	14651	Jaded Platinum Ring	0	IT63	0	10
8644	14652	Silvered Pearl Ring	0	IT63	0	10
2815	14653	Electrum Pearl Choker	0	IT63	0	10
4065	14654	Golden Pearl Choker	0	IT63	0	10
7021	14655	Platinum Pearl Ring	0	IT63	0	10
9940	14656	Topaz Silver Necklace	0	IT63	0	10
9939	14657	Topaz Electrum Earring	0	IT63	0	10
4081	14658	Golden Topaz Earring	0	IT63	0	10
7032	14659	Platinum Topaz Necklace	0	IT63	0	10
8645	14660	Silvered Peridot Ring	0	IT63	0	10
2816	14661	Electrum Peridot Bracelet	0	IT63	0	10
4067	14662	Golden Peridot Bracelet	0	IT63	0	10
7022	14663	Platinum Peridot Ring	0	IT63	0	10
8585	14664	Silver Emerald Ring	0	IT63	0	10
2867	14665	Emerald Electrum Bracelet	0	IT63	0	10
4048	14666	Golden Emerald Bracelet	0	IT63	0	10
7000	14667	Platinum Emerald Ring	0	IT63	0	10
8618	14668	Silver Opal Engagement Ring	0	IT63	0	255
2814	14669	Electrum Opal Amulet	0	IT63	0	255
4064	14670	Golden Opal Amulet	0	IT63	0	255
7020	14671	Platinum Opal Engagement Ring	0	IT63	0	255
839	14672	Blackened Pearl Silver Ring	0	IT63	0	255
764	14673	Black Pearl Electrum Choker	0	IT63	0	255
4027	14674	Golden Black Pearl Choker	0	IT63	0	255
765	14675	Black Pearl Platinum Ring	0	IT63	0	255
8587	14676	Silver Fire Wedding Ring	0	IT63	0	10
2796	14677	Electrum Fire Wedding Ring	0	IT63	0	10
4049	14678	Golden Fire Wedding Ring	0	IT63	0	10
7001	14679	Platinum Fire Wedding Ring	0	IT63	0	10
8654	14680	Silvered Star Ruby Veil	0	IT63	0	255
2818	14681	Electrum Star Ruby Ring	0	IT63	0	255
4077	14682	Golden Star Ruby Ring	0	IT63	0	255
7027	14683	Platinum Star Ruby Veil	0	IT63	0	255
8640	14684	Silvered Fire Emerald Ring	0	IT63	0	255
3341	14685	Fire Emerald Electrum Bracelet	0	IT63	0	255
3342	14686	Fire Emerald Golden Bracelet	0	IT63	0	255
3343	14687	Fire Emerald Platinum Ring	0	IT63	0	255
8648	14688	Silvered Sapphire Necklace	0	IT63	0	255
8003	14689	Sapphire Electrum Earring	0	IT63	0	255
4070	14690	Golden Sapphire Earring	0	IT63	0	255
8005	14691	Sapphire Platinum Necklace	0	IT63	0	255
8623	14692	Silver Ruby Veil	0	IT63	0	255
7698	14693	Ruby Electrum Ring	0	IT63	0	255
4069	14694	Golden Ruby Ring	0	IT63	0	255
7024	14695	Platinum Ruby Veil	0	IT63	0	255
8605	14696	Silver Jacinth Wedding Ring	0	IT63	0	10
5210	14697	Jacinth Electrum Wedding Ring	0	IT63	0	10
4052	14698	Golden Jacinth Wedding Ring	0	IT63	0	10
7015	14699	Platinum Jacinth Wedding Ring	0	IT63	0	255
772	14700	Black Sapphire Silvered Necklace	0	IT63	0	10
770	14701	Black Sapphire Electrum Earring	0	IT63	0	10
4028	14702	Golden Black Sapphire Earring	0	IT63	0	255
771	14703	Black Sapphire Platinum Necklace	0	IT63	0	255
8580	14704	Silver Diamond Wedding Ring	0	IT63	0	255
2443	14705	Diamond Electrum Mask	0	IT63	0	255
4037	14706	Golden Diamond Mask	0	IT63	0	255
6997	14707	Platinum Diamond Wedding Ring	0	IT63	0	255
9295	14708	Split Paw Tooth Necklace	0	IT63	0	10
6449	14709	Necklace of Superiority	0	IT63	0	10
1187	14712	Bracer of Vajeen	2	IT63	0	10
6056	14713	Mantle of Mirth	0	IT63	0	10
2707	14714	Earring of Essence	0	IT63	0	255
3706	14715	Gauntlets of Potence	1	IT63	0	10
3156	14716	Eye of Melnor	0	IT68	0	255
1101	14718	Book of the Rings	0	IT27	0	255
9925	14719	Tome of the Eternal	0	IT27	0	255
9423	14720	Stone of Morid	0	IT63	0	255
3066	14721	Essence of Dol	0	IT68	0	3
4638	14722	Idol of the Thorned	0	IT63	0	255
5910	14727	Locket of Escape	0	IT63	0	255
1689	14730	Circlet of Shadow	2	IT63	0	10
8522	14732	Shroud of Nature	1	IT63	0	10
10564	14734	Whip of Strangulation	0	IT61	0	0
1658	14735	Choker of Majdd	0	IT63	0	10
526	14738	Band of Eternal Flame	0	IT63	0	10
9118	14740	Solist's Icy Wand	0	IT47	0	255
4308	14742	Hand of the Reaper	0	IT136	0	255
8053	14743	Sathir's Wand	0	IT47	0	255
1094	14745	Book of Obulus	0	IT28	0	255
1895	14746	Cone of the Mystics	0	IT72	0	255
9407	14748	Stein of Tears	0	IT56	0	255
199	14749	Adamantite Armband	0	IT63	0	10
3329	14751	Fingerbone Hoop	0	IT63	0	10
3728	14752	Gem Inlaid Band	0	IT63	0	10
8011	14753	Sarnak Arcane Fetish	0	IT63	0	255
7203	14754	Pulsating Gem	0	IT68	0	10
7941	14756	Sabertooth Amulet	0	IT63	0	10
577	14757	Bargynn's Torch	0	IT36	0	255
9232	14758	Spiked Goblin Ring	0	IT63	0	10
9922	14759	Tome of Miragul	0	IT27	0	255
9427	14761	Stonemelder's Band	0	IT63	0	10
4640	14762	Idol of the Underking	0	IT67	0	255
3551	14763	Frenzied Gnawer Tail	0	IT61	0	0
3575	14764	Froglok Treated Planks	0	IT63	0	255
3492	14765	Forest Giant Hammer	0	IT115	0	3
10833	14766	Worn Charbone	0	IT63	0	255
9249	14767	Spirit Caller Beads	0	IT63	0	255
7484	14768	Rhino Hoof	0	IT63	0	255
1804	14769	Coercion Implant	0	IT63	0	255
4087	14770	Gooey Adhesive	0	IT63	0	255
576	14771	Bargynn's Digger	0	IT71	0	0
9573	14772	Sythrax Building Plans	0	IT63	0	255
10394	14773	Venomous Parchment	0	IT63	0	255
10513	14774	Warlord Drawing Pen	0	IT63	0	255
8041	14775	Sarnak Recruitment Letter	0	IT63	0	255
3135	14776	Exiled Iksar Head	0	IT63	0	255
10523	14777	Watchman's Spectacles	0	IT63	0	255
6452	14778	Nectar of Isolation	0	IT63	0	255
1687	14779	Circlet of Fire	2	IT63	16396810	10
669	14780	Belt of Fire	0	IT63	0	10
3866	14781	Gloves of Fire	0	IT63	16396810	255
9880	14782	A Tiny Collar	0	IT63	0	10
9890	14782	A Tiny Collar	0	IT63	0	10
4441	14784	Hierophant's Knife	0	IT89	0	2
2476	14785	Diseased Tongue	0	IT63	0	255
4677	14788	Illegible Note: Helm	0	IT63	0	255
4674	14789	Illegible Note: Breastplate	0	IT63	0	255
4679	14790	Illegible Note: Vambraces	0	IT63	4278190080	255
4673	14791	Illegible Note: Bracer	0	IT63	0	255
4675	14792	Illegible Note: Gauntlets	0	IT63	0	255
4676	14793	Illegible Note: Greaves	0	IT63	0	255
4672	14794	Illegible Note: Boots	0	IT63	0	255
4678	14795	Illegible Note: Pauldron	0	IT63	0	255
4127	14796	Gray Colored Ice	0	IT63	0	255
7065	14797	Pondfish Spine	0	IT5	0	7
9238	14798	Spine Poison Extract	0	IT63	0	255
4130	14799	Grayish Liquid	0	IT63	0	255
6037	14800	Mana Battery - Class One	0	IT63	0	255
6039	14801	Mana Battery - Class Two	0	IT63	0	255
6038	14802	Mana Battery - Class Three	0	IT63	0	255
6036	14803	Mana Battery - Class Four	0	IT63	0	255
6035	14804	Mana Battery - Class Five	0	IT63	0	255
3565	14805	Froglok Goo	0	IT63	4278190080	255
4352	14806	Head of Blackhand	0	IT63	0	255
9997	14807	Traitor's Heart	0	IT63	0	255
9079	14810	Snaorf's Medallion	0	IT63	0	10
5162	14811	Iron Bound Tome	0	IT27	0	3
8257	14812	Serrated Wire	0	IT63	0	255
4189	14814	Greenmist Icon	0	IT63	0	255
2242	14815	Daelione's Implant	0	IT63	0	255
9441	14819	Streaven's Head	0	IT63	0	255
9451	14819	Streaven's Head	0	IT63	0	255
4111	14820	Grachnist's Head	0	IT63	0	255
8123	14821	Scorpion Chitin	0	IT63	0	255
8015	14822	Sarnak Berserker Head	0	IT63	0	255
8700	14823	Skeletal Feet	0	IT63	0	255
995	14824	Bloodgill Scales	0	IT63	0	255
8701	14825	Skeletal Hand	0	IT63	0	255
8034	14826	Sarnak Knight's Sword	0	IT44	0	0
10660	14827	Wings of the Drixie Queen	0	IT63	0	255
1443	14828	Cactus Quills	0	IT63	0	255
1117	14829	Boots of Zorash	0	IT63	0	255
4086	14830	Golra Skin	0	IT63	0	255
9534	14904	Surefall Sap	0	IT63	0	255
6223	14912	Miller Carrot	0	IT63	0	255
10629	14913	Wild Cabbage	0	IT63	0	255
9849	14914	Thunderhoof Mushroom	0	IT63	0	255
9672	14915	Tea Leaves	0	IT63	0	255
4088	14916	Gorge Moss	0	IT63	0	255
4089	14916	Gorge Moss	0	IT63	0	255
5570	14917	Large Fetid Bass	0	IT63	0	255
10631	14920	Wild Radish	0	IT63	0	255
6972	14921	Plains Roots	0	IT63	0	255
4207	14922	Griffon Eggs	0	IT63	0	255
3875	14925	Glow Lichen	0	IT63	0	255
428	14927	Ashweed	0	IT63	0	255
3591	14930	Frost Turnip	0	IT63	0	255
768	14933	Black Root	0	IT63	0	255
7546	14935	Ro Dates	0	IT63	0	255
489	14937	Bag of Sea Salt	0	IT63	0	255
484	14938	Bag of Caynar Nuts	0	IT63	0	255
3810	14939	Gigantic Fetid Bass	0	IT63	0	255
4542	14940	Humongous Fetid Bass	0	IT63	0	255
9173	14946	Speckled Toadstool	0	IT63	0	255
242	14947	Alligator Eggs	0	IT63	0	255
597	14950	Basilisk Eggs	0	IT63	0	255
7306	14951	Rathe Berries	0	IT63	0	255
1681	14954	Cinnamon Sticks	0	IT63	0	255
9372	14956	Steamfont Spring Water	0	IT63	0	255
9564	14957	Sylvan Berries	0	IT63	0	255
455	14968	Aviak Eggs	0	IT63	0	255
6073	14969	Marr Cherries	0	IT63	0	255
1531	14970	Cauldron Prawn	0	IT63	0	255
5430	14972	Krup Guppy	0	IT63	0	255
5434	14973	Kunzar Koi	0	IT63	0	255
4642	14974	Ikfish	0	IT63	0	255
3123	14975	Evergreen Salmon	0	IT63	0	255
2275	14976	Danak Grouper	0	IT63	0	255
1534	14977	Cave Guppy	0	IT63	0	255
10913	14978	Wulf Fish	0	IT63	0	255
1657	14979	Chokai Bass	0	IT63	0	255
9871	14980	Timorous Tuna	0	IT63	0	255
8175	14998	Seahorse Roe	0	IT63	0	255
11457	15003	Spell: Summon Corpse	0	IT63	4278190080	20
11030	15021	Spell: Berserker Strength	0	IT63	4278190080	20
11451	15024	Spell: Strip Enchantment	0	IT63	4278190080	20
11812	15029	Spell: Ice	0	IT63	4278190080	20
11750	15056	Spell: Everfount	0	IT63	4278190080	20
11739	15077	Spell: Engulfing Roots	0	IT63	4278190080	20
11890	15133	Spell: Paralyzing Earth	0	IT63	4278190080	20
11886	15138	Spell: Pack Chloroplast	0	IT63	4278190080	20
11763	15139	Spell: Feral Spirit	0	IT63	4278190080	20
11636	15141	Spell: Beguile Animals	0	IT63	4278190080	20
11085	15164	Spell: Companion Spirit	0	IT63	4278190080	20
11224	15165	Spell: Guardian Spirit	0	IT63	4278190080	20
11191	15166	Spell: Frenzied Spirit	0	IT63	4278190080	20
11888	15169	Spell: Pack Spirit	0	IT63	4278190080	20
11082	15177	Spell: Color Shift	0	IT63	4278190080	20
11003	15184	Spell: Allure	0	IT63	4278190080	20
11488	15185	Spell: Tepid Deeds	0	IT63	4278190080	20
11183	15191	Spell: Feedback	0	IT63	4278190080	20
11228	15199	Spell: Harmshield	0	IT63	4278190080	20
11853	15240	Spell: Lull Animal	0	IT63	4278190080	20
11889	15241	Spell: Panic Animal	0	IT63	4278190080	20
11254	15243	Spell: Illusion: Iksar	0	IT63	4278190080	20
12163	15255	Spell: Invisibility versus Animals	0	IT63	4278190080	20
12059	15258	Spell: Treeform	0	IT63	4278190080	20
11673	15260	Spell: Charm Animals	0	IT63	4278190080	20
11322	15307	Spell: Mesmerization	0	IT63	4278190080	20
11331	15335	Spell: Minor Summoning: Earth	0	IT63	4278190080	20
11965	15356	Spell: Shield of Thorns	0	IT63	4278190080	20
11238	15369	Spell: Hungry Earth	0	IT63	4278190080	20
11520	15371	Spell: Voice Graft	0	IT63	4278190080	20
11013	15384	Spell: Assiduous Vision	0	IT63	4278190080	20
11903	15385	Spell: Project Lightning	0	IT63	4278190080	20
11895	15386	Spell: Pillar of Fire	0	IT63	4278190080	20
11491	15390	Spell: Thicken Mana	0	IT63	4278190080	20
11332	15395	Spell: Minor Summoning: Fire	0	IT63	4278190080	20
11330	15396	Spell: Minor Summoning: Air	0	IT63	4278190080	20
11848	15420	Spell: Lightning Blast	0	IT63	4278190080	20
11982	15423	Spell: Skin Like Nature	0	IT63	4278190080	20
11955	15428	Spell: Share Wolf Form	0	IT63	4278190080	20
11766	15433	Spell: Fire	0	IT63	4278190080	20
11288	15443	Spell: Invoke Death	0	IT63	4278190080	20
11370	15444	Spell: Renew Bones	0	IT63	4278190080	20
11287	15449	Spell: Intensify Death	0	IT63	4278190080	20
11464	15455	Spell: Surge of Enfeeblement	0	IT63	4278190080	20
11040	15456	Spell: Bond of Death	0	IT63	4278190080	20
11105	15457	Spell: Dead Man Floating	0	IT63	4278190080	20
11978	15459	Spell: Shock Spiral of Al'Kabor	0	IT63	4278190080	20
11782	15460	Spell: Force Spiral of Al'Kabor	0	IT63	4278190080	20
11668	15461	Spell: Cast Force	0	IT63	4278190080	20
11700	15462	Spell: Column of Lightning	0	IT63	4278190080	20
11683	15463	Spell: Circle of Force	0	IT63	4278190080	20
11851	15467	Spell: Lightning Storm	0	IT63	4278190080	20
11737	15468	Spell: Energy Storm	0	IT63	4278190080	20
11841	15469	Spell: Lava Storm	0	IT63	4278190080	20
11229	15493	Spell: Haunting Corpse	0	IT63	4278190080	20
11290	15494	Spell: Invoke Shadow	0	IT63	4278190080	20
11301	15496	Spell: Lesser Summoning: Earth	0	IT63	4278190080	20
11303	15497	Spell: Lesser Summoning: Water	0	IT63	4278190080	20
11302	15498	Spell: Lesser Summoning: Fire	0	IT63	4278190080	20
12034	15514	Spell: Terrorize Animal	0	IT63	4278190080	20
11933	15530	Spell: Ring of Karana	0	IT63	4278190080	20
11929	15531	Spell: Ring of Commons	0	IT63	4278190080	20
11927	15532	Spell: Ring of Butcher	0	IT63	4278190080	20
11940	15533	Spell: Ring of Toxxulia	0	IT63	4278190080	20
11934	15534	Spell: Ring of Lavastorm	0	IT63	4278190080	20
11936	15535	Spell: Ring of Ro	0	IT63	4278190080	20
11930	15536	Spell: Ring of Feerrott	0	IT63	4278190080	20
11937	15537	Spell: Ring of Steamfont	0	IT63	4278190080	20
11935	15538	Spell: Ring of Misty	0	IT63	4278190080	20
11686	15550	Spell: Circle of Karana	0	IT63	4278190080	20
11681	15551	Spell: Circle of Commons	0	IT63	4278190080	20
11693	15552	Spell: Circle of Toxxulia	0	IT63	4278190080	20
11679	15553	Spell: Circle of Butcher	0	IT63	4278190080	20
11687	15554	Spell: Circle of Lavastorm	0	IT63	4278190080	20
11689	15555	Spell: Circle of Ro	0	IT63	4278190080	20
11682	15556	Spell: Circle of Feerrott	0	IT63	4278190080	20
11690	15557	Spell: Circle of Steamfont	0	IT63	4278190080	20
11462	15570	Spell: Summoning: Water	0	IT63	4278190080	20
11461	15571	Spell: Summoning: Fire	0	IT63	4278190080	20
11459	15572	Spell: Summoning: Air	0	IT63	4278190080	20
11213	15573	Spell: Greater Summoning: Earth	0	IT63	4278190080	20
11215	15574	Spell: Greater Summoning: Water	0	IT63	4278190080	20
11515	15577	Spell: Vigilant Spirit	0	IT63	4278190080	20
12007	15607	Spell: Succor: East	0	IT63	4278190080	20
12006	15608	Spell: Succor: Butcher	0	IT63	4278190080	20
12010	15609	Spell: Succor: Ro	0	IT63	4278190080	20
11327	15622	Spell: Minor Conjuration: Fire	0	IT63	4278190080	20
11325	15623	Spell: Minor Conjuration: Air	0	IT63	4278190080	20
9192	15624	Spell: Lesser Conjuration: Earth	0	IT63	4278190080	255
11211	15633	Spell: Greater Conjuration: Water	0	IT63	4278190080	20
11210	15634	Spell: Greater Conjuration: Fire	0	IT63	4278190080	20
11208	15635	Spell: Greater Conjuration: Air	0	IT63	4278190080	20
11097	15640	Spell: Creeping Vision	0	IT63	4278190080	20
11052	15643	Spell: Call of Bones	0	IT63	4278190080	20
11306	15644	Spell: Lich	0	IT63	4278190080	20
11725	15665	Spell: Drifting Death	0	IT63	4278190080	20
11163	15667	Spell: Enchant Silver	0	IT63	4278190080	20
11159	15668	Spell: Enchant Electrum	0	IT63	4278190080	20
11160	15669	Spell: Enchant Gold	0	IT63	4278190080	20
11997	15671	Spell: Starfire	0	IT63	4278190080	20
11486	15678	Spell: Tashania	0	IT63	4278190080	20
11659	15691	Spell: Call of Flame	0	IT63	4278190080	20
9193	15692	Spell: Life Leech	0	IT63	4278190080	255
11131	15693	Spell: Divine Might	0	IT63	4278190080	20
11499	15698	Spell: Track Corpse	0	IT63	4278190080	20
12081	15731	Spell: Wrath of Al'Kabor	0	IT63	4278190080	20
11813	15732	Spell: Ice Comet	0	IT63	4278190080	20
12030	15733	Spell: Supernova	0	IT63	4278190080	20
9215	15757	Spiced Cinnamon Powder	0	IT63	0	255
11158	15796	Spell: Enchant Clay	0	IT63	4278190080	20
11165	15797	Spell: Enchant Velium	0	IT63	0	20
11269	15798	Spell: Imbue Opal	0	IT63	0	20
11274	15799	Spell: Imbue Topaz	0	IT63	0	20
11823	15800	Spell: Imbue Plains Pebble	0	IT63	0	20
11702	15861	Spell: Combine Portal	0	IT63	4278190080	20
11692	15862	Spell: Circle of the Combines	0	IT63	4278190080	20
11267	15884	Spell: Imbue Ivory	0	IT63	4278190080	20
11273	15886	Spell: Imbue Sapphire	0	IT63	4278190080	20
11272	15887	Spell: Imbue Ruby	0	IT63	4278190080	20
11821	15888	Spell: Imbue Emerald	0	IT63	4278190080	20
11161	15889	Spell: Enchant Mithril	0	IT63	4278190080	20
11156	15890	Spell: Enchant Adamantite	0	IT63	4278190080	20
11268	15891	Spell: Imbue Jade	0	IT63	4278190080	20
11164	15892	Spell: Enchant Steel	0	IT63	0	20
11157	15893	Spell: Enchant Brellium	0	IT63	4278190080	20
11264	15894	Spell: Imbue Black Pearl	0	IT63	0	20
11266	15895	Spell: Imbue Diamond	0	IT63	0	20
11271	15896	Spell: Imbue Rose Quartz	0	IT63	4278190080	20
11265	15897	Spell: Imbue Black Sapphire	0	IT63	4278190080	20
11270	15898	Spell: Imbue Peridot	0	IT63	4278190080	20
11822	15899	Spell: Imbue Fire Opal	0	IT63	4278190080	20
5316	15973	Keg of Beer	0	IT63	0	255
5482	15974	Large Ball of Twine	0	IT63	0	255
7406	16005	Rehim's Robe	16		7864340	10
6739	16159	Ornate Chain Leggings	18	IT63	0	10
11769	16321	Spell: Fire Spiral of Al'Kabor	0	IT63	4278190080	20
8546	16487	Silk Bandage	0	IT63	0	255
5768	16488	Leather Padding	0	IT63	0	255
6579	16490	Oak Bark	0	IT403	0	255
6580	16491	Oak Bark Tannin	0	IT63	0	255
6264	16496	Misty Acorn	0	IT403	0	255
197	16497	Acorn Oil	0	IT63	0	255
3365	16498	Fish Eggs	0	IT63	0	255
9760	16499	Terrorantula Silk	0	IT63	0	255
8564	16500	Silver Bar	0	IT63	0	255
2791	16501	Electrum Bar	0	IT63	0	255
3996	16502	Gold Bar	0	IT63	0	255
6991	16503	Platinum Bar	0	IT63	0	255
3011	16504	Enchanted Silver Bar	0	IT63	0	255
2925	16505	Enchanted Electrum Bar	0	IT63	0	255
2994	16506	Enchanted Gold Bar	0	IT63	0	255
3003	16507	Enchanted Platinum Bar	0	IT63	0	255
240	16508	Alkanet Root	0	IT63	0	255
6380	16509	Mugwart	0	IT63	0	255
10948	16510	Yebamante	0	IT63	0	255
7467	16511	Reucoat's	0	IT63	0	255
9410	16512	Sticklewort	0	IT63	0	255
707	16513	Bistort	0	IT63	0	255
1084	16514	Boneset	0	IT63	0	255
10462	16515	Vox's Dust	0	IT63	0	255
3165	16516	Eyebright	0	IT63	0	255
8157	16517	Sea Spirit	0	IT63	0	255
1369	16518	Burdock Root	0	IT63	0	255
9413	16519	Stinging Nettle	0	IT63	0	255
2274	16520	Damiana	0	IT63	0	255
4510	16522	Horehound	0	IT63	0	255
10414	16523	Vetiver Root	0	IT63	0	255
1355	16524	Bugbane	0	IT63	0	255
3252	16525	Feverfew	0	IT63	0	255
10845	16526	Woundwart	0	IT63	0	255
507	16527	Balm Leaves	0	IT63	0	255
2829	16528	Elf Leaf	0	IT63	0	255
5749	16529	Larkspur	0	IT63	0	255
2544	16530	Dragonwart	0	IT63	0	255
10177	16532	Undead Froglok Tongue	0	IT63	0	255
10978	16533	Zombie Flesh	0	IT63	0	255
3339	16534	Fire Drake Scale	0	IT63	0	255
10492	16535	Warbone Chips	0	IT63	0	255
3124	16536	Evil Eye Eyestalk	0	IT63	0	255
4209	16538	Griffon Feathers	0	IT63	0	255
4464	16539	Hill Giant Toes	0	IT63	0	255
4559	16540	Ice Giant Toes	0	IT63	0	255
3346	16541	Fire Giant Toes	0	IT63	0	255
6186	16542	Mermaid Scale	0	IT63	0	255
2238	16543	Cyclops Toes	0	IT63	0	255
83	16544	A Broom	0	IT32	0	255
141	16545	A Shovel	0	IT52	0	255
159	16546	A Torch	0	IT36	0	255
9403	16547	A Stein	0	IT56	0	255
9128	16550	Soot Hemlock	0	IT63	0	255
10709	16551	Wolves Bane	0	IT63	0	255
10600	16552	White Hellebore	0	IT63	0	255
5758	16553	Lead Peroxide	0	IT63	0	255
3606	16554	Frosty Datura	0	IT63	0	255
9609	16555	Tares Lichen	0	IT63	0	255
739	16556	Black Henbane	0	IT63	0	255
9092	16557	Snowcap Amanita	0	IT63	0	255
10601	16558	White Lead	0	IT63	0	255
2359	16559	Death Cap	0	IT63	0	255
10583	16560	White Chocolate	0	IT63	0	255
10540	16561	Wedding Cake	0	IT63	0	255
704	16562	Birthday Cake	0	IT63	0	255
10541	16563	Wedding Cake Slice	0	IT63	0	255
10542	16563	Wedding Cake Slice	0	IT63	0	255
705	16564	Birthday Cake Slice	0	IT63	0	255
10661	16570	Winter Chocolate	0	IT63	0	255
1654	16571	Chocolate Cookies	0	IT63	0	255
1656	16572	Chocolate Muffins	0	IT63	0	255
10584	16573	White Chocolate Cookies	0	IT63	0	255
10585	16574	White Chocolate Muffins	0	IT63	0	255
2482	16578	Divine Crystalline Glaze	0	IT63	0	255
1346	16579	Brownie Parts	0	IT63	0	255
1513	16580	Cask	0	IT63	0	255
1058	16581	Bog Juice	0	IT63	0	255
10458	16582	Vodka	0	IT63	0	255
4283	16583	Halfling Stouters	0	IT63	0	255
4271	16584	Halas Heater	0	IT63	0	255
6675	16585	Ol'Tujim's Fierce Brew	0	IT63	0	255
4530	16586	Hulgarsh	0	IT63	0	255
897	16587	Bleeding Brain	0	IT63	0	255
3816	16588	Ginesh	0	IT63	0	255
10958	16589	Yew Leaf	0	IT403	0	255
582	16590	Barley	0	IT63	0	255
4509	16591	Hops	0	IT63	0	255
4122	16592	Grapes	0	IT63	0	255
7488	16593	Rice	0	IT63	0	255
6340	16594	Morning Dew	0	IT403	0	255
6022	16595	Malt	0	IT63	0	255
10947	16596	Yeast	0	IT63	0	255
10657	16597	Wine Yeast	0	IT63	0	255
1131	16598	Bottle	0	IT63	0	255
8512	16599	Shotglass	0	IT63	0	255
6372	16816	Muddite Mud	0	IT63	0	255
4124	16817	Grave Mold	0	IT63	0	255
1665	16818	Chromadrac Wing	0	IT63	0	255
8732	16819	Skyash Bile	0	IT63	0	255
7381	16820	Red Hellebore	0	IT63	0	255
7257	16821	Quicksilver	0	IT63	0	255
9093	16822	Snowfall Algae	0	IT63	0	255
2113	16823	Crystal Nightshade	0	IT63	0	255
5180	16824	Iron Sulphide	0	IT63	0	255
2877	16825	Emeraldberry Cyanide	0	IT63	0	255
1948	16826	Coyotetail	0	IT63	0	255
9822	16827	Thorny Ergot	0	IT63	0	255
2493	16828	Dogbane	0	IT63	0	255
1522	16829	Castorbean	0	IT63	0	255
251	16830	Amanita Phalloide	0	IT63	0	255
10713	16831	Wood Rose	0	IT63	0	255
9075	16832	Snakes Head Iris	0	IT63	0	255
4518	16833	Hounds Tongue	0	IT63	0	255
4233	16834	Ground Garlic	0	IT63	0	255
421	16835	Ash Hornet Venom	0	IT63	0	255
1679	16836	Cinder Hornet Pollen	0	IT63	0	255
10274	16837	Vampire Bat Saliva	0	IT63	0	255
4384	16838	Heartsting Venom Sack	0	IT63	0	255
9479	16839	Succulent Sap	0	IT63	0	255
4286	16840	Hamed's Ring of Tears	0	IT63	0	255
4437	16841	Hexed Kerran Doll	0	IT67	0	255
2415	16842	Delphinium	0	IT63	0	255
1362	16843	Bundle of Wormwood	0	IT63	0	255
5854	16844	Limestone	0	IT63	0	255
5759	16845	Lead Sulphide	0	IT63	0	255
1259	16846	Brimstone	0	IT63	0	255
1680	16847	Cinnabar	0	IT63	0	255
7151	16848	Preserved Split Paw Eye	0	IT63	0	255
150	16849	A Split Paw	0	IT63	0	255
6210	16850	Metal Rod	0	IT63	0	255
1917	16851	Cork	0	IT63	0	255
4131	16852	Grease	0	IT63	0	255
9644	16853	Tattered Gnomish Cloak	16		7864340	10
6211	16855	Metal Shaft	0	IT63	0	255
9304	16856	Spriket	0	IT63	0	255
6212	16857	Metal Twine	0	IT63	0	255
3717	16858	Gears	0	IT63	0	255
9310	16859	Sprockets	0	IT63	0	255
7399	16860	Reflective Shard	0	IT63	0	255
3941	16861	Gnomish Bolts	0	IT63	0	255
8550	16862	Silk Lined Steel Helm	1	IT63	0	10
1863	16863	Collapsible Fishing Pole	0	IT38	0	255
333	16864	Animated Bait	0	IT63	0	255
6136	16865	Mechanized Lockpicks	0	IT5	0	255
3401	16866	Flameless Lantern	0	IT48	0	255
365	16873	Aqualung	0	IT63	0	10
2442	16884	Diamond Dust	0	IT63	0	255
10199	16885	Unfired Poison Vial	0	IT63	0	255
10193	16886	Unfired Lined Poison Vial	0	IT63	0	255
10202	16887	Unfired Sealed Poison Vial	0	IT63	0	255
6207	16888	Metal Fastening	0	IT63	0	255
7363	16889	Rebreather	0	IT63	0	10
3283	16890	Fine Coral Mesh	0	IT63	0	255
8381	16891	Sharkskin Tubing	0	IT63	0	255
5853	16892	Lime Coated Meshing	0	IT63	0	255
5497	16894	Large Black Lodestone	0	IT63	0	255
4617	16895	Idol Sketch	0	IT63	0	255
5499	16896	Large Block of Magic Clay	0	IT63	0	255
921	16897	Block of Magic Clay	0	IT63	0	255
8789	16900	Small Block of Clay	0	IT63	0	255
917	16901	Block of Clay	0	IT63	0	255
5498	16902	Large Block of Clay	0	IT63	0	255
3833	16903	Glass Shard	0	IT63	0	255
7992	16904	Sand of Ro	0	IT63	0	255
7996	16904	Sand of Ro	0	IT63	0	255
6205	16905	Metal Bits	0	IT63	0	255
3357	16906	Firing Sheet	0	IT63	0	255
7253	16907	Quality Firing Sheet	0	IT63	0	255
4450	16908	High Quality Firing Sheet	0	IT63	0	255
561	16909	Barbarian Template	0	IT63	0	255
3939	16910	Gnome Template	0	IT63	0	255
10040	16911	Troll Template	0	IT63	0	255
332	16912	Animal Template	0	IT63	0	255
10203	16913	Unfired Skewers	0	IT63	0	255
10205	16914	Unfired Small Container	0	IT63	0	255
10195	16915	Unfired Medium Container	0	IT63	0	255
10192	16916	Unfired Large Container	0	IT63	0	255
10200	16917	Unfired Pot	0	IT63	0	255
10188	16918	Unfired Deity	0	IT63	0	255
10206	16919	Unfired Smoker	0	IT63	0	255
10204	16925	Unfired Small Bowl	0	IT63	0	255
10198	16926	Unfired Pie Tin	0	IT63	0	255
10186	16927	Unfired Cake Round	0	IT63	0	255
10197	16928	Unfired Muffin Tin	0	IT63	0	255
10194	16929	Unfired Medium Bowl	0	IT63	0	255
10196	16930	Unfired Mixing Bowl	0	IT63	0	255
10191	16933	Unfired Large Bowl	0	IT63	0	255
8944	16937	Small Protection Deity	0	IT67	0	255
8970	16938	Small Resisting Deity	0	IT67	0	255
8791	16939	Small Bowl	0	IT63	0	255
6147	16940	Medium Bowl	0	IT63	0	255
9043	16941	Small Wisdom Deity	0	IT67	0	255
5502	16942	Large Bowl	0	IT63	0	255
10187	16946	Unfired Ceramic Lining	0	IT63	0	255
1551	16947	Ceramic Lining	0	IT63	0	255
8705	16950	Skewers Sketch	0	IT63	0	255
8883	16951	Small Jar Sketch	0	IT63	0	255
6152	16952	Medium Jar Sketch	0	IT63	0	255
5596	16953	Large Jar Sketch	0	IT63	0	255
1148	16954	Bowl Sketch	0	IT63	0	255
7070	16955	Pot Sketch	0	IT63	0	255
8857	16956	Small Deity Sketch	0	IT63	0	255
9058	16957	Smoker Sketch	0	IT63	0	255
6940	16958	Pie Tin Sketch	0	IT63	0	255
1448	16959	Cake Round Sketch	0	IT63	0	255
6378	16960	Muffin Tin Sketch	0	IT63	0	255
6148	16961	Medium Bowl Sketch	0	IT63	0	255
5503	16963	Large Bowl Sketch	0	IT63	0	255
1552	16964	Ceramic Lining Sketch	0	IT63	0	255
10418	16968	Vial Sketch	0	IT63	0	255
5858	16969	Lined Vial Sketch	0	IT63	0	255
8190	16970	Sealed Vial Sketch	0	IT63	0	255
2327	16979	Darkbone Marrow	0	IT63	0	255
10887	17001	Wrist Pouch	0	IT64	0	255
663	17002	Belt Pouch	0	IT64	0	255
8769	17003	Small Bag	0	IT64	0	255
5480	17004	Large Bag	0	IT64	0	255
480	17005	Backpack	0	IT64	0	255
8792	17006	Small Box	0	IT64	0	255
5504	17007	Large Box	0	IT64	0	255
7259	17008	Quiver	0	IT64	0	255
7244	17009	Purse	0	IT64	0	255
9671	17012	Tax Collection Box	0	IT64	0	255
4487	17013	Hollow Skull	0	IT64	0	255
4488	17013	Hollow Skull	0	IT64	0	255
8267	17014	Severed Paw	0	IT64	0	255
9914	17018	Tome Binder	0	IT64	0	255
1891	17020	Component Mortar	0	IT64	0	255
1057	17021	Body Bag	0	IT64	0	255
3246	17025	Fern Flower Pouch	0	IT64	0	255
3363	17026	First Rite Pack	0	IT64	0	255
6750	17028	Ornate Tin Box	0	IT64	0	255
7654	17032	Rough Leather Sack	0	IT64	0	255
9878	17033	Tinmizer's Stupendous Contraption	0	IT74	4278190080	255
144	17034	A Skull Chest	0	IT64	0	255
9656	17036	Tattered Sack from Rinmark	0	IT64	0	255
2894	17039	Empty Tin Box	0	IT64	0	255
2895	17039	Empty Tin Box	0	IT64	0	255
6832	17040	Part of a Large Key	0	IT64	0	255
1890	17041	Component Chest	0	IT64	0	255
9873	17045	Tin Box	0	IT64	0	255
9584	17047	Tailored Small Bag	0	IT64	0	255
9576	17048	Tackle Box	0	IT64	0	255
10555	17049	Wenglawks Manly Purse	0	IT63	0	255
9151	17051	Soulcase	0	IT64	0	255
6064	17053	Map Binding	0	IT64	0	255
9996	17055	Traitor's Bane Box	0	IT64	0	255
5408	17056	Kobold Shaman's Pouch	0	IT64	0	255
5096	17057	Incomplete Tool Kit	0	IT64	0	255
5695	17058	Large Scroll Case	0	IT64	0	255
6746	17059	Ornate Reagent Box	0	IT64	0	255
9808	17060	Thick Glass Jar	0	IT64	4278190080	255
5825	17061	Lexicon of Relinar	0	IT64	0	255
5323	17062	Kejekan Tool Kit	0	IT63	0	255
2639	17081	Dusty Ransacker's Pack	0	IT64	0	255
1157	17082	Box of Nil Space	0	IT64	0	255
9582	17083	Tailored Large Belt Pouch	0	IT64	0	255
9581	17084	Tailored Large Bag	0	IT64	0	255
9585	17085	Tailored Wrist Pouch	0	IT64	0	255
8859	17090	Small Embroidered Sack	0	IT64	0	255
6895	17091	Penance Bag	0	IT64	0	255
4230	17092	Grotesque Mortar and Pestle	0	IT64	0	255
1160	17100	Box of the Void	0	IT64	0	255
7143	17102	Preservationists Box	0	IT64	0	255
9577	17123	Tae Ew Hide Sack	0	IT64	0	255
5776	17145	Leatherfoot Haversack	0	IT64	0	255
1864	17162	Collapsible Mixing Bowl	0	IT63	0	255
1865	17164	Collapsible Spit	0	IT63	0	255
2257	17201	Dakoit Coin Purse	0	IT63	0	255
9879	17202	Tiny Coin Purse	0	IT63	0	255
8854	17203	Small Coin Purse	0	IT63	0	255
6150	17204	Medium Coin Purse	0	IT63	0	255
5564	17206	Large Coin Purse	0	IT63	4278190080	255
10410	17207	Very Large Coin Purse	0	IT63	0	255
10013	17300	Travelers Pouch	0	IT64	0	255
10012	17301	Travelers Pack	0	IT64	0	255
6946	17302	Pierce's Pouch of Storing	0	IT64	0	255
9250	17303	Spirit Pouch	0	IT64	0	255
9493	17304	Dimensional Pocket	0	IT64	0	255
2451	17305	Dimensional Hole	0	IT64	0	255
3876	17306	Glowing Backpack	0	IT64	0	255
7262	17307	Quiver of Marr	0	IT64	0	255
547	17308	Bandoleer of Luclin	0	IT64	0	255
7117	17309	Pouch of Quellious	0	IT64	0	255
1093	17325	Book of Mischief	0	IT28	0	255
3440	17327	Fleeting Quiver	0	IT64	0	255
5866	17350	Lionhide Backpack	0	IT64	0	255
3809	17351	Gigantic Cracked Tusk	0	IT64	0	255
9850	17352	Thunderhoof Quiver	0	IT64	0	255
5834	17353	Light Burlap Sack	0	IT64	0	255
491	17354	Bag of Sewn Evil-Eye	0	IT64	0	255
4431	17358	Herbalist Pack	0	IT64	0	255
8517	17401	Shralok Pack	0	IT64	0	255
496	17403	Bag of the Tinkerers	0	IT64	0	255
5705	17404	Large Soiled Bag	0	IT64	0	255
377	17405	Archeologist Pack	0	IT64	0	255
2884	17408	Empty Fusible Ore Crate	0	IT64	0	255
9920	17500	Tome of Endless Enchantments	0	IT64	0	255
1089	17501	Book of Dark Bindings	0	IT64	0	255
2826	17502	Elemental Grimoire	0	IT64	0	255
1087	17503	Book of Ancient Restoration	0	IT64	0	255
1894	17504	Concordance of Research	0	IT64	0	255
1808	17511	A Coin Pouch	0	IT64	0	255
2885	17512	Empty Gem Bag	0	IT64	0	255
9649	17600	A Tattered Leather Pouch	0	IT64	0	255
5310	17701	Kavruul`s Mystic Pouch	0	IT64	0	255
10018	17702	Treasure Hunter`s Satchel	0	IT64	0	255
2346	17703	Darkwood Trunk	0	IT64	0	255
8990	17802	Small Sealable Bag	0	IT63	0	255
9149	17803	Soul Trap	0	IT64	0	255
9583	17804	Tailored Quiver	0	IT64	0	255
3056	17806	Erudite Sewing Kit	0	IT64	0	255
5495	17807	Large Barrel	0	IT64	0	255
3752	17808	Giant Belt Pouch	0	IT64	0	255
3773	17809	Giant Sack	0	IT64	0	255
10582	17810	White Cauldron	0	IT63	0	255
636	17811	Bearskin Potion Bag	0	IT64	0	255
10239	17812	Vale Sewing Kit	0	IT64	0	255
7389	17859	Red Scabbard	0	IT64	0	255
8483	17860	Shiny Tin Bowl	0	IT64	0	255
8484	17860	Shiny Tin Bowl	0	IT64	0	255
3029	17861	An Enchanters Sack	0	IT64	0	255
1849	17863	Coldain Tanners Kit	0	IT64	0	255
2892	17864	Empty Seed Collection Bag	0	IT64	0	255
2880	17865	Empty Crest Case	0	IT64	0	255
2418	17877	Deluxe Toolbox	0	IT64	0	255
3877	17879	Glowing Bile Soaker	0	IT64	0	255
1510	17880	Large Sewing Kit	0	IT64	0	255
5696	17880	Large Sewing Kit	0	IT64	0	255
3835	17882	Glaze Mortar	0	IT64	0	255
1372	17883	Burlap Satchel	0	IT64	0	255
6144	17901	Medicine Bag	0	IT64	0	255
9931	17902	Toolbox	0	IT64	0	255
5823	17903	Lexicon	0	IT64	0	255
6342	17904	Mortar and Pestle	0	IT64	0	255
6312	17906	Mixing Bowl	0	IT64	0	255
8992	17908	Small Sewing Kit	0	IT64	0	255
3447	17910	Fletching Kit	0	IT64	0	255
5742	17919	Large Velium Candy Jar	0	IT63	0	255
5095	17921	Incomplete Blackbox	0	IT64	0	255
1954	17927	Cracked Emerald	0	IT64	0	255
3485	17928	Forager Bag	0	IT64	0	255
10975	17929	Zimbittle's Pouch	0	IT64	0	255
1151	17930	Empty Box	0	IT64	0	255
3335	17930	Empty Box	0	IT64	0	255
66	17931	A 'Sparkle' Purse	0	IT64	0	255
6021	17933	Mallet Stem	0	IT64	0	255
2883	17936	Empty Fish Sack	0	IT64	0	255
2893	17938	Empty Shark Bag	0	IT64	0	255
2879	17939	Empty Bag	0	IT64	0	255
1150	17941	Box For Bones	0	IT64	0	255
9284	17947	Spit	0	IT64	0	255
6124	17951	Material Pack	0	IT64	0	255
6771	17953	Pack for Shark	0	IT64	0	255
2891	17957	Empty Pouch	0	IT64	0	255
8840	17960	Small Clay Jar	0	IT64	0	255
6149	17961	Medium Clay Jar	0	IT64	0	255
5550	17962	Large Clay Jar	0	IT64	0	255
8905	17963	Small Metal Container	0	IT64	0	255
6153	17964	Medium Metal Container	0	IT64	0	255
5618	17965	Large Metal Container	0	IT64	0	255
2417	17966	Deluxe Sewing Kit	0	IT64	0	255
6952	17968	Piranha Bag	0	IT64	0	255
4300	17969	Hand Made Backpack	0	IT64	0	255
807	17970	Blackburrow Cask	0	IT64	0	255
9899	17971	Toala's Box for heads	0	IT64	0	255
3235	17972	Featherweight Pouch	0	IT64	0	255
3368	17974	Fish Food Vial	0	IT64	0	255
482	17975	Bag for Cutthroat Rings	0	IT64	0	255
9113	17977	Sol Cauldron	0	IT64	0	255
7261	17978	Quiver of Kithicor - open	0	IT64	0	255
1981	17979	Crate for Tonics	0	IT64	0	255
1129	17981	Bootstrutter's Framed Pack	0	IT64	0	255
1132	17984	Bottle Crate	0	IT64	0	255
1153	17985	A Box With Pawprints	0	IT64	0	255
9991	17987	Tracker's Water Extractor	0	IT56	0	255
7486	17989	Rhinohide Backpack	0	IT64	0	255
7309	17990	Ration Bladder	0	IT64	0	255
1677	17991	Cinched Stomach Pouch	0	IT64	0	255
2882	17992	Empty Curskin Bag	0	IT64	0	255
6949	17993	Pincer Satchel	0	IT64	0	255
1601	17996	Charred Bone Box	0	IT64	0	255
5786	17998	Leech Husk Pouch	0	IT64	0	255
888	18006	Blank Scroll Sheets	0	IT63	0	255
10803	18008	Words of Wealth	0	IT63	0	255
6550	18013	A Note	0	IT63	0	255
6563	18015	Note to Janam	0	IT63	0	255
6562	18016	Note to Harkin	0	IT63	0	255
9791	18026	The Thornless Rose	0	IT63	0	255
9926	18031	Tome of the Wheel	0	IT27	0	255
9924	18032	Tome of Tesh	0	IT27	0	255
651	18037	Before Green	0	IT27	0	255
10396	18039	Venril the Chief	0	IT27	0	255
3486	18043	A Forbidden Tome	0	IT27	0	255
5281	18044	A Journal Entry	0	IT63	0	255
9478	18051	Stupendous Tome	0	IT27	0	255
157	18052	A Tattered Note	0	IT63	0	255
158	18052	A Tattered Note	0	IT63	0	255
183	18052	a tattered note	0	IT63	0	255
9776	18055	The Crusade of 1312 A.G.	0	IT27	0	255
1466	18064	Captain of the Sea	0	IT27	0	255
9653	18067	A Tattered Memo	0	IT63	0	255
9600	18077	Talon Southpaw	0	IT27	0	255
135	18079	A Scroll	0	IT63	0	255
6556	18084	Note from Kromrif	0	IT63	0	255
9921	18087	Tome of Instruction	0	IT63	0	255
4523	18089	How to Dye and Stain	0	IT63	0	255
9775	18090	The Crafty Tailor	0	IT63	0	255
6385	18098	Murdrick's Plan	0	IT63	0	255
5820	18099	Letter to Duriek	0	IT63	0	255
4521	18100	How To Sew: Medium Sizes	0	IT63	0	255
4522	18101	How To Sew: Small Sizes	0	IT63	0	255
4520	18102	How To Sew: Large Sizes	0	IT63	0	255
6313	18104	Mixxy's Delicacies Vol 1	0	IT63	0	255
6314	18105	Mixxy's Delicacies Vol 2	0	IT63	0	255
700	18106	Binelen's Quick Treats	0	IT63	0	255
701	18107	Binelen's Succulence	0	IT63	0	255
1244	18108	Brewer's Limericks	0	IT63	0	255
10933	18109	Xectia's Favored Flavors	0	IT63	0	255
6813	18110	Parchment of Flayed Skin	0	IT63	0	255
10934	18111	Xectia's Hot Pie	0	IT63	0	255
593	18112	Basic Blacksmithing	0	IT63	0	255
404	18113	Armor and Weapons Guide	0	IT63	0	255
594	18114	Basic Pottery	0	IT63	0	255
3446	18115	Fletching	0	IT63	0	255
79	18116	A Bowyers Guide	0	IT63	0	255
9586	18117	Tailoring	0	IT63	0	255
9587	18117	Tailoring	0	IT63	0	255
5282	18118	Journal of Gimblestan XI	0	IT63	0	255
10225	18119	Vaashar's Sweet Treats	0	IT63	0	255
10224	18120	Vaashar's Sweet Revenge	0	IT63	0	255
3748	18121	Ghumim's Delights	0	IT63	0	255
3747	18122	Ghumim's Classical Dishes	0	IT63	0	255
5283	18123	Journal of Gimblestan XIV	0	IT63	0	255
5284	18124	Journal of Gimblestan XV	0	IT63	0	255
6686	18125	On Languages	0	IT63	0	255
7603	18126	Rohand's Sea Treats	0	IT63	0	255
7602	18127	Rohand's Edibles	0	IT63	0	255
9140	18128	Sorin's Treats on the Go	0	IT63	0	255
9139	18129	Sorin's Tasty Kills	0	IT63	0	255
2411	18136	Delius Thyme's Diary Pg. 74	0	IT63	0	255
2412	18137	Delius Thyme's Diary Pg. 75	0	IT63	0	255
2413	18138	Delius Thyme's Diary Pg. 76	0	IT63	0	255
3690	18139	Garsen's Brewing List	0	IT63	0	255
2414	18142	Delivered Note	0	IT63	0	255
274	18143	An Old Delivered Book	0	IT63	0	255
6676	18143	An Old Delivered Book	0	IT63	0	255
10099	18145	Turgan's Note	0	IT63	0	255
2456	18146	Dirge of the ForgeFire	0	IT63	0	255
5285	18147	Journal of Gimblestan XXXIII	0	IT63	0	255
6559	18148	note of recommendation	0	IT63	0	255
9588	18149	Tailoring Quivers	0	IT63	0	255
68	18160	A Bardic Letter (Kelethin)	0	IT65	0	255
6560	18168	Note to Arantir	0	IT65	0	255
6553	18169	Note from Arantir	0	IT65	0	255
142	18170	A Singed Scroll	0	IT63	0	255
5821	18171	Letter to Peffin	0	IT63	0	255
5819	18172	Letter to Doldigun	0	IT63	0	255
3681	18173	Gans's note to Yelesom	0	IT64	0	255
7887	18175	Runes and Research Volume I	0	IT27	0	255
7888	18176	Runes and Research Volume II	0	IT27	0	255
3393	18178	Fixxin Followigs Silvery Blades	0	IT27	0	255
5902	18180	Lobal's Cures for Undeath	0	IT63	0	255
5311	18181	Kaxon's Beauty Tips	0	IT63	0	255
1897	18183	Conium's Notebook Part One	0	IT63	0	255
1898	18184	Conium's Notebook Part Two	0	IT63	0	255
6226	18185	Miners Guide to Toxicology	0	IT63	0	255
7048	18186	Poisons of the Lost Continent	0	IT63	0	255
7444	18187	Renux's Translations	0	IT63	0	255
8211	18189	Secrets of the White Rose	0	IT63	0	255
9477	18190	Study of Ethereal Suspension	0	IT63	0	255
4670	18191	Ikthars Fine Steel Skin	0	IT63	0	255
3353	18192	Fireprides Guide to Shield Craft	0	IT63	0	255
7537	18193	Rings, Chains, and Arrowheads	0	IT63	0	255
9783	18194	The Legend of Full Plate	0	IT63	0	255
5076	18195	Immortals	0	IT63	0	255
6437	18196	Natures Beverages	0	IT63	0	255
3284	18199	Fine Furs	0	IT63	0	255
1099	18202	Book of Turmoil	0	IT63	0	255
12148	18205	Guild Summons	0	IT63	0	0
6180	18208	Mended Tapestry	0	IT63	0	255
119	18214	A Page of a Poem	0	IT63	0	255
9657	18219	A Tattered Scroll	0	IT63	0	255
120	18220	A Page of A Tome	0	IT63	0	255
2854	18231	embalming fluid mixture	0	IT63	0	255
6555	18235	Note from Eichvul	0	IT64	0	255
10835	18237	Worn Coldain Tome	0	IT63	0	255
5797	18240	Legion Order	0	IT63	0	255
6781	18252	Pages from Brodders Diary I	0	IT27	0	255
6782	18253	Pages from Brodders Diary III	0	IT27	0	255
6783	18254	Pages from Brodders Diary IV	0	IT27	0	255
2633	18264	Dusty Kobold Scroll	0	IT63	0	255
7274	18271	A Ragged Book	0	IT63	0	255
7543	18272	Rites of Exoneration	0	IT63	0	255
419	18279	Art of Idol Sculpting	0	IT63	0	255
6111	18280	Master Wu's Tailoring Secrets	0	IT63	0	255
5154	18289	Investigator's Briefing	0	IT27	0	255
3665	18290	Fusibility Study: Part 1	0	IT28	0	255
5150	18292	Interrogator's Briefing	0	IT27	0	255
3666	18293	Fusibility Study: Part 2	0	IT28	0	255
3667	18294	Fusibility Study: Part 3	0	IT28	0	255
7448	18295	Research Briefing	0	IT27	0	255
1095	18302	Book of Scale	0	IT63	0	255
970	18313	Blood Stained Note	0	IT63	0	255
971	18313	Blood Stained Note (Klunga's Blood)	0	IT63	0	255
175	18314	A captured message	0	IT63	0	255
12149	18316	Korucust's report on Vrasyk	0	IT63	0	0
5412	18318	Korucust's note to Venril	0	IT63	0	255
6557	18319	Note from Prince Selrach	0	IT63	0	255
6576	18320	Notes from the Greenmist Tome	0	IT63	0	255
3719	18346	Geerloks Crafty Contraptions	0	IT63	0	255
8140	18401	Scroll of Flayed Goblin Skin	0	IT63	0	255
2463	18438	Dirty Goblin Parchment	0	IT63	0	255
6904	18450	Personal Diary Page	0	IT65	0	255
2014	18451	Crier's Scroll	0	IT65	0	255
6184	18452	Merchant's Letter	0	IT65	0	255
10897	18453	Written Announcement	0	IT65	0	255
7172	18454	Priest's Diary Page	0	IT65	0	255
9472	18455	Student's Log	0	IT27	0	255
4468	18456	Historic Article	0	IT27	0	255
2051	18457	Crusades of the High Scale	0	IT27	0	255
4350	18458	Head Housekeeper's Log	0	IT65	0	255
6455	18459	Neh`Ashiir's Diary	0	IT27	0	255
3603	18460	Frostweavers Silken Garments	0	IT63	0	255
9606	18501	Tanned Split Paw Skin (lore)	0	IT65	0	255
9605	18505	Tanned Split Paw Skin	0	IT65	0	255
9762	18508	Tesch Val Compilation	0	IT63	0	255
6861	18510	Pawbook	0	IT63	0	255
6732	18511	Orders of engagement	0	IT63	0	255
10967	18550	Yvonne's Guide to Alchemy	0	IT63	0	255
7367	18624	Reconstructing Mythology, Notes	0	IT63	4278190080	255
3362	18652	First Riddle for the Troll	0	IT63	0	255
8209	18653	Second Riddle for the Troll	0	IT63	0	255
9817	18654	Third Riddle for the Troll	0	IT63	0	255
9923	18700	Tome of Order and Discord	0	IT63	0	255
2459	18765	Dirt Covered Letter	0	IT63	0	255
7368	18766	Recruitment Letter	0	IT63	0	255
8768	18767	Small, Folded Note	0	IT63	0	255
3468	18768	Folded Parchment	0	IT63	0	255
7404	18772	Registration Letter	0	IT63	0	255
5918	18793	Lomarc's Payment	0	IT63	4278190080	255
620	18808	Bayle List I	0	IT63	0	255
621	18809	Bayle List II	0	IT63	0	255
622	18810	Bayle List III	0	IT63	0	255
6568	18823	Note to Neclo	0	IT63	0	255
145	18824	A Slip of Parchment	0	IT63	0	255
9766	18827	A Testimony of Truth	0	IT63	0	255
9765	18828	Testimony	0	IT63	0	255
138	18835	A Sealed List	0	IT63	0	255
2253	18837	A Daily Log	0	IT63	0	255
5869	18868	A List	0	IT63	0	255
5998	18870	Malagil's Compendium Vol. 1	0	IT63	0	255
5999	18871	Malagil's Compendium Vol. 2	0	IT63	0	255
9741	18872	Telryd's Writ	0	IT63	0	255
9740	18873	Telryd's Expansive Writ	0	IT63	0	255
9794	18874	The Wizard's Canon	0	IT63	0	255
5158	18876	Ipsor's Enlightenment III	0	IT63	0	255
5159	18877	Ipsor's Enlightenment IV	0	IT63	0	255
2439	18878	Diablerie	0	IT63	0	255
2440	18879	Diablerie II	0	IT63	0	255
5928	18880	Lore of Malignancy	0	IT63	0	255
4411	18881	Helatan's Writ of Depravity	0	IT63	0	255
9777	18882	The End of an Age	0	IT63	0	255
9640	18885	A Tattered Cloth Note	0	IT63	0	255
173	18905	A Worn Rune	0	IT63	0	255
6200	18921	Message to Konem	0	IT63	0	255
4123	18922	Grathin's Invoice	0	IT63	0	255
6202	18923	Message to Rebby	0	IT63	0	255
5793	18926	Legacy of Jewel Craft	0	IT63	0	255
9655	18940	A Tattered Recipe	0	IT63	0	255
178	18944	A note	0	IT63	0	255
190	18948	About Seafarer Ringmail	0	IT63	0	255
5777	18957	Leatherfoot Raider Orders	0	IT63	0	255
7132	18958	Power of the Orb	0	IT63	0	255
2721	18959	Earth Stained Note	0	IT63	0	255
289	18960	Ancient Pattern	0	IT63	0	255
10008	18961	Translated Parchment	0	IT63	0	255
6955	18962	Pirate Grammar Manual	0	IT63	0	255
189	18963	About Ogre Splintmail	0	IT63	0	255
6569	18970	Note to Niclaus	0	IT63	4278190080	255
1340	18978	Brother's Fallen	0	IT63	0	255
1835	18981	Coldain History: Volume I	0	IT28	0	255
1836	18982	Coldain History: Volume II	0	IT28	0	255
1837	18983	Coldain History: Volume III	0	IT28	0	255
1838	18984	Coldain History: Volume IV	0	IT28	0	255
1839	18985	Coldain History: Volume V	0	IT28	0	255
1840	18986	Coldain History: Volume VI	0	IT28	0	255
3720	18999	Geerloks Crafty Contraptions II	0	IT63	0	255
5118	19001	Ingot of the Reliant	0	IT63	16768130	255
4609	19002	Icon of the Reliant	0	IT67	16768130	255
5113	19003	Ingot of the Ardent	0	IT63	16768130	255
4603	19004	Icon of the Ardent	0	IT67	16768130	255
5116	19005	Ingot of the Fervent	0	IT63	16768130	255
4606	19006	Icon of the Fervent	0	IT67	16768130	255
5117	19007	Ingot of the Penitent	0	IT63	16768130	255
4608	19008	Icon of the Penitent	0	IT67	16768130	255
5119	19009	Ingot of the Reverent	0	IT63	16768130	255
4610	19010	Icon of the Reverent	0	IT67	16768130	255
5114	19011	Ingot of the Constant	0	IT63	16768130	255
4604	19012	Icon of the Constant	0	IT67	16768130	255
5115	19013	Ingot of the Devout	0	IT63	16768130	255
4605	19014	Icon of the Devout	0	IT67	16768130	255
5112	19015	Ingot of Sacrament	0	IT63	16768130	255
4602	19016	Icon of Sacrament	0	IT67	16768130	255
6256	19028	Missing Teir`Dal Crate	0	IT63	0	255
7365	19029	Receipt for Provisions Crate	0	IT63	0	255
1532	19031	Cauldron Shell	0	IT63	0	255
592	19032	Basalt Drake Scales	0	IT63	0	255
1356	19033	Bull Elephant Tooth	0	IT63	0	255
6903	19034	Permafrost Snowball	0	IT63	0	255
2583	19035	Driftwood Pipe	0	IT63	0	255
5469	19036	Lancer Swordfish Fin	0	IT63	0	255
1063	19037	Bone Barbs	0	IT63	0	255
3745	19038	Ghoul Carrion	0	IT63	0	255
1622	19039	Chief's Tongue	0	IT63	0	255
6670	19040	Ogreskin Chamois	0	IT63	0	255
9759	19041	Terror Spines	0	IT63	0	255
3826	19042	Glacier Bear Pelt	0	IT63	0	255
6030	19043	Mammoth Rib Bone	0	IT63	0	255
4219	19044	Grizzleknot Bark	0	IT63	0	255
1598	19045	Charger Hoof Chips	0	IT63	0	255
4205	19046	Griffenne Downfeather	0	IT63	0	255
3677	19047	Galvanized Platinum Bar	0	IT63	0	255
10464	19048	Vulcanized Platinum Bar	0	IT63	0	255
5989	19049	Magnetized Platinum Bar	0	IT63	0	255
2060	19050	Crushed Dufrenite	0	IT63	0	255
4232	19051	Ground Dufrenite	0	IT63	0	255
7126	19052	Powdered Dufrenite	0	IT63	0	255
9731	19065	Teir`Dal Crate	0	IT63	0	255
9950	19070	Torn, Frost covered book	0	IT63	0	255
9951	19071	Torn, burnt book	0	IT63	0	255
6243	19072	Miragul's Phylactery	0	IT63	0	255
6242	19073	Miragul's Head	0	IT63	0	255
1285	19075	Broken Minotaur Lord's Horn	0	IT6	0	255
631	19076	Bear Paw's Pelt	0	IT63	0	255
10445	19100	Vineclinger Berries	0	IT63	0	255
7986	19113	Saltwater Seaweed	0	IT63	0	255
1776	19121	Cobalt Abalone	0	IT400	0	255
379	19122	Arctic Mussels	0	IT400	0	255
380	19123	Arctic Scallop	0	IT400	0	255
8839	19124	Small Clam	0	IT400	0	255
378	19125	Arctic King Crab	0	IT400	0	255
1798	19126	Cobalt Rock Crab	0	IT400	0	255
9288	19127	Splinter of Frozen Shadow	0	IT400	0	255
8838	19128	Small Chunk of Velium	0	IT400	0	255
4580	19129	Iceclad Shrimp	0	IT400	0	255
1198	19130	Glob of Slush Water	0	IT400	0	255
3850	19130	Glob of Slush Water	0	IT400	0	255
10085	19131	Tuft of Dire Wolf Fur	0	IT63	0	255
5929	19133	Lost Marble	0	IT63	0	255
7627	19134	Rotting Dragon Scale	0	IT63	0	255
1953	19135	Cracked Dragon Bone	0	IT8	0	3
2521	19136	Dragon Claw Sliver	0	IT5	0	19
2551	19137	Drake Egg	0	IT63	0	255
10916	19138	Wurm Egg	0	IT63	0	255
2523	19139	Dragon Egg	0	IT63	0	255
1209	19140	Branch of Sylvan Oak	0	IT63	0	255
1208	19142	Branch of Planar Oak	0	IT403	0	255
5829	19143	Lichen Roots	0	IT63	0	255
12131	19150	Bladder of Otter Milk	0	IT63	0	255
12133	19151	Clamcakes	0	IT63	0	255
239	19153	Algae Spices	0	IT63	0	255
5328	19154	Kelp Garnish	0	IT63	0	255
5293	19155	Jug of Oyster Sauces	0	IT63	0	255
8191	19156	Seaweed Vinegar	0	IT63	0	255
6974	19157	Plankton Frosting	0	IT63	0	255
470	19158	Azure Algae	0	IT63	0	255
6605	19159	Ochre Algae	0	IT63	0	255
1342	19160	Brown Algae	0	IT63	0	255
8686	19162	Siren Pickles	0	IT63	0	255
6925	19165	Pickled Dragon	0	IT63	0	255
6936	19166	Pickled Wyvern	0	IT63	0	255
6935	19167	Pickled Wurm	0	IT63	0	255
6926	19169	Pickled Drake	0	IT63	0	255
6932	19170	Pickled Storm Giant	0	IT63	0	255
6937	19170	Pickled Storm Giant	0	IT63	0	255
6929	19171	Pickled Frost Giant	0	IT63	0	255
8156	19172	Sea Green Cookies	0	IT63	0	255
1781	19173	Cobalt Cup Cakes	0	IT63	0	255
10580	19174	White Algae	0	IT63	0	255
6753	19175	Othmir Algae Ale	0	IT63	0	255
8538	19176	Sifaye Pickles	0	IT63	0	255
6934	19177	Pickled Unicorn	0	IT63	0	255
6927	19178	Pickled Faun	0	IT63	0	255
1197	19183	Brackish Othmir Ale	0	IT63	0	255
6761	19184	Othmir Short Beer	0	IT63	0	255
8724	19187	Skunk Breath Ale	0	IT63	0	255
1102	19188	Boot Beer	0	IT63	0	255
401	19189	Armadillo Simmer Ale	0	IT63	0	255
9579	19190	Tail Kicker Lager	0	IT63	0	255
9540	19192	Swamp Vegetables	0	IT401	0	255
5135	19193	Innothule Mushroom	0	IT402	0	255
400	19194	Armadillo Meat	0	IT63	0	255
399	19195	Armadillo Husk	0	IT63	0	255
6238	19198	Minotaur Hero's Brew	0	IT63	0	255
11542	19206	Spell: Word of Vigor	0	IT63	4278190080	20
11234	19213	Spell: Heroic Bond	0	IT63	4278190080	20
11190	19216	Spell: Fortitude	0	IT63	4278190080	20
11538	19221	Spell: Word of Restoration	0	IT63	4278190080	20
11728	19236	Spell: Egress	0	IT63	4278190080	20
11797	19240	Spell: Glamour of Tunare	0	IT63	4278190080	20
11646	19250	Spell: Breath of Karana	0	IT63	4278190080	20
11773	19255	Spell: Fist of Karana	0	IT63	4278190080	20
11915	19256	Spell: Regrowth of the Grove	0	IT63	4278190080	20
11786	19260	Spell: Form of the Hunter	0	IT63	4278190080	20
11871	19261	Spell: Mask of the Hunter	0	IT63	4278190080	20
11476	19267	Spell: Talisman of Shadoo	0	IT63	4278190080	20
11497	19274	Spell: Torrent of Poison	0	IT63	4278190080	20
11021	19277	Spell: Bane of Nife	0	IT63	4278190080	20
11481	19286	Spell: Talisman of the Serpent	0	IT63	4278190080	20
11314	19291	Spell: Malo	0	IT63	4278190080	20
11496	19293	Spell: Torpor	0	IT63	4278190080	20
9194	19297	Spell: Minion of Shadows	0	IT63	4278190080	255
11109	19298	Spell: Deflux	0	IT63	4278190080	20
11427	19301	Spell: Skin of the Shadow	0	IT63	4278190080	20
11304	19303	Spell: Levant	0	IT63	4278190080	20
11063	19304	Spell: Cessation of Cor	0	IT63	4278190080	20
11514	19306	Spell: Vexing Mordinia	0	IT63	4278190080	20
11358	19308	Spell: Pyrocruor	0	IT63	4278190080	20
11155	19311	Spell: Emissary of Thule	0	IT63	4278190080	20
11170	19313	Spell: Enslave Death	0	IT63	4278190080	20
12040	19317	Spell: Tishan's Discord	0	IT63	4278190080	20
12033	19329	Spell: Tears of Solusek	0	IT63	4278190080	20
11870	19331	Spell: Markar's Discord	0	IT63	4278190080	20
9195	19346	Spell: Scintillation	0	IT63	4278190080	255
9202	19355	Spell: Vocarate: Fire	0	IT63	4278190080	255
11630	19356	Spell: Bandoleer of Luclin	0	IT63	4278190080	20
9201	19357	Spell: Vocarate: Air	0	IT63	4278190080	255
9179	19368	Spell: Boon of Immolation	0	IT63	4278190080	255
11490	19374	Spell: Theft of Thought	0	IT63	4278190080	20
11075	19379	Spell: Clarity II	0	IT63	4278190080	20
11042	19386	Spell: Boon of the Clear Mind	0	IT63	4278190080	20
12158	19387	Spell: Wind of Tishani	0	IT63	4278190080	20
11507	19393	Spell: Umbra	0	IT63	4278190080	20
11169	19396	Spell: Enlightenment	0	IT63	4278190080	20
11025	19400	Spell: Bedlam	0	IT63	4278190080	20
11394	19408	Spell: Scent of Terris	0	IT63	4278190080	20
11409	19409	Spell: Shadowbond	0	IT63	4278190080	20
12068	19413	Spell: Wake of Karana	0	IT63	4278190080	20
11016	19416	Spell: Augment	0	IT63	4278190080	20
11644	19419	Spell: Bonds of Tunare	0	IT63	4278190080	20
11387	19421	Spell: Sacrifice	0	IT63	4278190080	20
11279	19424	Spell: Infusion	0	IT63	4278190080	20
12020	19436	Spell: Summon Orb	0	IT63	4278190080	20
11901	19469	Spell: Porlos' Fury	0	IT63	4278190080	20
11811	19470	Spell: Hsagra's Wrath	0	IT63	4278190080	20
11701	19471	Spell: Combine Gate	0	IT63	4278190080	20
11939	19472	Spell: Ring of the Combines	0	IT63	4278190080	20
12049	19475	Spell: Translocate: Fay	0	IT63	4278190080	20
12056	19476	Spell: Translocate: Tox	0	IT63	4278190080	20
12054	19477	Spell: Translocate: North	0	IT63	4278190080	20
12047	19478	Spell: Translocate: Combine	0	IT63	4278190080	20
11277	19479	Spell: Incinerate Bones	0	IT63	4278190080	20
11087	19480	Spell: Conglaciation of Bone	0	IT63	4278190080	20
11114	19481	Spell: Dementing Visions	0	IT63	4278190080	20
11072	19482	Spell: Circle of Surefall Glade	0	IT63	4278190080	20
11938	19483	Spell: Ring of Surefall Glade	0	IT63	4278190080	20
12053	19485	Spell: Translocate: Nek	0	IT63	4278190080	20
12048	19486	Spell: Translocate: Common	0	IT63	4278190080	20
12055	19487	Spell: Translocate: Ro	0	IT63	4278190080	20
12058	19488	Spell: Translocate: West	0	IT63	4278190080	20
12045	19489	Spell: Translocate: Cazic	0	IT63	4278190080	20
9196	19490	Spell: Shroud of Undeath	0	IT63	4278190080	255
11106	19495	Spell: Dead Men Floating	0	IT63	4278190080	20
9191	19496	Spell: Gangrenous Touch of Zum`uul	0	IT63	4278190080	255
12064	19501	Spell: Valiant Companion	0	IT63	4278190080	20
12014	19502	Spell: Summon Companion	0	IT63	4278190080	20
11752	19503	Spell: Expedience	0	IT63	4278190080	20
11560	19504	Song: Cassindra's Chant of Clarity	0	IT63	4278190080	20
11128	19505	Spell: Divine Glory	0	IT63	4278190080	20
11449	19506	Spell: Strengthen Death	0	IT63	4278190080	20
12052	19509	Spell: Translocate: Iceclad	0	IT63	4278190080	20
12050	19510	Spell: Translocate: Great Divide	0	IT63	4278190080	20
12057	19511	Spell: Translocate: Wakening Lands	0	IT63	4278190080	20
12046	19512	Spell: Translocate: Cobalt Scar	0	IT63	4278190080	20
11801	19513	Spell: Great Divide Gate	0	IT63	4278190080	20
12069	19514	Spell: Wakening Lands Gate	0	IT63	4278190080	20
11696	19515	Spell: Cobalt Scar Gate	0	IT63	4278190080	20
11931	19516	Spell: Ring of Great Divide	0	IT63	4278190080	20
11941	19517	Spell: Ring of Wakening Lands	0	IT63	4278190080	20
11928	19518	Spell: Ring of Cobalt Scar	0	IT63	4278190080	20
11355	19520	Spell: Primal Essence	0	IT63	4278190080	20
11175	19523	Spell: Everlasting Breath	0	IT63	4278190080	20
5775	19574	Leathered Zombie Flesh	0	IT63	0	255
5780	19582	Leatherfoot Short Bow	0	IT4	0	5
5907	19583	Lock of Zombie Hair	0	IT63	0	255
9402	19742	Stein	0	IT56	4278190080	3
3449	19748	Flower	0	IT63	4278190080	255
7258	19759	Quill	0	IT63	4278190080	255
7311	19850	Rattlesnake Skin	0	IT63	0	255
5653	19851	Large Rattlesnake Skin	0	IT63	0	255
5586	19862	Large Fire Beetle Tarsus	0	IT63	0	255
5584	19863	Large Fire Beetle Patella	0	IT63	0	255
5585	19864	Large Fire Beetle Sternite	0	IT63	0	255
6198	19942	Message in Thieves Cant	0	IT63	0	255
6140	19951	Medallion of the Kunzar	0	IT63	0	255
6142	19952	Medallion of the Nathsar	0	IT63	0	255
6143	19953	Medallion of the Obulus	0	IT63	0	255
6139	19954	Medallion of the Jarsath	0	IT63	0	255
6141	19955	Medallion of the Kylong	0	IT63	0	255
6944	19956	Piece of a medallion	0	IT63	0	255
3229	19966	Faydwer Shaker	0	IT63	0	255
10178	19967	Underfoot Brown	0	IT63	0	255
4264	19968	Gypsy Porter	0	IT63	0	255
7383	19969	Red Porter	0	IT63	0	255
3227	19970	Faydwer Porter	0	IT63	0	255
7547	19971	Ro Porter	0	IT63	0	255
10179	19972	Underfoot Mushroom	0	IT402	0	255
2453	19975	Dire Wolf Pale Ale	0	IT63	0	255
1843	19976	Coldain Ice Beer	0	IT63	0	255
10341	19977	Velium Keg Stout	0	IT63	0	255
2504	19978	Doogle's Spiced Rum	0	IT63	0	255
4312	19979	Harbinger Holy Ale	0	IT63	0	255
6177	19980	Melted Glacier Whiskey	0	IT63	0	255
10662	19981	Winter Falls Wine	0	IT63	0	255
2255	19982	Dain`s Choice Porter	0	IT63	0	255
5424	19983	Kromrif Spit Vodka	0	IT63	0	255
898	19984	Bleeding Kromzek	0	IT63	0	255
154	19985	A Strange Dark Fungus	0	IT401	0	255
9442	19985	A Strange Dark Fungus	0	IT401	0	255
9838	19986	Thubr's Darkened Ale	0	IT63	0	255
8126	19988	Scorpion Sandwich	0	IT63	0	255
3587	19989	Frost Giant Steak	0	IT63	0	255
9430	19990	Storm Giant Steak	0	IT63	0	255
9431	19990	Storm Giant Steak	0	IT63	0	255
10941	19991	Yakman Steak	0	IT63	0	255
1655	19992	Chocolate Marr Cherries	0	IT63	0	255
6961	19993	Pixie Powder Cinnesticks	0	IT63	0	255
5409	19994	Kobold Steaks	0	IT63	0	255
2534	19995	Dragon Steaks	0	IT63	0	255
6705	19998	Orange Flavored Cod	0	IT63	0	255
6708	19998	Orange Flavored Cod	0	IT63	0	255
1536	19999	Caynar Nut Stuffed Trout	0	IT63	0	255
1213	20008	Brass Key	0	IT63	0	255
2110	20033	Crystal Key	0	IT63	0	255
9830	20034	Three Toothed Key	0	IT63	0	255
3607	20035	Frosty key	0	IT63	0	255
9048	20036	Small rusty key	0	IT63	0	255
1081	20037	Bone finger key	0	IT63	0	255
5745	20038	Large metal key	0	IT63	0	255
10081	20039	Tserrina's Key	0	IT63	0	255
4633	20041	Idol of Rallos Zek	0	IT67	0	255
4639	20042	Idol of the Tribunal	0	IT67	0	255
4620	20043	Idol of Cazic Thule	0	IT67	0	255
4619	20044	Idol of Brell Serilis	0	IT67	0	255
4636	20045	Idol of Tunare	0	IT67	0	255
4628	20046	Idol of Innoruuk	0	IT67	0	255
4631	20047	Idol of Prexus	0	IT67	4278190080	255
4630	20048	Idol of Mithaniel Marr	0	IT67	4278190080	255
4624	20049	Idol of Erollisi Marr	0	IT67	0	255
4618	20050	Idol of Bertoxxulous	0	IT67	4278190080	255
4635	20051	Idol of Solusek Ro	0	IT67	0	255
4629	20052	Idol of Karana	0	IT67	0	255
4627	20053	Idol of Fizzlethorpe Bristlebane	0	IT67	0	255
4632	20054	Idol of Quellious	0	IT67	0	255
4634	20055	Idol of Rodcet Nife	0	IT67	0	255
7714	20109	Ruined Gnoll Chain Coif	2	IT63	0	10
7713	20110	Ruined Gnoll Chain Coat	2	IT63	0	10
7717	20112	Ruined Gnoll Chain Sleeves	2	IT63	0	10
7712	20113	Ruined Gnoll Chain Bracelet	2	IT63	0	10
7715	20114	Ruined Gnoll Chain Gloves	2	IT63	0	10
7114	20115	Pouch of Kejek Catnip	0	IT64	0	255
502	20116	Ball of Burlap Yarn	0	IT63	0	255
7716	20117	Ruined Gnoll Chain Pants	2	IT63	0	10
7711	20118	Ruined Gnoll Chain Boots	2	IT63	0	10
7721	20119	Ruined Gnoll Leather Skullcap	1	IT63	0	10
7723	20169	Ruined Gnoll Leather Tunic	1	IT63	0	10
7722	20170	Ruined Gnoll Leather Sleeves	1	IT63	0	10
7724	20171	Ruined Gnoll Leather Wristbands	1	IT63	0	10
7719	20172	Ruined Gnoll Leather Gloves	1	IT63	0	10
7720	20173	Ruined Gnoll Leather Leggings	1	IT63	0	10
7718	20174	Ruined Gnoll Leather Boots	1	IT63	0	10
5748	20204	Larkin Tolmans Head	0	IT63	0	255
6726	20281	Orcish Arsons Torch	0	IT36	0	255
1548	20288	Centurion Relgle's Head	0	IT63	0	255
5507	20355	Large Briar Snake Skin	0	IT63	0	255
3753	20356	Giant Briar Snake Skin	0	IT63	0	255
7726	20359	Ruined Kobold Pelt	0	IT63	0	255
5147	20360	Intact Kobold Pelt	0	IT63	0	255
5991	20366	Mahlin's Mystical Bongos	0	IT11501	0	255
6018	20367	Maligar's Head	0	IT63	0	255
6566	20368	Note to Maligar	0	IT63	0	255
6132	20370	Mechanical Doll	0	IT63	0	255
6551	20371	Note for Baenar	0	IT63	0	255
9121	20372	Solusek Mining Company Invoice	0	IT63	0	255
7540	20374	Ripped Qeynos Bards Guild Flyer	0	IT63	0	255
5977	20376	Maestro's Symphony Page 24 Top	0	IT63	0	255
5979	20376	Maestro's Symphony Page 24 Top	0	IT63	0	255
5980	20377	Maestro's Symphony Page 25	0	IT63	0	255
6561	20378	Note to Forpar Fizfla	0	IT63	0	255
7196	20379	Proof of Speed	0	IT63	0	255
3544	20380	Forpar's Note to Himself	0	IT63	0	255
5976	20383	Maestro's Symphony Page 24 Bottom	0	IT63	0	255
5978	20383	Maestro's Symphony Page 24 Bottom	0	IT63	0	255
6390	20384	Muskie Marinade	0	IT63	0	255
10281	20385	Vegetable Roughy	0	IT63	0	255
10279	20386	Vegetable Oil	0	IT63	0	255
7988	20388	Salty Whitefish Fillets	0	IT63	0	255
7606	20389	Rolled Cutlassfish	0	IT63	0	255
9072	20396	Snake Steak	0	IT63	0	255
9070	20397	Snake Pickles	0	IT63	0	255
838	20398	Blackened Panther	0	IT63	0	255
7288	20399	Raptor Steak	0	IT63	0	255
7289	20399	Raptor Steak	0	IT63	0	255
7192	20401	Pristine Kobold Pelt	0	IT63	0	255
5399	20408	Kobold Foot Bones	0	IT63	0	255
2776	20440	Elaborate Scimitar	0	IT86	0	0
3195	20446	Faelin`s Ring	0	IT63	0	255
2291	20447	Dark Metal Coin	0	IT63	0	255
10837	20448	Worn Dark Metal Coin	0	IT63	0	255
1203	20450	Braided Grass Amulet	0	IT63	0	255
2911	20455	Enchanted Clay	0	IT63	0	255
7026	20456	Platinum Speckled Powder	0	IT63	0	255
7034	20456	Platinum Speckled Powder	0	IT63	0	255
2069	20457	Crushed Pot	0	IT63	0	255
4224	20458	Grocery List	0	IT63	0	255
488	20459	Bag of Provisions	0	IT63	0	255
7839	20460	Runecrested Bowl	0	IT63	0	255
7208	20461	Pulsing Green Stone	0	IT63	0	255
9109	20462	Softly Glowing Stone	0	IT63	0	255
7538	20464	Ripened Heartfruit	0	IT63	0	255
9546	20465	Sweetened Mudroot	0	IT63	0	255
9172	20466	Speckled Molded Mushroom	0	IT63	0	255
1628	20467	Chilled Tundra Root	0	IT63	0	255
10517	20468	Warmly Glowing Stone	0	IT63	0	255
10844	20472	Worn Note	0	IT63	0	255
4319	20473	Hardened Mixture	0	IT63	0	255
7364	20474	Receipt	0	IT63	0	255
10712	20475	Wood Painting	0	IT63	0	255
8572	20476	Silver Chained Locket	0	IT63	0	255
288	20477	Ancient Longsword	0	IT1	0	0
9150	20478	Soulbound Hammer	0	IT14	0	3
2693	20479	Dwarven Smiths Hammer	0	IT14	0	3
7397	20481	Refined Ancient Sword	0	IT1	0	0
9046	20482	Small bit of Mithril Ore	0	IT63	0	255
7398	20483	Refined Mithril Blade	0	IT1	0	0
8390	20484	Shattered Emerald of Corruption	0	IT63	0	255
4293	20485	Hammer of the Ancients	0	IT14	0	3
9550	20487	Swiftwind	0	IT149	0	0
2722	20488	Earthcaller	0	IT149	0	0
6436	20490	Nature Walkers Scimitar	0	IT150	0	0
9552	20494	Swirling Sphere of Color	0	IT63	0	255
9599	20511	Tallow-marked Candle	0	IT63	0	255
8541	20512	Sigil of the Calendar	0	IT63	0	255
1287	20513	Broken Sacrificial Blade	0	IT50	0	255
7956	20514	Sacrificial Robe Clasp	0	IT63	0	255
8712	20515	Skull-engraved Coin	0	IT63	0	255
1807	20516	Coin Depicting Innoruuk	0	IT63	0	255
5312	20524	Kedge Backbone	0	IT63	0	255
6912	20525	Petrified Werewolf Skull	0	IT63	0	255
10175	20526	Undead Dragongut Strings	0	IT63	0	255
1666	20527	Chromodrac Gut	0	IT63	0	255
7392	20528	Red Wurm Gut	0	IT63	0	255
6692	20529	Onyx Drake Gut	0	IT63	0	255
247	20530	Alluring Horn	0	IT15	0	255
9945	20532	Torch of Misty	0	IT36	0	255
9947	20533	Torch of Ro	0	IT36	0	255
9946	20534	Torch of Rathe	0	IT36	0	255
6413	20535	Mystical Lute Head	0	IT63	0	255
6412	20536	Mystical Lute Body	0	IT63	0	255
6411	20538	Mystical Lute	0	IT11502	0	255
8669	20542	Singing Short Sword	0	IT148	0	0
8152	20544	Scythe of the Shadowed Soul	0	IT153	0	3
4884	20545	Imbued Jaded Silver Ring	0	IT63	0	10
4882	20546	Imbued Jaded Electrum Bracelet	0	IT63	0	10
4869	20547	Imbued Golden Jaded Bracelet	0	IT63	0	10
4883	20548	Imbued Jaded Platinum Ring	0	IT63	0	10
4985	20549	Imbued Silver Amber Ring	0	IT63	0	255
4756	20550	Imbued Electrum Amber Earring	0	IT63	0	255
4862	20551	Imbued Golden Amber Earring	0	IT63	0	255
4967	20552	Imbued Platinum Amber Ring	0	IT63	0	255
4992	20553	Imbued Silver Ruby Veil	0	IT63	0	255
4980	20554	Imbued Ruby Electrum Ring	0	IT63	0	255
4874	20555	Imbued Golden Ruby Ring	0	IT63	0	255
4975	20556	Imbued Platinum Ruby Veil	0	IT63	0	255
4987	20557	Imbued Silver Emerald Ring	0	IT63	0	10
4775	20558	Imbued Emerald Electrum Bracelet	0	IT63	0	10
4866	20559	Imbued Golden Emerald Bracelet	0	IT63	0	10
4969	20560	Imbued Platinum Emerald Ring	0	IT63	0	10
4982	20562	Imbued Sapphire Electrum Earring	0	IT63	0	255
4875	20563	Imbued Golden Sapphire Earring	0	IT63	0	255
4983	20564	Imbued Sapphire Platinum Necklace	0	IT63	0	255
4705	20565	Imbued Blackened Pearl Silver Ring	0	IT63	0	255
4699	20566	Imbued Black Pearl Electrum Choker	0	IT63	0	255
4863	20567	Imbued Golden Black Pearl Choker	0	IT63	0	255
4700	20568	Imbued Black Pearl Platinum Ring	0	IT63	0	255
4986	20569	Imbued Silver Diamond Ring	0	IT63	0	255
4719	20570	Imbued Diamond Electrum Mask	0	IT63	0	255
4865	20571	Imbued Golden Diamond Mask	0	IT63	0	255
4968	20572	Imbued Platinum Diamond Ring	0	IT63	0	255
4993	20577	Imbued Silvered Peridot Ring	0	IT63	0	10
4759	20578	Imbued Electrum Peridot Bracelet	0	IT63	0	10
4871	20579	Imbued Golden Peridot Bracelet	0	IT63	0	10
4973	20580	Imbued Platinum Peridot Ring	0	IT63	0	10
5049	20581	Imbued Topaz Silver Necklace	0	IT63	0	10
5048	20582	Imbued Topaz Electrum Earring	0	IT63	0	10
4876	20583	Imbued Golden Topaz Earring	0	IT63	0	10
4976	20584	Imbued Platinum Topaz Necklace	0	IT63	0	10
4989	20585	Imbued Silver Opal Ring	0	IT63	0	255
4758	20586	Imbued Electrum Opal Amulet	0	IT63	0	255
4870	20587	Imbued Golden Opal Amulet	0	IT63	0	255
4972	20588	Imbued Platinum Opal Ring	0	IT63	0	255
4988	20589	Imbued Silver Fire Ring	0	IT63	0	10
4757	20590	Imbued Electrum Fire Ring	0	IT63	0	10
4867	20591	Imbued Golden Fire Ring	0	IT63	0	10
4970	20592	Imbued Platinum Fire Ring	0	IT63	0	10
4880	20593	Imbued Ivory Silver Necklace	0	IT63	0	10
4879	20594	Imbued Ivory Electrum Earring	0	IT63	0	10
4868	20595	Imbued Golden Ivory Earring	0	IT63	0	10
4971	20596	Imbued Platinum Ivory Necklace	0	IT63	0	10
4991	20597	Imbued Silver Rose Ring	0	IT63	0	255
4761	20598	Imbued Electrum Rose Amulet	0	IT63	0	255
4873	20599	Imbued Golden Rose Amulet	0	IT63	0	255
8317	20636	Shadowed Code Book	0	IT27	0	255
3744	20637	Ghoul Boss' Log Book	0	IT27	0	255
8183	20638	Sealed Ghoul Boss' Log Book	0	IT10645	4278190080	255
6731	20639	Orders for Bryn	0	IT63	4278190080	255
3845	20640	Glidara's Ring	0	IT63	0	255
4362	20641	Head of Sir Edwin Motte	0	IT63	0	255
8090	20645	Scaled Symbol of the Serpent	0	IT63	0	255
9567	20648	Symbol of Insanity	0	IT63	0	255
7609	20649	Rolling Stone Moss	0	IT63	0	255
6048	20654	Manisi Herb	0	IT63	0	255
8752	20655	Slime Blood of Cazic Thule	2	IT63	0	10
3152	20656	Eye of Innoruuk	0	IT72	0	255
3880	20657	Glowing Black Sword	0	IT53	0	0
10110	20658	Twisted Bone Earring	0	IT63	0	10
352	20659	Apprentice Ring	0	IT63	0	255
5318	20664	Keg of Vox Tail Ale	0	IT63	0	255
925	20665	Block of Permafrost	0	IT63	0	255
7438	20666	Rejesiam Ore	0	IT63	0	255
277	20667	Ancient Sword Blade	0	IT63	0	255
305	20667	Ancient Sword Blade	0	IT63	0	255
10213	20668	Unjeweled Dragon Head Hilt	0	IT63	0	255
8268	20669	Severely Damaged Dragon Head Hilt	0	IT63	0	255
5277	20671	Jeweled Dragon Head Hilt	0	IT63	0	255
3319	20672	Finely Crafted Dragon Head Hilt	0	IT63	0	255
10537	20673	Wax Sealed Note	0	IT63	0	255
9886	20674	Tiny Lute	0	IT63	0	255
4306	20676	Hand of the Maestro	0	IT68	0	255
503	20677	Ball of Everliving Golem	0	IT63	0	255
3793	20678	Giant Sized Monocle	0	IT63	0	10
9283	20679	Spiroc Wingblade	0	IT42	0	0
9976	20680	Totem of the Freezing War	0	IT67	0	255
9975	20681	Totem of Fiery War	0	IT67	0	255
6070	20683	Mark of the Sword	0	IT67	0	255
9755	20684	Tenal`s note to Kargek	0	IT27	0	255
7213	20685	Pure Lakewater	0	IT63	0	255
4176	20686	Green Tree Bark	0	IT63	0	255
7037	20687	Pod of Seawater	0	IT63	0	255
291	20688	Ancient Rock	0	IT63	0	255
1711	20689	Clean Lakewater	0	IT63	0	255
1675	20690	Chunk of Tundra	0	IT63	0	255
5314	20691	Kedge Cave Crystals	0	IT63	0	255
6604	20692	Ocean of Tears Seavines	0	IT63	0	255
4168	20693	Green Heartwood Branch	0	IT63	0	255
3844	20694	Gleaming Unicorn Horn	0	IT63	0	255
10516	20695	Warm Pulsing Treant Heart	0	IT63	0	255
3563	20696	Froglok Essence	0	IT63	0	255
1713	20697	Cleansed Spirit of Faydwer	0	IT63	0	255
1712	20698	Cleansed Spirit of Antonica	0	IT63	0	255
1714	20699	Cleansed Spirit of Kunark	0	IT63	0	255
8666	20700	Silvery Ring	0	IT63	0	255
2581	20701	Dried Leather	0	IT63	0	255
3326	20702	Finely Woven Cloth Belt	0	IT63	0	10
964	20703	Blood Sky Emerald	0	IT63	0	255
7900	20704	Rusted Pauldrons	0	IT63	4278190080	10
2769	20705	Efreeti War Shield	0	IT211	0	255
6597	20706	Obsidian Shard (Sky)	0	IT63	0	255
5699	20707	Large Sky Pearl	0	IT63	0	255
5245	20708	Jar of Honey	0	IT63	0	255
9214	20709	Sphinxian Ring	0	IT63	0	255
3194	20710	Fae Pauldrons	0	IT63	4278190080	10
2764	20711	Efreeti War Axe	0	IT84	0	1
1002	20712	Bloodstained Hilt	0	IT63	0	255
966	20713	Blood Sky Ruby	0	IT63	0	255
9276	20721	Spiroc Peace Totem	0	IT63	0	255
717	20722	Bixie Sword Blade	0	IT50	0	0
3115	20723	Ethereal Topaz	0	IT63	0	255
9205	20724	Sphinx Claw	0	IT71	4278190080	0
2773	20725	Efreeti Zweihander	0	IT2	0	1
4051	20726	Golden Hilt	0	IT63	0	255
5698	20727	Large Sky Diamond	0	IT63	0	255
732	20728	Black Face Paint	0	IT63	0	255
10840	20729	Worn Leather Mask	0	IT63	0	10
6434	20730	Nature Walker's Sky Emerald	0	IT63	0	255
6059	20731	Mantle of Woven Grass	0	IT63	0	10
4316	20732	Hardened Clay	0	IT63	0	255
9269	20733	Spiroc Battle Staff	0	IT75	0	3
10632	20734	Wilder's Girdle	0	IT63	0	10
2483	20735	Divine Honeycomb	0	IT63	0	255
195	20736	Acidic Venom	0	IT63	0	255
3112	20737	Ethereal Ruby	0	IT63	0	255
3350	20738	Fire Sky Ruby	0	IT63	0	255
2761	20739	Efreeti Scimitar	0	IT86	0	0
9433	20740	Storm Sky Opal	0	IT63	4278190080	255
448	20741	Augmentor's Gem	0	IT63	0	255
4196	20742	Grey Damask Cloak	0	IT63	0	10
3111	20743	Ethereal Opal	0	IT63	0	255
10874	20744	Woven Skull Cap	0	IT63	0	10
8730	20745	Sky Topaz	0	IT63	0	255
4456	20746	High Quality Raiment	0	IT63	0	10
6267	20747	Mithril Air Ring	0	IT63	0	255
1158	20748	Box of Winds	0	IT63	0	255
7206	20749	Pulsating Sapphire	0	IT63	0	255
254	20750	Amethyst Amulet	0	IT63	0	10
1905	20751	Copper Air Band	0	IT63	0	255
5700	20752	Large Sky Sapphire	0	IT63	4278190080	255
2771	20753	Efreeti War Staff	0	IT8	0	4
3113	20754	Ethereal Sapphire	0	IT63	0	255
3233	20755	Feathered Cape	0	IT63	0	10
3731	20756	Gem of Empowerment	0	IT63	0	255
1553	20757	Ceramic Mask	0	IT63	0	10
5196	20758	Ivory Pendant	0	IT63	0	10
4035	20759	Golden Coffer	0	IT63	0	255
3325	20760	Finely Woven Cloth Amice	0	IT63	0	10
5567	20761	Large Diamond	0	IT63	0	255
963	20762	Blood Sky Amethyst	0	IT63	0	255
4045	20763	Golden Efreeti Ring	0	IT63	0	10
2030	20764	Crown of Elemental Mastery	0	IT63	0	10
2490	20765	Djinni Stave	0	IT63	0	3
5621	20766	Large Opal	0	IT63	0	255
2341	20767	Darkstone Emerald	0	IT63	0	255
3327	20768	Finely Woven Cloth Cord	0	IT63	0	10
1051	20769	Bluish Stone	0	IT63	0	255
5835	20770	Light Cloth Mantle	0	IT63	0	10
8729	20771	Sky Pearl	0	IT63	0	255
8555	20772	Silken Mask	0	IT63	0	10
749	20773	Black Nebulous Sapphire	0	IT63	0	255
208	20774	Adamantium Earring	0	IT63	0	255
3680	20775	Ganoric Poison	0	IT63	0	255
3894	20776	Glowing Necklace	0	IT63	0	10
777	20777	Black Sky Diamond	0	IT63	0	255
5701	20778	Large Sky Sapphire	0	IT63	4278190080	255
2772	20779	Efreeti Wind Staff	0	IT8	0	4
2740	20780	Ebon Shard	0	IT63	0	255
4206	20781	Griffon's Beak	0	IT63	0	255
9273	20782	Spiroc Feathers	0	IT63	0	255
775	20783	Black Silk Cape	0	IT63	0	10
2487	20784	Djinni Blood	0	IT63	0	255
3282	20785	Fine Cloth Raiment	0	IT63	0	10
6588	20786	Obsidian Amulet	0	IT63	0	10
7205	20787	Pulsating Ruby	0	IT63	0	255
6444	20788	Nebulous Ruby	0	IT63	0	255
7510	20789	Ring of Veeshan	0	IT63	0	10
4093	20790	Gorgon Head	0	IT63	0	255
3878	20791	Glowing Black Pearl	0	IT63	0	255
2756	20792	Efreeti Great Staff	0	IT8	0	4
3328	20793	Finely Woven Gold Mesh	0	IT63	0	255
8556	20794	Silken Strands	0	IT63	0	255
9888	20795	Tiny Ruby	0	IT63	0	255
1959	20796	Cracked Leather Eyepatch	0	IT63	0	10
8444	20797	Shimmering Opal	0	IT63	0	255
2508	20798	Dove Slippers	4	IT63	0	10
9279	20799	Spiroc Talon	0	IT63	0	255
8558	20800	Silken Wrap	0	IT63	0	255
3101	20801	Ethereal Amethyst	0	IT63	0	255
6445	20802	Nebulous Sapphire	0	IT63	4278190080	255
1214	20803	Brass Knuckles	0	IT63	0	3
10896	20804	Writ of Quellious	0	IT63	0	255
9676	20805	Tear of Quellious	0	IT63	0	255
8728	20806	Sky Emerald	0	IT63	0	255
8604	20807	Silver Hoop	0	IT63	0	255
2325	20808	Dark Wood	0	IT63	0	255
8993	20809	Small Shield	0	IT206	0	255
3199	20810	Faintly Glowing Diamond	0	IT63	0	255
8480	20811	Shiny Pauldrons	0	IT63	0	10
9275	20812	Spiroc Healing Totem	0	IT63	0	255
8653	20813	Silvered Spiroc Necklace	0	IT63	4278190080	10
3897	20814	Glowing Sapphire	0	IT63	0	255
2486	20815	Djinni Aura	0	IT63	0	255
2759	20816	Efreeti Mace	0	IT37	0	3
2762	20817	Efreeti Standard	0	IT19	0	3
8452	20818	Shimmering Topaz	0	IT63	0	255
6269	20819	Mithril Bands	0	IT63	0	255
9124	20820	Songbird Statuette	0	IT63	0	255
5849	20821	Light Woolen Mask	0	IT63	0	10
6389	20822	Music Box	0	IT63	0	255
5848	20823	Light Woolen Mantle	0	IT63	0	10
8443	20824	Shimmering Diamond	0	IT63	0	255
2046	20825	Crude Wooden Flute	0	IT6	0	255
2610	20826	Dull Stone	0	IT63	0	255
261	20827	Amulet of Woven Hair	0	IT63	4278190080	10
206	20828	Adamantium Bands	0	IT63	0	10
3887	20829	Glowing Diamond	0	IT63	0	255
2767	20830	Efreeti War Horn	0	IT15	0	255
2770	20831	Efreeti War Spear	0	IT17	0	2
6443	20832	Nebulous Emerald	0	IT63	0	255
6442	20833	Nebulous Diamond	0	IT63	4278190080	255
2553	20834	Drake Fang	0	IT63	0	255
3100	20836	Ethereal Amber	0	IT63	0	255
8442	20837	Shimmering Amber	0	IT63	0	255
1554	20838	Ceremonial Belt	0	IT63	0	10
9211	20839	Sphinx Hide	0	IT63	0	255
5836	20840	Light Damask Mantle	0	IT63	0	10
10714	20841	Wooden Bands	0	IT63	0	255
1933	20842	Corrosive Venom	0	IT63	0	255
713	20843	Bixie Essence	0	IT63	0	255
9266	20844	Spiritualist`s Ring	0	IT63	0	255
2766	20845	Efreeti War Club	0	IT31	0	3
2768	20846	Efreeti War Maul	0	IT49	0	4
9571	20847	Symbol of Veeshan	0	IT63	4278190080	255
10964	20849	Ysgaril Root	0	IT63	0	255
4211	20850	Griffon Talon	0	IT63	0	255
6276	20851	Mithril Disc	0	IT63	0	255
4328	20852	Harpy Tongue	0	IT63	0	255
3316	20853	Fine Velvet Cloak	0	IT63	0	10
2516	20854	Dragon-hide Mantle	0	IT63	0	10
9271	20855	Spiroc Earth totem	0	IT63	0	255
9280	20856	Spiroc Thunder Totem	0	IT63	0	255
10597	20857	White Gold Earring	0	IT63	4278190080	255
2758	20858	Efreeti Long Sword	0	IT1	0	0
709	20859	Bitter Honey	0	IT63	0	255
1684	20860	Circlet of Brambles	0	IT63	0	10
2765	20861	Efreeti War Bow	0	IT4	0	5
9212	20862	Sphinx Tallow	0	IT63	0	255
8446	20863	Shimmering Pearl	0	IT63	0	255
8447	20863	Shimmering Pearl	0	IT63	0	255
9272	20867	Spiroc Elder's Totem	0	IT63	0	255
8664	20868	Silvery Girdle	0	IT63	0	10
5199	20869	Ivory Sky Diamond	0	IT63	0	255
2760	20870	Efreeti Magi Staff	0	IT45	0	4
9206	20871	Sphinx Crown	2	IT63	0	10
4349	20872	Hazy Opal	0	IT63	4278190080	255
6913	20873	Petrified Wood	0	IT63	0	255
2755	20875	Efreeti Dirk	0	IT34	0	0
5935	20876	A Love Letter (Sealed)	0	IT63	0	255
235	20877	Albino Rattlesnake Eggs	0	IT63	0	255
9566	20878	Symbol of Achievement	0	IT63	0	255
6558	20879	a note of credit	0	IT63	0	255
3806	20880	A Gift	0	IT63	0	255
84	20881	A Burnt Sash	0	IT63	0	255
1377	20881	A Burnt Sash	0	IT63	0	255
10005	20883	Trakanon Idol	1	IT63	0	255
5347	20884	Key of Veeshan	1	IT63	0	255
5346	20886	Key of Torsis	1	IT63	0	255
4977	20890	Imbued Rose Platinum Ring	0	IT63	0	255
4990	20891	Imbued Silver Plains Ring	0	IT63	0	255
4760	20892	Imbued Electrum Plains Earring	0	IT63	0	255
4872	20893	Imbued Golden Plains Earring	0	IT63	0	255
4974	20894	Imbued Platinum Plains Ring	0	IT63	0	255
2425	20901	Desert Tarantula Chitin	5	IT63	0	255
5345	20911	Key of Swords	1	IT63	0	255
5348	20912	Key of the Misplaced	1	IT63	0	255
5343	20913	Key of Misfortune	1	IT63	0	255
5342	20914	Key of Beasts	1	IT63	0	255
459	20915	Avian Key	1	IT63	0	255
5349	20916	Key of the Swarm	1	IT63	0	255
5344	20917	Key of Scale	1	IT63	0	255
10278	20918	Veeshan's Key	1	IT63	0	255
6227	20920	Miniature Sword	0	IT63	0	255
5932	20921	Lost rabbit's foot	0	IT63	0	255
1286	20922	Broken Mirror	0	IT63	0	255
329	20923	Animal Figurine	0	IT63	0	255
703	20924	Bird Whistle	0	IT63	0	255
6529	20925	Noise Maker	0	IT63	0	255
2605	20926	Dull Dragon Scale	0	IT63	0	255
7445	20927	Replica of the Wyrm Queen	0	IT63	0	255
5201	20928	Ivory Tessera	0	IT63	0	255
2741	20929	Ebon Tessera	0	IT63	0	255
474	20930	Azure Tessera	0	IT63	0	255
2020	20931	Crimson Tessera	0	IT63	0	255
10397	20932	Verdant Tessera	0	IT63	0	255
6606	20933	Ochre Tessera	0	IT63	0	255
447	20934	Auburn Tessera	0	IT63	0	255
1299	20935	Bronze Disc	0	IT63	0	255
1909	20936	Copper Disc	0	IT63	0	255
5170	20937	Iron Disc	0	IT63	0	255
8581	20938	Silver Disc	0	IT63	0	255
4000	20939	Gold Disc	0	IT63	0	255
6998	20940	Platinum Disc	0	IT63	0	255
6872	20942	Pearlescent Globe	0	IT63	0	255
2449	20943	Diaphanous Globe	0	IT63	0	255
4547	20944	Hyaline Globe	0	IT63	0	255
7703	20945	Rugous Globe	0	IT63	0	255
212	20946	Adumbrate Globe	0	IT63	0	255
6918	20947	Phosphoric Globe	0	IT63	0	255
4202	20948	Gridelin Globe	0	IT63	0	255
6893	20949	Pegasus Statuette	0	IT63	0	255
4210	20950	Griffon Statuette	0	IT63	0	255
2763	20951	Efreeti Statuette	0	IT63	0	255
4327	20952	Harpy Statuette	0	IT63	0	255
5078	20953	Imp Statuette	0	IT63	0	255
9278	20954	Spiroc Statuette	0	IT63	0	255
2489	20955	Djinni Statuette	0	IT63	0	255
6348	20956	Mottled Spiroc Feather	0	IT63	0	255
2321	20957	Dark Spiroc Feather	0	IT63	0	255
10579	20958	White-tipped Spiroc Feather	0	IT63	0	255
1474	20959	Carmine Spiroc Feather	0	IT63	0	255
10614	20960	White Spiroc Feather	0	IT63	0	255
7957	20961	Saffron Spiroc Feather	0	IT63	0	255
2873	20962	Emerald Spiroc Feather	0	IT63	0	255
4503	20963	Honeyed Nectar	0	IT63	0	255
2598	20964	Dulcet Nectar	0	IT63	0	255
5953	20965	Lush Nectar	0	IT63	0	255
9545	20966	Sweet Nectar	0	IT63	0	255
219	20967	Aged Nectar	0	IT63	0	255
6049	20968	Manna Nectar	0	IT63	0	255
9812	20969	Thickened Nectar	0	IT63	0	255
8985	20970	Small Ruby	0	IT63	0	255
471	20971	Azure Ring	0	IT63	0	10
8924	20972	Small Pick	0	IT63	0	255
9414	20973	Stone Amulet	0	IT63	0	255
8610	20974	Silver Mesh	0	IT63	0	255
9267	20975	Spiroc Air Totem	0	IT63	0	255
2754	20976	Efreeti Belt	0	IT63	0	10
9282	20977	Spiroc Wind Totem	0	IT63	0	255
10649	20978	Wind Tablet	0	IT63	0	255
10451	20979	Virulent Poison	0	IT63	0	255
2491	20980	Djinni War Blade	0	IT63	0	0
1140	20981	Bottled Djinni	0	IT63	0	255
3103	20982	Ethereal Emerald	0	IT63	4278190080	255
2753	20983	Efreeti Battle Axe	0	IT80	0	1
3732	20984	Gem of Invigoration	0	IT63	0	255
5130	20985	Inlaid Choker	0	IT63	0	10
7376	20986	Red Face Paint	0	IT63	0	255
5274	20987	Jester's Mask	0	IT63	0	10
736	20988	Black Griffon Feather	0	IT63	0	255
9277	20989	Spiroc Sky Totem	0	IT63	0	255
7187	20990	Prismatic Sphere	0	IT63	0	255
3317	20991	A Fine Wool Cloak	0	IT63	0	10
1958	20992	Cracked Leather Belt	0	IT63	0	10
9213	20993	Sphinxian Circlet	0	IT63	0	10
5851	20995	Lightning Rod	0	IT63	0	255
999	20996	Bloodsky Sapphire	0	IT63	4278190080	255
9208	20997	Sphinx Eye Opal	0	IT63	0	255
3318	20998	Finely Crafted Amulet	0	IT63	0	255
8986	20999	Small Sapphire	0	IT63	0	255
3294	21001	Fine Plate Helm	3	IT63	0	10
3297	21002	Fine Plate Visor	0	IT63	0	10
3290	21003	Fine Plate Collar	0	IT63	0	10
3289	21004	Fine Plate Breastplate	3	IT63	0	10
3295	21005	Fine Plate Pauldron	0	IT63	0	10
3299	21006	Fine Splinted Cloak	0	IT63	0	10
3292	21007	Fine Plate Girdle	0	IT63	0	10
3296	21008	Fine Plate Vambraces	3	IT63	0	10
3288	21009	Fine Plate Bracer	3	IT63	0	10
3291	21010	Fine Plate Gauntlets	3	IT63	0	10
3293	21011	Fine Plate Greaves	3	IT63	0	10
3287	21012	Fine Plate Boots	3	IT63	0	10
8867	21013	Small Fine Plate Helm	3	IT63	0	10
8870	21014	Small Fine Plate Visor	0	IT63	0	10
8863	21015	Small Fine Plate Collar	0	IT63	0	10
8872	21016	Small Fine Steel Breastplate	3	IT63	0	10
8868	21017	Small Fine Plate Pauldron	0	IT63	0	10
8871	21018	Small Fine Splinted Cloak	0	IT63	0	10
8865	21019	Small Fine Plate Girdle	0	IT63	0	10
8869	21020	Small Fine Plate Vambraces	3	IT63	0	10
8862	21021	Small Fine Plate Bracer	3	IT63	0	10
8864	21022	Small Fine Plate Gauntlets	3	IT63	0	10
8866	21023	Small Fine Plate Greaves	3	IT63	0	10
8861	21024	Small Fine Plate Boots	3	IT63	0	10
5578	21025	Large Fine Plate Helm	3	IT63	0	10
5581	21026	Large Fine Plate Visor	0	IT63	0	10
5574	21027	Large Fine Plate Collar	0	IT63	0	10
5583	21028	Large Fine Steel Breastplate	3	IT63	0	10
5579	21029	Large Fine Plate Pauldron	0	IT63	0	10
5582	21030	Large Fine Splinted Cloak	0	IT63	0	10
5576	21031	Large Fine Plate Girdle	0	IT63	0	10
5580	21032	Large Fine Plate Vambraces	3	IT63	0	10
5573	21033	Large Fine Plate Bracer	3	IT63	0	10
5575	21034	Large Fine Plate Gauntlets	3	IT63	0	10
5577	21035	Large Fine Plate Greaves	3	IT63	0	10
5572	21036	Large Fine Plate Boots	3	IT63	0	10
8595	21037	Silver Full Plate Helm	3	IT63	4291348630	10
8598	21038	Silver Full Plate Visor	0	IT63	4278190080	10
8591	21039	Silver Full Plate Collar	0	IT63	0	10
8588	21040	Silver Full Breastplate	3	IT63	13158550	10
8596	21041	Silver Full Plate Pauldron	0	IT63	4278190080	10
8599	21042	Silver Full Splinted Cloak	0	IT63	4278190080	10
8593	21043	Silver Full Plate Girdle	0	IT63	4278190080	10
8597	21044	Silver Full Plate Vambraces	3	IT63	4291348630	10
8590	21045	Silver Full Plate Bracer	3	IT63	13158550	10
8592	21046	Silver Full Plate Gauntlets	3	IT63	4291348630	10
8594	21047	Silver Full Plate Greaves	3	IT63	4291348630	10
8589	21048	Silver Full Plate Boots	3	IT63	4291348630	10
2928	21049	Enchanted Elven Chain Coif	2	IT63	9232890	10
2932	21050	Enchanted Elven Chain Veil	0	IT63	0	10
2930	21051	Enchanted Elven Chain Neckguard	0	IT63	0	10
2931	21052	Enchanted Elven Chain Tunic	2	IT63	9232890	10
2929	21053	Enchanted Elven Chain Mantle	0	IT63	0	10
2927	21054	Enchanted Elven Chain Cape	0	IT63	0	10
2936	21055	Enchanted Elven Chainmail Skirt	0	IT63	0	10
2937	21056	Enchanted Elven Chainmail Sleeves	2	IT63	9232890	10
2933	21057	Enchanted Elven Chainmail Bracelet	2	IT63	9232890	10
2934	21058	Enchanted Elven Chainmail Gloves	2	IT63	9232890	10
2935	21059	Enchanted Elven Chainmail Leggings	2	IT63	9232890	10
3016	21060	Enchanted Teir`Dal Chain Coif	1	IT63	3276850	10
3023	21061	Enchanted Teir`Dal Chain Veil	0	IT63	0	10
3020	21062	Enchanted Teir`Dal Chain Neckguard	0	IT63	0	10
3022	21063	Enchanted Teir`Dal Chain Tunic	2	IT63	3276850	10
3019	21064	Enchanted Teir`Dal Chain Mantle	0	IT63	0	10
3015	21065	Enchanted Teir`Dal Chain Cape	0	IT63	0	10
3024	21066	Enchanted Teir`Dal Chainmail Skirt	0	IT63	0	10
3021	21067	Enchanted Teir`Dal Chain Sleeves	2	IT63	3932170	10
3014	21068	Enchanted Teir`Dal Chain Bracelet	2	IT63	3276850	10
3017	21069	Enchanted Teir`Dal Chain Gloves	2	IT63	3276850	10
3018	21070	Enchanted Teir`Dal Chain Leggings	2	IT63	3932170	10
2804	21071	Electrum Full Plate Helm	3	IT63	8243325	10
2807	21072	Electrum Full Plate Visor	0	IT63	0	10
2800	21073	Electrum Full Plate Collar	0	IT63	0	10
2797	21074	Electrum Full Breastplate	3	IT63	8243325	10
2805	21075	Electrum Full Plate Pauldron	0	IT63	0	10
2808	21076	Electrum Full Splinted Cloak	0	IT63	0	10
2802	21077	Electrum Full Plate Girdle	0	IT63	0	10
2806	21078	Electrum Full Plate Vambraces	3	IT63	8243325	10
2799	21079	Electrum Full Plate Bracer	3	IT63	8243325	10
2801	21080	Electrum Full Plate Gauntlets	3	IT63	8243325	10
2803	21081	Electrum Full Plate Greaves	3	IT63	8243325	10
2798	21082	Electrum Full Plate Boots	3	IT63	8243325	10
4008	21083	Gold Full Plate Helm	3	IT63	16436480	10
4011	21084	Gold Full Plate Visor	0	IT63	0	10
4004	21085	Gold Full Plate Collar	0	IT63	0	10
4001	21086	Gold Full Breastplate	3	IT63	16436480	10
4009	21087	Gold Full Plate Pauldron	0	IT63	0	10
4012	21088	Gold Full Splinted Cloak	0	IT63	0	10
4006	21089	Gold Full Plate Girdle	0	IT63	0	10
4010	21090	Gold Full Plate Vambraces	3	IT63	16436480	10
4003	21091	Gold Full Plate Bracer	3	IT63	16436480	10
4005	21092	Gold Full Plate Gauntlets	3	IT63	16436480	10
4007	21093	Gold Full Plate Greaves	3	IT63	16436480	10
4002	21094	Gold Full Plate Boots	3	IT63	16436480	10
7009	21095	Platinum Full Plate Helm	3	IT63	4288052730	10
7012	21096	Platinum Full Plate Visor	0	IT63	4278190080	10
7002	21098	Platinum Full Breastplate	3		9862650	10
7010	21099	Platinum Full Plate Pauldron	0	IT63	4278190080	10
7007	21101	Platinum Full Plate Girdle	0	IT63	4278190080	10
7011	21102	Platinum Full Plate Vambraces	3	IT63	4288052730	10
7004	21103	Platinum Full Plate Bracer	3	IT63	9862650	10
7006	21104	Platinum Full Plate Gauntlets	3	IT63	4288052730	10
7008	21105	Platinum Full Plate Greaves	3	IT63	4288052730	10
7003	21106	Platinum Full Plate Boots	3	IT63	4288052730	10
2973	21107	Enchanted Full Plate Helm (electrum)	3	IT63	13158550	10
2974	21107	Enchanted Full Plate Helm (gold)	3	IT63	13158550	10
2975	21107	Enchanted Full Plate Helm (platinum)	3	IT63	13158550	10
2976	21107	Enchanted Full Plate Helm (silver)	3	IT63	13158550	10
2985	21108	Enchanted Full Plate Visor (electrum)	0	IT63	0	10
2986	21108	Enchanted Full Plate Visor (gold)	0	IT63	0	10
2987	21108	Enchanted Full Plate Visor (platinum)	0	IT63	0	10
2988	21108	Enchanted Full Plate Visor (silver)	0	IT63	0	10
2957	21109	Enchanted Full Plate Collar (electrum)	0	IT63	0	10
2958	21109	Enchanted Full Plate Collar (gold)	0	IT63	0	10
2959	21109	Enchanted Full Plate Collar (platinum)	0	IT63	0	10
2960	21109	Enchanted Full Plate Collar (silver)	0	IT63	0	10
2945	21110	Enchanted Full Breastplate (electrum)	3	IT63	13158550	10
2946	21110	Enchanted Full Breastplate (gold)	3	IT63	13158550	10
2947	21110	Enchanted Full Breastplate (platinum)	3	IT63	13158550	10
2948	21110	Enchanted Full Breastplate (silver)	3	IT63	13158550	10
2977	21111	Enchanted Full Plate Pauldron (electrum)	0	IT63	4278190080	10
2978	21111	Enchanted Full Plate Pauldron (gold)	0	IT63	4278190080	10
2979	21111	Enchanted Full Plate Pauldron (platinum)	0	IT63	4278190080	10
2980	21111	Enchanted Full Plate Pauldron (silver)	0	IT63	4278190080	10
2989	21112	Enchanted Full Splinted Cloak (electrum)	0	IT63	4278190080	10
2990	21112	Enchanted Full Splinted Cloak (gold)	0	IT63	4278190080	10
2991	21112	Enchanted Full Splinted Cloak (platinum)	0	IT63	4278190080	10
2992	21112	Enchanted Full Splinted Cloak (silver)	0	IT63	4278190080	10
2965	21113	Enchanted Full Plate Girdle (electrum)	0	IT63	0	10
2966	21113	Enchanted Full Plate Girdle (gold)	0	IT63	0	10
2967	21113	Enchanted Full Plate Girdle (platinum)	0	IT63	0	10
2968	21113	Enchanted Full Plate Girdle (silver)	0	IT63	0	10
2981	21114	Enchanted Full Plate Vambraces (electrum)	3	IT63	13158550	10
2982	21114	Enchanted Full Plate Vambraces (gold)	3	IT63	13158550	10
2983	21114	Enchanted Full Plate Vambraces (platinum)	3	IT63	13158550	10
2984	21114	Enchanted Full Plate Vambraces (silver)	3	IT63	13158550	10
2953	21115	Enchanted Full Plate Bracers (electrum)	3	IT63	13158550	10
2954	21115	Enchanted Full Plate Bracers (gold)	3	IT63	13158550	10
2955	21115	Enchanted Full Plate Bracers (platinum)	3	IT63	13158550	10
2956	21115	Enchanted Full Plate Bracers (silver)	3	IT63	13158550	10
2961	21116	Enchanted Full Plate Gauntlets (electrum)	3	IT63	13158550	10
2962	21116	Enchanted Full Plate Gauntlets (gold)	3	IT63	13158550	10
2963	21116	Enchanted Full Plate Gauntlets (platinum)	3	IT63	13158550	10
2964	21116	Enchanted Full Plate Gauntlets (silver)	3	IT63	13158550	10
2969	21117	Enchanted Full Plate Greaves (electrum)	3	IT63	13158550	10
2970	21117	Enchanted Full Plate Greaves (gold)	3	IT63	13158550	10
2971	21117	Enchanted Full Plate Greaves (platinum)	3	IT63	13158550	10
2972	21117	Enchanted Full Plate Greaves (silver)	3	IT63	13158550	10
2949	21118	Enchanted Full Plate Boots (electrum)	3	IT63	4291348630	10
2950	21118	Enchanted Full Plate Boots (gold)	3	IT63	4291348630	10
2951	21118	Enchanted Full Plate Boots (platinum)	3	IT63	4291348630	10
2952	21118	Enchanted Full Plate Boots (silver)	3	IT63	4291348630	10
5391	21155	Koada`Dal Mithril Helm	3	IT63	51450	10
5394	21156	Koada`Dal Mithril Visor	0	IT63	4278241530	10
5387	21157	Koada`Dal Mithril Collar	0	IT63	51450	10
5385	21158	Koada`Dal Mithril Breastplate	3	IT63	51450	10
5392	21159	Koada`Dal Mithril Pauldron	0	IT63	51450	10
5386	21160	Koada`Dal Mithril Cloak	0	IT63	51450	10
5389	21161	Koada`Dal Mithril Girdle	0	IT63	51450	10
5393	21162	Koada`Dal Mithril Vambraces	3	IT63	51450	10
5384	21163	Koada`Dal Mithril Bracers	3	IT63	51450	10
5388	21164	Koada`Dal Mithril Gauntlets	3	IT63	51450	10
5390	21165	Koada`Dal Mithril Greaves	3	IT63	51450	10
5383	21166	Koada`Dal Mithril Boots	3	IT63	51450	10
9705	21167	Teir`Dal Adamantite Helm	3	IT63	65837	10
9714	21168	Teir`Dal Adamantite Visor	0	IT63	65837	10
9692	21169	Teir`Dal Adamantite Collar	0	IT63	65837	10
9686	21170	Teir`Dal Adamantite Breastplate	3	IT63	65837	10
9708	21171	Teir`Dal Adamantite Pauldron	0	IT63	65837	10
9689	21172	Teir`Dal Adamantite Cloak	0	IT63	65837	10
9698	21173	Teir`Dal Adamantite Girdle	0	IT63	4278255917	10
9711	21174	Teir`Dal Adamantite Vambraces	3	IT63	65793	10
9683	21175	Teir`Dal Adamantite Bracers	3	IT63	65837	10
9695	21176	Teir`Dal Adamantite Gauntlets	3	IT63	65793	10
9701	21177	Teir`Dal Adamantite Greaves	3	IT63	65837	10
9702	21177	Teir`Dal Adamantite Greaves	3	IT63	65837	10
9680	21178	Teir`Dal Adamantite Boots	3	IT63	65793	10
1433	21179	Cabilis Scale Cap	7	IT63	0	10
1440	21180	Cabilis Scale Mask	0	IT63	0	10
1437	21181	Cabilis Scale Gorget	0	IT63	0	10
1435	21182	Cabilis Scale Coat	7	IT63	0	10
1439	21183	Cabilis Scale Mantle	0	IT63	0	10
1434	21184	Cabilis Scale Cape	0	IT63	0	10
1430	21185	Cabilis Scale Belt	0	IT63	0	10
1441	21186	Cabilis Scale Sleeves	7	IT63	0	10
1432	21187	Cabilis Scale Bracelet	7	IT63	0	10
1436	21188	Cabilis Scale Gloves	7	IT63	0	10
1438	21189	Cabilis Scale Leggings	7	IT63	0	10
1431	21190	Cabilis Scale Boots	7	IT63	0	10
4709	21191	Imbued Cabilis Scale Cap	7	IT63	0	10
4716	21192	Imbued Cabilis Scale Mask	0	IT63	0	10
4713	21193	Imbued Cabilis Scale Gorget	0	IT63	0	10
4711	21194	Imbued Cabilis Scale Coat	7	IT63	0	10
4715	21195	Imbued Cabilis Scale Mantle	0	IT63	0	10
4710	21196	Imbued Cabilis Scale Cape	0	IT63	0	10
4706	21197	Imbued Cabilis Scale Belt	0	IT63	0	10
4717	21198	Imbued Cabilis Scale Sleeves	7	IT63	0	10
4708	21199	Imbued Cabilis Scale Bracelet	7	IT63	0	10
4712	21200	Imbued Cabilis Scale Gloves	7	IT63	0	10
4714	21201	Imbued Cabilis Scale Leggings	7	IT63	0	10
4707	21202	Imbued Cabilis Scale Boots	7	IT63	0	10
6404	21215	Mystic Koada`Dal Mithril Helm	3	IT63	51450	10
6407	21216	Mystic Koada`Dal Mithril Visor	0	IT63	51450	10
6399	21217	Mystic Koada`Dal Mithril Collar	0	IT63	51450	10
6400	21218	Mystic Koada`Dal Mithril Cuirass	3	IT63	51450	10
6405	21219	Mystic Koada`Dal Mithril Pauldron	0	IT63	51450	10
6398	21220	Mystic Koada`Dal Mithril Cloak	0	IT63	51450	10
6402	21221	Mystic Koada`Dal Mithril Girdle	0	IT63	51450	10
6406	21222	Mystic Koada`Dal Mithril Vambraces	3	IT63	51450	10
6397	21223	Mystic Koada`Dal Mithril Bracers	3	IT63	51450	10
6401	21224	Mystic Koada`Dal Mithril Gauntlets	3	IT63	51450	10
6403	21225	Mystic Koada`Dal Mithril Greaves	3	IT63	51450	10
6396	21226	Mystic Koada`Dal Mithril Boots	3	IT63	51450	10
9706	21227	Teir`Dal Adamantite Helm	3	IT63	65837	10
9707	21227	Teir`Dal Adamantite Helm	3	IT63	65837	10
9715	21228	Teir`Dal Adamantite Visor	0	IT63	65837	10
9716	21228	Teir`Dal Adamantite Visor	0	IT63	65837	10
9693	21229	Teir`Dal Adamantite Collar	0	IT63	65837	10
9694	21229	Teir`Dal Adamantite Collar	0	IT63	65837	10
9687	21230	Teir`Dal Adamantite Breastplate	3	IT63	65837	10
9688	21230	Teir`Dal Adamantite Breastplate	3	IT63	65837	10
9709	21231	Teir`Dal Adamantite Pauldron	0	IT63	65837	10
9710	21231	Teir`Dal Adamantite Pauldron	0	IT63	65837	10
9690	21232	Teir`Dal Adamantite Cloak	0	IT63	65837	10
9691	21232	Teir`Dal Adamantite Cloak	0	IT63	65837	10
9699	21233	Teir`Dal Adamantite Girdle	0	IT63	65837	10
9700	21233	Teir`Dal Adamantite Girdle	0	IT63	65837	10
9712	21234	Teir`Dal Adamantite Vambraces	3	IT63	65793	10
9713	21234	Teir`Dal Adamantite Vambraces	3	IT63	65793	10
9684	21235	Teir`Dal Adamantite Bracers	3	IT63	65837	10
9685	21235	Teir`Dal Adamantite Bracers	3	IT63	65837	10
9696	21236	Teir`Dal Adamantite Gauntlets	3	IT63	65793	10
9697	21236	Teir`Dal Adamantite Gauntlets	3	IT63	65793	10
9703	21237	Teir`Dal Adamantite Greaves	3	IT63	65837	10
9704	21237	Teir`Dal Adamantite Greaves	3	IT63	65837	10
9681	21238	Teir`Dal Adamantite Boots	3	IT63	65793	10
9682	21238	Teir`Dal Adamantite Boots	3	IT63	65793	10
4893	21240	Imbued Koada`Dal Mithril Helm	3	IT63	51450	10
4896	21241	Imbued Koada`Dal Mithril Visor	0	IT63	51450	10
4888	21242	Imbued Koada`Dal Mithril Collar	0	IT63	51450	10
4889	21243	Imbued Koada`Dal Mithril Cuirass	3	IT63	51450	10
4894	21244	Imbued Koada`Dal Mithril Pauldron	0	IT63	51450	10
4887	21245	Imbued Koada`Dal Mithril Cloak	0	IT63	51450	10
4891	21246	Imbued Koada`Dal Mithril Girdle	0	IT63	51450	10
4895	21247	Imbued Koada`Dal Mithril Vambraces	3	IT63	51450	10
4886	21248	Imbued Koada`Dal Mithril Bracers	3	IT63	51450	10
4890	21249	Imbued Koada`Dal Mithril Gauntlets	3	IT63	51450	10
4892	21250	Imbued Koada`Dal Mithril Greaves	3	IT63	51450	10
4885	21251	Imbued Koada`Dal Mithril Boots	3	IT63	51450	10
4955	21264	Imbued Ogre War Helm	3	IT63	3933440	10
4956	21264	Imbued Ogre War Helm	3	IT63	3933440	10
4962	21265	Imbued Ogre War Visor	0	IT63	0	10
4963	21265	Imbued Ogre War Visor	0	IT63	0	10
4946	21266	Imbued Ogre War Collar	0	IT63	0	10
4947	21266	Imbued Ogre War Collar	0	IT63	0	10
4942	21267	Imbued Ogre War Breastplate	3	IT63	5248000	10
4943	21267	Imbued Ogre War Breastplate	3	IT63	5248000	10
4958	21268	Imbued Ogre War Pauldron	0	IT63	0	10
4959	21268	Imbued Ogre War Pauldron	0	IT63	0	10
4944	21269	Imbued Ogre War Cloak	0	IT63	0	10
4945	21269	Imbued Ogre War Cloak	0	IT63	0	10
4950	21270	Imbued Ogre War Girdle	0	IT63	0	10
4951	21270	Imbued Ogre War Girdle	0	IT63	0	10
4960	21271	Imbued Ogre War Vambraces	3	IT63	656640	10
4961	21271	Imbued Ogre War Vambraces	3	IT63	656640	10
4940	21272	Imbued Ogre War Bracer	3	IT63	5248000	10
4941	21272	Imbued Ogre War Bracer	3	IT63	5248000	10
4948	21273	Imbued Ogre War Gauntlets	3	IT63	3933440	10
4949	21273	Imbued Ogre War Gauntlets	3	IT63	3933440	10
4952	21274	Imbued Ogre War Greaves	3	IT63	656640	10
4953	21274	Imbued Ogre War Greaves	3	IT63	656640	10
4938	21275	Imbued Ogre War Boots	3	IT63	3933440	10
4939	21275	Imbued Ogre War Boots	3	IT63	3933440	10
2920	21290	Enchanted Dwarven Plate Helm	3	IT63	3284490	10
2923	21291	Enchanted Dwarven Plate Visor	0	IT63	0	10
2916	21292	Enchanted Dwarven Plate Collar	0	IT63	0	10
2913	21293	Enchanted Dwarven Breastplate	3	IT63	5255695	10
2921	21294	Enchanted Dwarven Plate Pauldron	0	IT63	0	10
2924	21295	Enchanted Dwarven Splinted Cloak	0	IT63	0	10
2918	21296	Enchanted Dwarven Plate Girdle	0	IT63	0	10
2922	21297	Enchanted Dwarven Plate Vambraces	3	IT63	3284490	10
2915	21298	Enchanted Dwarven Plate Bracers	3	IT63	5255695	10
2917	21299	Enchanted Dwarven Plate Gauntlets	3	IT63	3284490	10
2919	21300	Enchanted Dwarven Plate Greaves	3	IT63	3284490	10
2914	21301	Enchanted Dwarven Plate Boots	3	IT63	1968645	10
6736	21302	Ornate Chain Coif	2	IT63	0	10
6744	21303	Ornate Chain Veil	2	IT63	0	10
6738	21304	Ornate Chain Gorget	2	IT63	0	10
6740	21305	Ornate Chain Mail	2	IT63	0	10
6741	21306	Ornate Chain Mantle	2	IT63	0	10
6735	21307	Ornate Chain Cloak	2	IT63	0	10
6742	21308	Ornate Chain Skirt	2	IT63	0	10
6743	21309	Ornate Chain Sleeves	2	IT63	0	10
6734	21310	Ornate Chain Bracelet	2	IT63	0	10
6737	21311	Ornate Chain Gloves	2	IT63	0	10
6733	21313	Ornate Chain Boots	2	IT63	0	10
8910	21314	Small Ornate Chain Coif	2	IT63	0	10
8918	21315	Small Ornate Chain Veil	2	IT63	0	10
8912	21316	Small Ornate Chain Gorget	2	IT63	0	10
8914	21317	Small Ornate Chain Mail	2	IT63	0	10
8915	21318	Small Ornate Chain Mantle	2	IT63	0	10
8909	21319	Small Ornate Chain Cloak	2	IT63	0	10
8916	21320	Small Ornate Chain Skirt	2	IT63	0	10
8917	21321	Small Ornate Chain Sleeves	2	IT63	0	10
8908	21322	Small Ornate Chain Bracelet	2	IT63	0	10
8911	21323	Small Ornate Chain Gloves	2	IT63	0	10
8913	21324	Small Ornate Chain Leggings	2	IT63	0	10
8907	21325	Small Ornate Chain Boots	2	IT63	0	10
5625	21326	Large Ornate Chain Coif	2	IT63	0	10
5633	21327	Large Ornate Chain Veil	2	IT63	0	10
5627	21328	Large Ornate Chain Gorget	2	IT63	0	10
5629	21329	Large Ornate Chain Mail	2	IT63	0	10
5630	21330	Large Ornate Chain Mantle	2	IT63	0	10
5624	21331	Large Ornate Chain Cloak	2	IT63	0	10
5631	21332	Large Ornate Chain Skirt	2	IT63	0	10
5632	21333	Large Ornate Chain Sleeves	2	IT63	0	10
5623	21334	Large Ornate Chain Bracelet	2	IT63	0	10
5626	21335	Large Ornate Chain Gloves	2	IT63	0	10
5628	21336	Large Ornate Chain Leggings	2	IT63	0	10
5622	21337	Large Ornate Chain Boots	2	IT63	0	10
8165	21350	Seafarer Ring Helm	2	IT63	0	10
8169	21351	Seafarer Ring Mask	2	IT63	0	10
8164	21352	Seafarer Ring Gorget	2	IT63	4278190080	10
8167	21353	Seafarer Ring Mail	2	IT63	0	10
8168	21354	Seafarer Ring Mantle	2	IT63	4278190080	10
8162	21355	Seafarer Ring Cloak	2	IT63	0	10
8159	21356	Seafarer Ring Belt	2	IT63	4278190080	10
8170	21357	Seafarer Ring Sleeves	2	IT63	4278190080	10
8161	21358	Seafarer Ring Bracer	2	IT63	0	10
8163	21359	Seafarer Ring Gauntlets	2	IT63	0	10
8166	21360	Seafarer Ring Leggings	2		0	10
8160	21361	Seafarer Ring Boots	2	IT63	0	10
2660	21362	Dwarven Chain Coif	2	IT63	7882280	10
2668	21363	Dwarven Chain Veil	0	IT63	0	10
2662	21364	Dwarven Chain Gorget	0	IT63	0	10
2664	21365	Dwarven Chain Mail	2	IT63	7882280	10
2665	21366	Dwarven Chain Mantle	0	IT63	0	10
2659	21367	Dwarven Chain Cloak	0	IT63	4278190080	10
2666	21368	Dwarven Chain Skirt	0	IT63	4278190080	10
2667	21369	Dwarven Chain Sleeves	2	IT63	7882280	10
2658	21370	Dwarven Chain Bracelet	2	IT63	7882280	10
2661	21371	Dwarven Chain Gloves	2	IT63	4286072360	10
2663	21372	Dwarven Chain Leggings	2	IT63	7882280	10
2657	21373	Dwarven Chain Boots	2	IT63	7882280	10
6542	21374	Northman Ring Helm	2	IT63	12171770	10
6546	21375	Northman Ring Mask	0	IT63	0	10
6541	21376	Northman Ring Gorget	0	IT63	0	10
6544	21377	Northman Ring Mail	2	IT63	12171770	10
6545	21378	Northman Ring Mantle	0	IT63	0	10
6539	21379	Northman Ring Cloak	0	IT63	0	10
6536	21380	Northman Ring Belt	0	IT63	0	10
6547	21381	Northman Ring Sleeves	2	IT63	12171770	10
6538	21382	Northman Ring Bracer	2	IT63	12171770	10
6540	21383	Northman Ring Gauntlets	2	IT63	12171770	10
6543	21384	Northman Ring Leggings	2	IT63	12171770	10
6537	21385	Northman Ring Boots	2	IT63	12171770	10
6648	21386	Ogre Splintmail Helm	2	IT63	0	10
6652	21387	Ogre Splintmail Mask	0	IT63	4278190080	10
6647	21388	Ogre Splintmail Gorget	0	IT63	4278190080	10
6650	21389	Ogre Splintmail Mail	2	IT63	0	10
6651	21390	Ogre Splintmail Mantle	0	IT63	4278190080	10
6645	21391	Ogre Splintmail Cloak	0	IT63	4278190080	10
6642	21392	Ogre Splintmail Belt	0	IT63	0	10
6653	21393	Ogre Splintmail Sleeves	2	IT63	0	10
6644	21394	Ogre Splintmail Bracer	2	IT63	4278190080	10
6646	21395	Ogre Splintmail Gauntlets	2	IT63	4278190080	10
6649	21396	Ogre Splintmail Leggings	2	IT63	0	10
6643	21397	Ogre Splintmail Boots	2	IT63	0	10
4932	21398	Imbued Northman Ring Helm	2	IT63	12171770	10
4936	21399	Imbued Northman Ring Mask	0	IT63	0	10
4931	21400	Imbued Northman Ring Gorget	0	IT63	0	10
4934	21401	Imbued Northman Ring Mail	2	IT63	12171770	10
4935	21402	Imbued Northman Ring Mantle	0	IT63	0	10
4929	21403	Imbued Northman Ring Cloak	0	IT63	0	10
4926	21404	Imbued Northman Ring Belt	0	IT63	0	10
4937	21405	Imbued Northman Ring Sleeves	2	IT63	12171770	10
4928	21406	Imbued Northman Ring Bracer	2	IT63	12171770	10
4930	21407	Imbued Northman Ring Gauntlets	2	IT63	12171770	10
4933	21408	Imbued Northman Ring Leggings	2	IT63	12171770	10
4927	21409	Imbued Northman Ring Boots	2	IT63	12171770	10
6629	21410	Ogre Imbued Splint Helm	2	IT63	0	10
6630	21410	Ogre Imbued Splint Helm	2	IT63	0	10
6637	21411	Ogre Imbued Splint Mask	0	IT63	0	10
6638	21411	Ogre Imbued Splint Mask	0	IT63	0	10
6627	21412	Ogre Imbued Splint Gorget	0	IT63	0	10
6628	21412	Ogre Imbued Splint Gorget	0	IT63	0	10
6633	21413	Ogre Imbued Splint Mail	2	IT63	0	10
6634	21413	Ogre Imbued Splint Mail	2	IT63	0	10
6635	21414	Ogre Imbued Splint Mantle	0	IT63	4278190080	10
6636	21414	Ogre Imbued Splint Mantle	0	IT63	4278190080	10
6623	21415	Ogre Imbued Splint Cloak	0	IT63	0	10
6624	21415	Ogre Imbued Splint Cloak	0	IT63	0	10
6617	21416	Ogre Imbued Splint Belt	0	IT63	4278190080	10
6618	21416	Ogre Imbued Splint Belt	0	IT63	4278190080	10
6639	21417	Ogre Imbued Splint Sleeves	2	IT63	4278190080	10
6640	21417	Ogre Imbued Splint Sleeves	2	IT63	4278190080	10
6621	21418	Ogre Imbued Splint Bracer	2	IT63	0	10
6622	21418	Ogre Imbued Splint Bracer	2	IT63	0	10
6625	21419	Ogre Imbued Splint Gauntlets	2	IT63	0	10
6626	21419	Ogre Imbued Splint Gauntlets	2	IT63	0	10
6631	21420	Ogre Imbued Splint Leggings	2	IT63	0	10
6632	21420	Ogre Imbued Splint Leggings	2	IT63	0	10
6619	21421	Ogre Imbued Splint Boots	2	IT63	0	10
6620	21421	Ogre Imbued Splint Boots	2	IT63	0	10
4727	21434	Imbued Dwarven Chain Coif	2	IT63	7882280	10
4728	21434	Imbued Dwarven Chain Coif	2	IT63	7882280	10
4743	21435	Imbued Dwarven Chain Veil	0	IT63	0	10
4744	21435	Imbued Dwarven Chain Veil	0	IT63	0	10
4731	21436	Imbued Dwarven Chain Gorget	0	IT63	0	10
4732	21436	Imbued Dwarven Chain Gorget	0	IT63	0	10
4735	21437	Imbued Dwarven Chain Mail	2	IT63	7882280	10
4736	21437	Imbued Dwarven Chain Mail	2	IT63	7882280	10
4737	21438	Imbued Dwarven Chain Mantle	0	IT63	0	10
4738	21438	Imbued Dwarven Chain Mantle	0	IT63	0	10
4725	21439	Imbued Dwarven Chain Cloak	0	IT63	0	10
4726	21439	Imbued Dwarven Chain Cloak	0	IT63	0	10
4739	21440	Imbued Dwarven Chain Skirt	0	IT63	0	10
4740	21440	Imbued Dwarven Chain Skirt	0	IT63	0	10
4741	21441	Imbued Dwarven Chain Sleeves	2	IT63	7882280	10
4742	21441	Imbued Dwarven Chain Sleeves	2	IT63	7882280	10
4723	21442	Imbued Dwarven Chain Bracelet	2	IT63	7882280	10
4724	21442	Imbued Dwarven Chain Bracelet	2	IT63	7882280	10
4729	21443	Imbued Dwarven Chain Gloves	2	IT63	7882280	10
4730	21443	Imbued Dwarven Chain Gloves	2	IT63	7882280	10
4733	21444	Imbued Dwarven Chain Leggings	2	IT63	7882280	10
4734	21444	Imbued Dwarven Chain Leggings	2	IT63	7882280	10
4721	21445	Imbued Dwarven Chain Boots	2	IT63	7882280	10
4722	21445	Imbued Dwarven Chain Boots	2	IT63	7882280	10
4763	21458	Imbued Elven Chain Coif	2	IT63	9232890	10
4767	21459	Imbued Elven Chain Veil	0	IT63	0	10
4765	21460	Imbued Elven Chain Neckguard	0	IT63	0	10
4766	21461	Imbued Elven Chain Tunic	2	IT63	9232890	10
4764	21462	Imbued Elven Chain Mantle	0	IT63	0	10
4762	21463	Imbued Elven Chain Cape	0	IT63	0	10
4772	21464	Imbued Elven Chainmail Skirt	0	IT63	0	10
4773	21465	Imbued Elven Chainmail Sleeves	2	IT63	9232890	10
4769	21466	Imbued Elven Chainmail Bracelet	2	IT63	9232890	10
4770	21467	Imbued Elven Chainmail Gloves	2	IT63	9232890	10
4771	21468	Imbued Elven Chainmail Leggings	2	IT63	9232890	10
5036	21469	Imbued Teir`Dal Chain Coif	1	IT63	3276850	10
5043	21470	Imbued Teir`Dal Chain Veil	0	IT63	0	10
5040	21471	Imbued Teir`Dal Chain Neckguard	0	IT63	0	10
5042	21472	Imbued Teir`Dal Chain Tunic	2	IT63	3276850	10
5039	21473	Imbued Teir`Dal Chain Mantle	0	IT63	0	10
5035	21474	Imbued Teir`Dal Chain Cape	0	IT63	0	10
5045	21475	Imbued Teir`Dal Chainmail Skirt	0	IT63	0	10
5041	21476	Imbued Teir`Dal Chain Sleeves	2	IT63	3932170	10
5034	21477	Imbued Teir`Dal Chain Bracelet	2	IT63	3276850	10
5037	21478	Imbued Teir`Dal Chain Gloves	2	IT63	3276850	10
5038	21479	Imbued Teir`Dal Chain Leggings	2	IT63	3932170	10
2837	21480	Elven Chainmail Boots	2	IT63	9232890	10
4768	21481	Imbued Elven Chainmail Boots	2	IT63	9232890	10
9721	21482	Teir`Dal Chainmail Boots	2	IT63	3276850	10
5044	21483	Imbued Teir`Dal Chainmail Boots	2	IT63	3276850	10
2926	21484	Enchanted Elven Chain Boots	2	IT63	9232890	10
3013	21485	Enchanted Teir`Dal Chain Boots	2	IT63	3276850	10
3504	21500	Forged Dagger	0	IT5	0	2
3513	21501	Forged Rapier	0	IT20	0	2
3517	21502	Forged Short Sword	0	IT34	0	0
3503	21503	Forged Battle Axe	0	IT60	0	0
3506	21504	Forged Halberd	0	IT23	0	1
3514	21505	Forged Scimitar	0	IT41	0	0
3509	21506	Forged Mace	0	IT7	0	3
3521	21507	Forged Throwing Knife	0	IT5	0	19
3507	21508	Forged Javelin	0	IT16	0	19
3518	21509	Forged Shuriken	0	IT5	0	19
3520	21510	Forged Throwing Axe	0	IT3	0	19
3508	21511	Forged Long Sword	0	IT1	0	0
3007	21512	Enchanted Seafarers Dirk	0	IT118	0	2
3008	21513	Enchanted Seafarers Harpoon	0	IT132	0	2
6534	21514	Northman Long Dagger	0	IT119	0	2
6531	21515	Northman Battle Axe	0	IT25	0	1
6532	21516	Northman Claymore	0	IT110	0	1
6535	21517	Northman Mace	0	IT130	0	3
343	21518	Antonian Javelin	0	IT16	0	19
8173	21519	Seafarers Dirk	0	IT118	0	2
8174	21520	Seafarers Harpoon	0	IT132	0	2
6548	21521	Northman Throwing Axe	0	IT3	0	7
8172	21522	Seafarers Cutlass	0	IT41	0	0
3006	21523	Enchanted Seafarers Cutlass	0	IT41	0	0
9435	21526	Stormguard Battle Axe	0	IT84	0	1
9436	21527	Stormguard Battle Axe of Brell	0	IT84	0	1
6656	21528	Ogre War Mace	0	IT130	0	3
4957	21529	Imbued Ogre War Mace	0	IT130	0	3
6655	21531	Ogre War Hammer	0	IT24	0	4
4954	21532	Imbued Ogre War Hammer	0	IT24	0	4
9437	21534	Stormguard Battle Hammer	0	IT14	4278190080	3
9438	21535	Stormguard Battle Hammer of Brell	0	IT14	0	3
3519	21538	Forged Spear	0	IT16	0	2
3538	21539	Forged Warhammer	0	IT14	0	3
3512	21540	Forged Pick	0	IT43	0	0
4924	21541	Imbued Northman Long Dagger	0	IT119	0	2
4921	21542	Imbued Northman Battle Axe	0	IT25	0	1
4922	21543	Imbued Northman Claymore	0	IT110	0	1
4925	21544	Imbued Northman Mace	0	IT130	0	3
5104	21545	Indigo Sabre	0	IT86	0	0
5105	21546	Indigo Sabre of Innoruuk	0	IT86	0	0
5381	21547	Koada`Dal Falchion	0	IT41	0	0
5382	21548	Koada`Dal Falchion of Tunare	0	IT41	0	0
344	21549	Antonian Long Sword	0	IT1	0	0
2903	21550	Enchanted Antonian Long Sword	0	IT1	0	0
2904	21550	Enchanted Antonian Long Sword	0	IT1	0	0
3515	21552	Forged Shan`Tok	0	IT105	0	0
3505	21553	Forged Fer`Esh	0	IT82	0	0
3516	21554	Forged Sheer Blade	0	IT100	0	0
8737	21555	Skyiron Shan`Tok	0	IT105	0	0
8735	21556	Skyiron Fer`Esh	0	IT82	0	0
8738	21557	Skyiron Sheer Blade	0	IT100	0	0
4996	21558	Imbued Skyiron Shan`Tok	0	IT105	4278190080	0
4995	21559	Imbued Skyiron Fer`Esh	0	IT82	4278190080	0
4997	21560	Imbued Skyiron Sheer Blade	0	IT100	4278190080	0
8709	21565	Skinning Knife	0	IT5	0	2
8639	21566	Silvered Dagger	0	IT5	0	2
8647	21567	Silvered Rapier	0	IT20	0	2
8650	21568	Silvered Short Sword	0	IT34	0	0
8638	21569	Silvered Battle Axe	0	IT60	0	0
8649	21571	Silvered Scimitar	0	IT41	0	0
8643	21572	Silvered Mace	0	IT7	0	3
8656	21573	Silvered Throwing Knife	0	IT5	0	19
8641	21574	Silvered Javelin	0	IT16	0	7
8651	21575	Silvered Shuriken	0	IT5	0	19
8655	21576	Silvered Throwing Axe	0	IT3	0	7
8642	21577	Silvered Long Sword	0	IT1	0	0
8652	21578	Silvered Spear	0	IT16	0	2
8657	21579	Silvered Warhammer	0	IT14	0	3
8646	21580	Silvered Pick	0	IT43	0	0
10190	21610	Unfired Idol	0	IT63	0	255
8149	21625	Sculpting Tools	0	IT63	0	255
555	21963	Barbarian Meat	0	IT63	0	255
10832	21967	Wormwood	0	IT63	0	255
4537	21968	Human Parts	0	IT63	0	255
6982	22000	Plate Gorget Mold	0	IT63	0	255
6978	22001	Plate Bracer Mold	0	IT63	0	255
6977	22002	Plate Boot Mold	0	IT63	0	255
6984	22003	Plate Helm Mold	0	IT63	0	255
6987	22004	Plate Visor Mold	0	IT63	0	255
6985	22005	Plate Pauldron Mold	0	IT63	0	255
6976	22006	Plate Belt Mold	0	IT63	0	255
6986	22007	Plate Vambrace Mold	0	IT63	0	255
6983	22008	Plate Greaves Mold	0	IT63	0	255
5647	22009	Large Plate Helm Mold	0	IT63	0	255
5650	22010	Large Plate Visor Mold	0	IT63	0	255
5648	22011	Large Plate Pauldron Mold	0	IT63	0	255
5639	22012	Large Plate Belt Mold	0	IT63	0	255
5649	22013	Large Plate Vambrace Mold	0	IT63	0	255
5646	22014	Large Plate Greaves Mold	0	IT63	0	255
5640	22015	Large Plate Boot Mold	0	IT63	0	255
5645	22016	Large Plate Gorget Mold	0	IT63	0	255
5641	22017	Large Plate Bracer Mold	0	IT63	0	255
8935	22018	Small Plate Gorget Mold	0	IT63	0	255
8931	22019	Small Plate Bracer Mold	0	IT63	0	255
8930	22020	Small Plate Boot Mold	0	IT63	0	255
8937	22021	Small Plate Helm Mold	0	IT63	0	255
8940	22022	Small Plate Visor Mold	0	IT63	0	255
8938	22023	Small Plate Pauldron Mold	0	IT63	0	255
8929	22024	Small Plate Belt Mold	0	IT63	0	255
8939	22025	Small Plate Vambrace Mold	0	IT63	0	255
8936	22026	Small Plate Greaves Mold	0	IT63	0	255
8794	22027	Small Breastplate Mold	0	IT63	0	255
1222	22028	Breastplate Mold	0	IT63	0	255
5506	22029	Large Breastplate Mold	0	IT63	0	255
8932	22030	Small Plate Gauntlet Mold	0	IT63	0	255
6979	22031	Plate Gauntlet Mold	0	IT63	0	255
5642	22032	Large Plate Gauntlet Mold	0	IT63	0	255
3642	22044	Full Plate Gorget Mold	0	IT63	0	255
3640	22045	Full Plate Bracer Mold	0	IT63	0	255
3639	22046	Full Plate Boot Mold	0	IT63	0	255
3644	22047	Full Plate Helm Mold	0	IT63	0	255
3647	22048	Full Plate Visor Mold	0	IT63	0	255
3645	22049	Full Plate Pauldron Mold	0	IT63	0	255
3638	22050	Full Plate Belt Mold	0	IT63	0	255
3646	22051	Full Plate Vambrace Mold	0	IT63	0	255
3643	22052	Full Plate Greaves Mold	0	IT63	0	255
3624	22053	Full Breastplate Mold	0	IT63	0	255
3641	22054	Full Plate Gauntlet Mold	0	IT63	0	255
8860	22055	Small Field Splinted Cloak Mold	0	IT63	0	255
3266	22056	Field Splinted Cloak Mold	0	IT63	0	255
5571	22057	Large Field Splinted Cloak Mold	0	IT63	0	255
3651	22058	Full Splinted Cloak Mold	0	IT63	0	255
1351	22059	Buckler Mold	0	IT63	0	255
7663	22060	Round Shield Mold	0	IT63	0	255
9611	22061	Targ Shield Mold	0	IT63	0	255
5366	22062	Kite Shield Mold	0	IT63	0	255
9990	22063	Tower Shield Mold	0	IT63	0	255
8817	22064	Small Buckler Mold	0	IT63	0	255
8984	22065	Small Round Shield Mold	0	IT63	0	255
9020	22066	Small Targ Shield Mold	0	IT63	0	255
8885	22067	Small Kite Shield Mold	0	IT63	0	255
9030	22068	Small Tower Shield Mold	0	IT63	0	255
5529	22069	Large Buckler Mold	0	IT63	0	255
5691	22070	Large Round Shield Mold	0	IT63	0	255
5731	22071	Large Targ Shield Mold	0	IT63	0	255
5598	22072	Large Kite Shield Mold	0	IT63	0	255
5741	22073	Large Tower Shield Mold	0	IT63	0	255
2247	22074	Dagger Blade Mold	0	IT63	0	255
9815	22075	Thin Blade Mold	0	IT63	0	255
8506	22076	Short Blade Mold	0	IT63	0	255
461	22077	Axe Head Mold	0	IT63	0	255
4273	22078	Halberd Head Mold	0	IT63	0	255
2210	22079	Curved Blade Mold	0	IT63	0	255
5969	22080	Mace Head Mold	0	IT63	0	255
9836	22081	Throwing Knife Mold	0	IT63	0	255
5268	22082	javelin mold	0	IT63	0	255
8529	22083	Shuriken Mold	0	IT63	0	255
9833	22084	Throwing Axe Mold	0	IT63	0	255
5920	22085	Long Blade Mold	0	IT63	0	255
4287	22086	hammer Head Mold	0	IT63	0	255
9166	22087	Spear Head Mold	0	IT63	0	255
6921	22088	Pick Head Mold	0	IT63	0	255
8339	22089	Shan`Tok Blade Mold	0	IT63	0	255
3244	22090	Fer`Esh Blade Mold	0	IT63	0	255
8400	22091	Sheer Blade Mold	0	IT63	0	255
9761	22092	Terrorantula Swatch	0	IT63	0	255
8804	22093	Small Brick of Velium	0	IT63	0	255
5516	22094	Large Brick of Velium	0	IT63	0	255
8406	22095	Sheet of Velium	0	IT63	0	255
927	22097	Block of Velium	0	IT63	0	255
10309	22098	Velium Bar	0	IT63	0	255
3026	22099	Enchanted Velium Bar	0	IT63	0	255
7451	22100	Resin	0	IT63	0	255
5246	22101	Jar of Lacquer	0	IT63	0	255
5837	22102	Light Green Dye	0	IT63	0	255
4163	22103	Green Dye	0	IT63	0	255
2289	22104	Dark Green Dye	0	IT63	0	255
5839	22105	Light Red Dye	0	IT63	0	255
7375	22106	Red Dye	0	IT63	0	255
2304	22107	Dark Red Dye	0	IT63	0	255
5833	22108	Light Blue Dye	0	IT63	0	255
1025	22109	Blue Dye	0	IT63	0	255
2279	22110	Dark Blue Dye	0	IT63	0	255
5850	22111	Light Yellow Dye	0	IT63	0	255
10954	22112	Yellow Dye	0	IT63	0	255
2326	22113	Dark Yellow Dye	0	IT63	0	255
1345	22114	Brown Rust Dye	0	IT63	0	255
7386	22115	Red Rust Dye	0	IT63	0	255
5838	22116	Light Grey Dye	0	IT63	0	255
4197	22117	Grey Dye	0	IT63	0	255
730	22118	Black Dye	0	IT63	0	255
3122	22119	Evergreen Leaf	0	IT403	0	255
8008	22120	Sarcoscypha Fungus	0	IT401	0	255
6901	22121	Permafrost Crystals	0	IT400	0	255
5212	22122	Jack-O-Lantern Fungus	0	IT401	0	255
7898	22123	Russet Oxide	0	IT400	0	255
5174	22124	Iron Oxide	0	IT400	0	255
1597	22125	Charcoal	0	IT400	0	255
3120	22126	Evergreen Extract	0	IT63	0	255
8007	22127	Sarcoscypha Extract	0	IT63	0	255
6902	22128	Permafrost Extract	0	IT63	0	255
5211	22129	Jack-O-Lantern Extract	0	IT63	0	255
7897	22130	Russet Extract	0	IT63	0	255
7387	22131	Red Rust Extract	0	IT63	0	255
731	22132	Black Extract	0	IT63	0	255
5243	22133	Jar of Acid	0	IT63	0	255
4165	22134	Green Froglok Skin	0	IT63	0	255
4167	22135	Green Goblin Skin	0	IT63	0	255
1033	22136	Blue Slumber Fungus	0	IT402	0	255
7370	22137	Red Cockatrice Feather	0	IT63	0	255
10023	22138	Tri-Fern Leaf	0	IT63	0	255
9362	22139	Star Reach Clover	0	IT63	0	255
8532	22140	Sickle Leaf	0	IT63	0	255
10450	22141	Violet Tri-Tube Sap	0	IT63	0	255
697	22142	Betherium Bark	0	IT63	0	255
850	22143	Blade Leaf	0	IT63	0	255
10957	22182	Yerbhimba	0	IT63	0	255
2612	22183	Duskglow Vine	0	IT63	0	255
6017	22184	Maliak Leaf	0	IT63	0	255
6310	22225	Mithril Studs	0	IT63	0	255
6271	22226	Mithril Boning	0	IT63	0	255
6270	22227	Mithril Bits	0	IT63	0	255
8926	22228	Small Piece of Mithril	0	IT63	0	255
8925	22229	Small Piece of High Quality Ore	0	IT63	0	255
4454	22230	High Quality Metal Bits	0	IT63	0	255
5376	22299	Knight Card	0	IT63	0	255
2869	22499	Emerald Orange Schnapps	0	IT63	0	255
4881	22500	Imbued Jade	0	IT63	0	255
4878	22501	Imbued Ivory	0	IT63	0	255
4697	22502	Imbued Amber	0	IT63	0	255
1022	22503	Blue Diamond	0	IT63	0	255
5185	22504	Ivory	0	IT63	0	255
4979	22506	Imbued Ruby	0	IT63	0	255
4774	22507	Imbued Emerald	0	IT63	0	255
4981	22508	Imbued Sapphire	0	IT63	0	255
4532	22514	Human Blood	0	200	0	255
2834	22515	Elven Blood	0	200	0	255
2655	22516	Dwarven Blood	0	200	0	255
2592	22517	Drop of Mercury	0	IT63	0	255
4203	22526	Griffenne Blood	0	IT63	0	255
3074	22527	Essence of Sunlight	0	IT63	0	255
2591	22528	Drop of Grease	0	IT63	0	255
3590	22531	Frost Temper	0	IT63	0	255
3075	22532	Essence of Winter	0	IT63	0	255
4560	22533	Ice Goblin Blood	0	IT63	0	255
9388	22535	Steel Wire	0	IT63	0	255
44	22536	2x Brewed 2x Stout Dwarven Ale	0	IT63	0	255
7612	22539	Root Beer Float	0	IT63	0	255
6023	22540	Malted Milk	0	IT63	0	255
2774	22541	Egg Nog	0	IT63	0	255
2775	22542	Egg Nog XXX	0	IT63	0	255
3228	22544	Faydwer Schnapps	0	IT63	0	255
9439	22545	Stormguard Root Beer	0	IT63	0	255
8158	22546	Sea Temper	0	IT63	0	255
6379	22547	Mug of Sea Foam	0	IT63	0	255
4698	22548	Imbued Black Pearl	0	IT63	0	255
4718	22549	Imbued Diamond	0	IT63	0	255
4978	22550	Imbued Rose Quartz	0	IT63	0	255
4701	22551	Imbued Black Sapphire	0	IT63	0	255
4861	22552	Imbued Fire Opal	0	IT63	0	255
4966	22553	Imbued Plains Pebble	0	IT63	0	255
4965	22554	Imbued Peridot	0	IT63	0	255
5047	22555	Imbued Topaz	0	IT63	0	255
3409	22556	Flask of Fruit Juice	0	IT63	0	255
3410	22557	Flask of Karana Brown Tea	0	IT63	0	255
3407	22558	Flask of Berry Juice	0	IT63	0	255
3412	22559	Flask of Orange Juice	0	IT63	0	255
4964	22560	Imbued Opal	0	IT63	0	255
3413	22561	Flask of Rathe Berry Juice	0	IT63	0	255
3414	22562	Flask of Sylvan Berry Juice	0	IT63	0	255
1535	22563	Caynar Nut Brown Ale	0	IT63	0	255
1859	22564	Coldain Velium Temper	0	IT63	0	255
10311	22565	Velium Bits	0	IT63	0	255
10357	22566	Velium Rings	0	IT63	0	255
10373	22567	Velium Studs	0	IT63	0	255
10315	22568	Velium Boning	0	IT63	0	255
8928	22569	Small Piece of Velium	0	IT63	0	255
6451	22570	Necromancer Blood	0	200	0	255
9807	22571	Thick Caustic Liquid	0	200	0	255
4284	22646	Halfling Toe	0	IT63	0	255
2258	22668	Damaged Annals	0	IT63	0	255
2594	22700	Dry Hook	0	IT63	0	255
10019	22701	Treble Hook	0	IT63	0	255
1682	22702	Circle Hook	0	IT63	0	255
4260	22745	Gunthak Mackerel	0	IT63	0	255
3466	22746	Fogwater Trout	0	IT63	0	255
4180	22747	Greengill Salmon	0	IT63	0	255
5330	22748	Kerra Catfish	0	IT63	0	255
7307	22749	Rathe Muskie	0	IT63	0	255
4463	22750	Highland Pike	0	IT63	0	255
9846	22751	Thunder Salmon	0	IT63	0	255
9840	22752	Thullian Mudskipper	0	IT63	0	255
986	22753	Bloodfin Trout	0	IT63	0	255
1056	22754	Boar Carp	0	IT63	0	255
5313	22755	Kedge Carp	0	IT63	0	255
1533	22756	Cauldron Trout	0	IT63	0	255
9424	22757	Stonefish	0	IT63	0	255
4331	22758	Hatch Dace	0	IT63	0	255
2427	22759	Despair Chub	0	IT63	0	255
7750	22760	Rujarkian Chub	0	IT63	0	255
589	22761	Barren Flounder	0	IT63	0	255
6950	22762	Pine Cichlid	0	IT63	0	255
1744	22763	Clockwork Koi	0	IT63	0	255
5380	22764	Koada Cichlid	0	IT63	0	255
4517	22765	Hound Pike	0	IT63	0	255
1780	22766	Cobalt Cod	0	IT63	0	255
4579	22767	Iceclad Cutlassfish	0	IT63	0	255
7987	22768	Salty Whitefish	0	IT63	0	255
2517	22770	Dragon Bay Snapper	0	IT63	0	255
2122	22771	Crystalline Cave Fish	0	IT63	0	255
3605	22772	Frosty Cave Trout	0	IT63	0	255
4231	22773	Grotto Bluegill	0	IT63	0	255
10539	22774	Weary Wrass	0	IT63	0	255
7385	22775	Red Roughy	0	IT63	0	255
5404	22799	Kobold Meat	0	IT63	0	255
3585	22800	Frost Giant Meat	0	IT63	0	255
9429	22801	Storm Giant Meat	0	IT63	0	255
8685	22803	Siren Parts	0	IT63	0	255
6767	22806	Otterman Meat	0	IT63	0	255
2526	22807	Dragon Meat	0	IT63	0	255
10930	22808	Wyvern Meat	0	IT63	0	255
10918	22809	Wurm Meat	0	IT63	0	255
2555	22811	Drake Meat	0	IT63	0	255
8153	22813	Sea Dragon Meat	0	IT63	0	255
8154	22814	Sea Dragon Scales	0	IT63	0	255
8212	22815	Section of Lodizal's Shell	0	IT63	0	255
5916	22816	Lodizal Shell Shield	0	IT218	0	10
7858	22817	Runed Othmir Spear	0	IT16	0	35
6754	22818	Othmir Chieftain Spear	0	IT103	0	35
1719	22819	Cloak of Crystalline Waters	0	IT63	0	10
10128	22820	Typhoon, Sword of the Tidalwave	0	IT44	0	1
5327	22821	Kelorek`Dar Spine Razor	0	IT50	0	2
702	22822	Bioluminescent Orb	0	IT68	0	255
2865	22823	Emerald Dragon Scales	0	IT63	0	255
8116	22824	Scimitar of the Emerald Dawn	0	IT41	0	0
1997	22825	Crescent Blades of Luclin	0	IT94	0	2
8733	22826	Skydarkener	0	IT4	0	5
9601	22827	Tanglewood Shield	0	IT204	0	255
3214	22830	Faun Flute	3	IT6	0	255
3216	22831	Faun Meat	0	IT63	0	255
8537	22832	Sifaye Parts	0	IT63	0	255
10212	22833	Unicorn Meat	0	IT63	0	255
8226	22834	Sentient Helm	3	IT63	5250590	10
8223	22835	Sentient Breastplate	22	IT63	5250590	10
8229	22836	Sentient Vambraces	22	IT63	5250590	10
8221	22837	Sentient Bracer	22	IT63	5250590	10
8222	22837	Sentient Bracer	22	IT63	5250590	10
8224	22839	Sentient Gauntlets	22	IT63	5250590	10
8225	22840	Sentient Greaves	22	IT63	5250590	10
8220	22841	Sentient Plate Boots	22	IT63	5250590	10
8227	22841	Sentient Plate Boots	22	IT63	5250590	10
8534	22842	Sifaye Dart	0	IT5	0	7
4479	22843	Holgresh Meat	0	IT63	0	255
9860	22844	Tigeraptor Hide	0	IT63	0	255
4474	22845	Holgresh Fur	0	IT63	0	255
4485	22846	Holgresh Wing	0	IT63	0	255
8535	22849	Sifaye Dust	0	IT63	0	255
8539	22850	Sifaye Wing	0	IT63	0	255
6809	22851	Panther Meat	0	IT63	0	255
7287	22852	Raptor Meat	0	IT63	0	255
3851	22854	Glob of Tar	0	IT63	0	255
6948	22855	Pile of Rubble	0	IT63	0	255
5871	22856	Lithiniaths Horn	0	IT63	0	255
6801	23008	Pale Green Small Fine Breastplate	3	IT63	7319663	10
12155	23084	Red Fine Plate Helm	3	IT63	11473940	10
12152	23085	Red Fine Plate Breastplate	3	IT63	11473940	10
12156	23086	Red Fine Plate Vambraces	3	IT63	11473940	10
12151	23087	Red Fine Plate Bracer	3	IT63	11473940	10
12153	23088	Red Fine Plate Gauntlets	3	IT63	11473940	10
12154	23089	Red Fine Plate Greaves	3	IT63	11473940	10
12150	23090	Red Fine Plate Boots	3	IT63	11473940	10
6799	23127	Pale Blue Fine Plate Breastplate	3	IT63	3455230	10
6798	23132	Pale Blue Fine Plate Boots	3	IT63	3455230	10
12146	23147	Blue Fine Plate Helm	3	IT63	5206451	10
12143	23148	Blue Fine Plate Breastplate	3	IT63	5206451	10
12147	23149	Blue Fine Plate Vambraces	3	IT63	5206451	10
12142	23150	Blue Fine Plate Bracer	3	IT63	5206451	10
12144	23151	Blue Fine Plate Gauntlets	3	IT63	5206451	10
12145	23152	Blue Fine Plate Greaves	3	IT63	5206451	10
12141	23153	Blue Fine Plate Boots	3	IT63	5206451	10
6613	23372	Ogre Bouncer Shield	0	IT203	0	255
2653	23373	Dwarven Battle Shield	0	IT202	0	255
2654	23373	Dwarven Battle Shield	0	IT202	0	255
8171	23374	Seafarers Buckler Shield	0	IT201	0	255
5395	23375	Koada`Dal Woodlanders Shield	0	IT202	0	255
9732	23376	Teir`Dal Dragoon Shield	0	IT202	0	255
4666	23377	Iksar Skyiron Targ Shield	0	IT202	4278190080	255
6533	23378	Northman Kite Shield	0	IT202	0	255
4923	23379	Imbued Northman Kite Shield	0	IT202	0	255
5074	23380	Imbued Woodlanders Shield	0	IT202	0	255
5046	23381	Imbued Teir`Dal Dragoon Shield	0	IT202	0	255
4834	23384	Imbued Field Plate Helm (Innoruuk)	3	IT63	1310735	10
4855	23385	Imbued Field Plate Visor (Innoruuk)	0	IT63	1310735	10
4806	23386	Imbued Field Plate Collar (Innoruuk)	0	IT63	4279500815	10
4778	23387	Imbued Field Breastplate (Innoruuk)	3	IT63	1310735	10
4841	23388	Imbued Field Plate Pauldron (Innoruuk)	0	IT63	1310735	10
4799	23389	Imbued Field Plate Cloak (Innoruuk)	0	IT63	1310735	10
4820	23390	Imbued Field Plate Girdle (Innoruuk)	0	IT63	1310735	10
4848	23391	Imbued Field Plate Vambraces (Innoruuk)	3	IT63	1310735	10
4792	23392	Imbued Field Plate Bracers (Innoruuk)	3	IT63	1310735	10
4813	23393	Imbued Field Plate Gauntlets (Innoruuk)	3	IT63	1310735	10
4827	23394	Imbued Field Plate Greaves (Innoruuk)	3	IT63	1310735	10
4785	23395	Imbued Field Plate Boots (Innoruuk)	3	IT63	4279500815	10
4833	23396	Imbued Field Plate Helm (Erollisi Marr)	3	IT63	13132880	10
4854	23397	Imbued Field Plate Visor (Erollisi Marr)	0	IT63	13132880	10
4805	23398	Imbued Field Plate Collar (Erollisi Marr)	0	IT63	13132880	10
4777	23399	Imbued Field Breastplate (Erollisi Marr)	3	IT63	13132880	10
4840	23400	Imbued Field Plate Pauldron (Erollisi Marr)	0	IT63	13132880	10
4798	23401	Imbued Field Plate Cloak (Erollisi Marr)	0	IT63	13132880	10
4819	23402	Imbued Field Plate Girdle (Erollisi Marr)	0	IT63	13132880	10
4847	23403	Imbued Field Plate Vambraces (Erollisi Marr)	3	IT63	13132880	10
4791	23404	Imbued Field Plate Bracers (Erollisi Marr)	3	IT63	13132880	10
4812	23405	Imbued Field Plate Gauntlets (Erollisi Marr)	3	IT63	13132880	10
4826	23406	Imbued Field Plate Greaves (Erollisi Marr)	3	IT63	13132880	10
4784	23407	Imbued Field Plate Boots (Erollisi Marr)	3	IT63	13132880	10
4836	23408	Imbued Field Plate Helm (Mithaniel Marr)	3	IT63	13155950	10
4857	23409	Imbued Field Plate Visor (Mithaniel Marr)	0	IT63	13155950	10
4808	23410	Imbued Field Plate Collar (Mithaniel Marr)	0	IT63	13155950	10
4780	23411	Imbued Field Breastplate (Mithaniel Marr)	3	IT63	13155950	10
4843	23412	Imbued Field Plate Pauldron (Mithaniel Marr)	0	IT63	13155950	10
4801	23413	Imbued Field Plate Cloak (Mithaniel Marr)	0	IT63	13155950	10
4822	23414	Imbued Field Plate Girdle (Mithaniel Marr)	0	IT63	13155950	10
4850	23415	Imbued Field Plate Vambraces (Mithaniel Marr)	3	IT63	13155950	10
4794	23416	Imbued Field Plate Bracers (Mithaniel Marr)	3	IT63	13155950	10
4815	23417	Imbued Field Plate Gauntlets (Mithaniel Marr)	3	IT63	13155950	10
4829	23418	Imbued Field Plate Greaves (Mithaniel Marr)	3	IT63	13155950	10
4787	23419	Imbued Field Plate Boots (Mithaniel Marr)	3	IT63	13155950	10
4835	23420	Imbued Field Plate Helm (Karana)	3	IT63	4613220	10
4856	23421	Imbued Field Plate Visor (Karana)	0	IT63	4613220	10
4807	23422	Imbued Field Plate Collar (Karana)	0	IT63	4613220	10
4779	23423	Imbued Field Breastplate (Karana)	3	IT63	4613220	10
4842	23424	Imbued Field Plate Pauldron (Karana)	0	IT63	4613220	10
4800	23425	Imbued Field Plate Cloak (Karana)	0	IT63	4613220	10
4821	23426	Imbued Field Plate Girdle (Karana)	0	IT63	4613220	10
4849	23427	Imbued Field Plate Vambraces (Karana)	3	IT63	4613220	10
4793	23428	Imbued Field Plate Bracers (Karana)	3	IT63	4613220	10
4814	23429	Imbued Field Plate Gauntlets (Karana)	3	IT63	4613220	10
4828	23430	Imbued Field Plate Greaves (Karana)	3	IT63	4613220	10
4786	23431	Imbued Field Plate Boots (Karana)	3	IT63	4613220	10
4832	23432	Imbued Field Plate Helm (Bertoxxulous)	3	IT63	4282122240	10
4853	23433	Imbued Field Plate Visor (Bertoxxulous)	0	IT63	4282122240	10
4804	23434	Imbued Field Plate Collar (Bertoxxulous)	0	IT63	3932160	10
4776	23435	Imbued Field Breastplate (Bertoxxulous)	3	IT63	3932160	10
4839	23436	Imbued Field Plate Pauldron (Bertoxxulous)	0	IT63	4282122240	10
4797	23437	Imbued Field Plate Cloak (Bertoxxulous)	0	IT63	4282122240	10
4818	23438	Imbued Field Plate Girdle (Bertoxxulous)	0	IT63	4282122240	10
4846	23439	Imbued Field Plate Vambraces (Bertoxxulous)	3	IT63	4282122240	10
4790	23440	Imbued Field Plate Bracers (Bertoxxulous)	3	IT63	3932160	10
4811	23441	Imbued Field Plate Gauntlets (Bertoxxulous)	3	IT63	4282122240	10
4825	23442	Imbued Field Plate Greaves (Bertoxxulous)	3	IT63	3932160	10
4783	23443	Imbued Field Plate Boots (Bertoxxulous)	3	IT63	4282122240	10
4838	23444	Imbued Field Plate Helm (Rodcet Nife)	3	IT63	11858170	10
4859	23445	Imbued Field Plate Visor (Rodcet Nife)	0	IT63	11858170	10
4810	23446	Imbued Field Plate Collar (Rodcet Nife)	0	IT63	11858170	10
4782	23447	Imbued Field Breastplate (Rodcet Nife)	3	IT63	11858170	10
4845	23448	Imbued Field Plate Pauldron (Rodcet Nife)	0	IT63	11858170	10
4803	23449	Imbued Field Plate Cloak (Rodcet Nife)	0	IT63	11858170	10
4824	23450	Imbued Field Plate Girdle (Rodcet Nife)	0	IT63	11858170	10
4852	23451	Imbued Field Plate Vambraces (Rodcet Nife)	3	IT63	11858170	10
4796	23452	Imbued Field Plate Bracers (Rodcet Nife)	3	IT63	11858170	10
4817	23453	Imbued Field Plate Gauntlets (Rodcet Nife)	3	IT63	11858170	10
4831	23454	Imbued Field Plate Greaves (Rodcet Nife)	3	IT63	11858170	10
4789	23455	Imbued Field Plate Boots (Rodcet Nife)	3	IT63	11858170	10
4837	23456	Imbued Field Plate Helm (Rallos Zek)	3	IT63	5903360	10
4858	23457	Imbued Field Plate Visor (Rallos Zek)	0	IT63	5903360	10
4809	23458	Imbued Field Plate Collar (Rallos Zek)	0	IT63	5903360	10
4781	23459	Imbued Field Breastplate (Rallos Zek)	3	IT63	5903360	10
4844	23460	Imbued Field Plate Pauldron (Rallos Zek)	0	IT63	5903360	10
4802	23461	Imbued Field Plate Cloak (Rallos Zek)	0	IT63	5903360	10
4823	23462	Imbued Field Plate Girdle (Rallos Zek)	0	IT63	5903360	10
4851	23463	Imbued Field Plate Vambraces (Rallos Zek)	3	IT63	5903360	10
4795	23464	Imbued Field Plate Bracers (Rallos Zek)	3	IT63	5903360	10
4816	23465	Imbued Field Plate Gauntlets (Rallos Zek)	3	IT63	5903360	10
4830	23466	Imbued Field Plate Greaves (Rallos Zek)	3	IT63	5903360	10
4788	23467	Imbued Field Plate Boots (Rallos Zek)	3	IT63	5903360	10
4751	23468	Imbued Dwarven Plate Helm	3	IT63	3284490	10
4754	23469	Imbued Dwarven Plate Visor	0	IT63	0	10
4747	23470	Imbued Dwarven Plate Collar	0	IT63	0	10
4720	23471	Imbued Dwarven Breastplate	3	IT63	5255695	10
4752	23472	Imbued Dwarven Plate Pauldron	0	IT63	0	10
4755	23473	Imbued Dwarven Splinted Cloak	0	IT63	0	10
4749	23474	Imbued Dwarven Plate Girdle	0	IT63	0	10
4753	23475	Imbued Dwarven Plate Vambraces	3	IT63	3284490	10
4746	23476	Imbued Dwarven Plate Bracers	3	IT63	5255695	10
4748	23477	Imbued Dwarven Plate Gauntlets	3	IT63	3284490	10
4750	23478	Imbued Dwarven Plate Greaves	3	IT63	3284490	10
4745	23479	Imbued Dwarven Plate Boots	3	IT63	1968645	10
1024	23541	Blue Diamond Powder	0	IT63	0	255
1546	23542	Celestial Temper	0	IT63	0	255
6156	23678	Medium Quality Chain Jointing	0	IT63	0	255
3630	24069	Full Crate of Fusible Ore	0	IT63	0	255
9452	24070	Strength of the Elements	0	IT63	0	10
6919	24082	Phosphorous Powder	0	IT63	0	255
7580	24091	Rock Fern	0	IT63	0	255
10536	24093	Wax Flower	0	IT63	0	255
6527	24094	Nodding Blue Lily	0	IT63	0	255
5111	24459	Infused Platinum Thread	0	IT63	0	255
6844	24466	Patch of Dire Wolf Fur	0	IT63	0	255
10851	24467	Woven Dire Wolf Fur	0	IT63	0	255
4386	24499	Heavy Clay	0	IT63	0	255
12139	24549	a jester	0	IT63	0	11
72	24550	A Black Throne	0	IT63	0	255
69	24551	A Black Crown	0	IT63	0	255
70	24552	A Black Knight	0	IT63	0	255
71	24553	A Black Squire	0	IT63	0	255
127	24554	A Red Throne	0	IT63	0	255
124	24555	A Red Crown	0	IT63	0	255
125	24556	A Red Knight	0	IT63	0	255
7382	24556	A Red Knight	0	IT63	0	255
126	24557	A Red Squire	0	IT63	0	255
76	24558	A Blue Throne	0	IT63	0	255
73	24559	A Blue Crown	0	IT63	0	255
74	24560	A Blue Knight	0	IT63	0	255
75	24561	A Blue Squire	0	IT63	0	255
169	24562	A White Throne	0	IT63	0	255
166	24563	A White Crown	0	IT63	0	255
167	24564	A White Knight	0	IT63	0	255
168	24565	A White Squire	0	IT63	0	255
7565	24604	Robe of Smothering	13	IT63	1702650	10
1049	24606	Blued Flower Katana	0	IT44	0	0
9789	24608	The Scimitar of Lifestealing	0	IT85	0	0
3212	24609	Fatesealer	0	IT72	0	3
7553	24610	Robe of Burning Rage	10	IT63	13112340	10
10289	24613	Veldrak's Shortblade	0	IT90	0	0
8491	24615	Shissar Elementalist`s Cane	0	IT8	0	3
4200	24616	Grey Suede Boots	2	IT63	0	10
9561	24617	Sword of the Shissar	0	IT120	0	0
10960	24618	Ykeshan Broad Axe	0	IT83	0	1
9308	24621	Sprinkler of Suffering	0	IT134	0	3
6492	24622	Nightfall	0	IT50	0	2
7550	24623	Robe of Adversity	10	IT63	12800	10
845	24624	Blackstone Maul	0	IT49	0	4
9332	24628	Staff of Null	0	IT125	0	4
5790	24629	Left Eye of Xygoz	0	IT210	0	255
6015	24631	Malevolent Runeblade	0	IT99	0	0
7356	24633	Razor Sharp Short Sword	0	IT89	0	0
8722	24635	Skullcrusher of Kragg	0	IT112	0	3
954	24636	Blood Orchid Katana	0	IT44	0	0
8492	24637	Shissar Focus Staff	0	IT8	0	3
5975	24639	Maelstrom	0	IT81	0	0
8489	24640	Shissar Deathspeaker Staff	0	IT8	0	4
5307	24641	Katana of Endurance	0	IT44	0	0
8045	24642	Sarnak Summoners Staff	0	IT125	0	4
9558	24648	Sword of Rile	0	IT95	0	1
7355	24649	Razor Fang of Xygoz	0	IT82	0	0
10391	24704	Velvet-Trimmed Satin Robe	15	IT63	0	10
8448	24706	Shimmering Sapphire Ring	0	IT63	0	255
5189	24707	Ivory Handled Falchion	0	IT41	0	1
7059	24711	Polished Steel Dirk	0	IT50	0	2
5965	24723	Lyendlln's Lute	0	IT11502	0	255
10534	24724	Wavecrasher	0	IT100	0	0
2996	24725	Enchanted Kelp Leggings	17	IT63	19200	10
280	24727	Ancient Fishing Pole	0	IT38	0	255
2995	24729	Enchanted Kelp Gauntlets	17	IT63	19200	10
8750	24730	Sleeves of the Kelpmaidens	17	IT63	19200	10
10470	24733	Walrus Hide Pauldrons	0	IT63	0	10
3241	24734	Fellspine's Tail	0	IT61	0	0
8684	24735	Siren Hair Locket	0	IT63	0	10
293	24736	Ancient Seahorse Hide Cloak	0	IT63	0	10
2593	24737	Drums of the Beast	0	IT137	0	255
505	24738	Ball of Kelp	0	IT72	0	255
8178	24739	Seahorse Spine Bracelet	0	IT63	0	10
6087	24740	Mask of Swirling Water	0	IT63	0	10
8683	24741	Siren Hair Earring	0	IT63	0	10
9240	24742	Spined Seahorse Hide Breastplate	2	IT63	0	10
7883	24743	Runed Walrus Fang Ring	0	IT63	0	10
1149	24745	Bowl of Watery Protection	0	IT133	0	255
659	24746	Behemoth's Fangs	0	IT94	0	2
8436	24749	Shield of the Tsunami	0	IT217	0	255
3870	24750	Gloves of Watery Distraction	19	IT63	150	10
7884	24751	Runed Walrus Hide Cloak	0	IT63	0	10
1741	24752	Cloak of the Seacaller	0	IT63	0	10
9233	24753	Spiked Seahorse Hide Belt	0	IT63	0	10
4563	24756	Ice Silk Cap	1	IT63	0	10
4573	24757	Ice Silk Veil	0	IT63	0	10
4564	24758	Ice Silk Choker	0	IT63	0	10
4569	24759	Ice Silk Robe	12	IT63	0	10
4561	24760	Ice Silk Amice	0	IT63	0	10
4570	24761	Ice Silk Sash	0	IT63	0	10
4571	24762	Ice Silk Sleeves	1	IT63	0	10
4562	24763	Ice Silk Bracelet	1	IT63	0	10
4566	24764	Ice Silk Gloves	1	IT63	0	10
4568	24765	Ice Silk Pantaloons	1	IT63	0	10
4567	24766	Ice Silk Lined Shoes	1	IT63	0	10
4290	24767	Hammer of Exoneration	0	IT49	0	4
1070	24768	Bone Fragment	0	IT63	0	255
7125	24769	Powdered Bone	0	IT63	0	255
3278	24770	Filled Penance Bag	0	IT63	0	255
1791	24800	Cobalt Drake Skullcap	1	IT63	13000	10
1789	24801	Cobalt Drake Mask	0	IT63	13000	10
1786	24802	Cobalt Drake Gorget	0	IT63	13000	10
1793	24803	Cobalt Drake Tunic	20	IT63	13000	10
1790	24804	Cobalt Drake Shoulderpads	0	IT63	13000	10
1784	24805	Cobalt Drake Cloak	0	IT63	13000	10
1782	24806	Cobalt Drake Belt	0	IT63	13000	10
1792	24807	Cobalt Drake Sleeves	20	IT63	13000	10
1794	24808	Cobalt Drake Wristbands	20	IT63	13000	10
1785	24809	Cobalt Drake Gloves	20	IT63	13000	10
1788	24810	Cobalt Drake Leggings	20	IT63	13000	10
1783	24811	Cobalt Drake Boots	20	IT63	13000	10
390	24812	Arctic Wyvern Skullcap	1	IT63	5268600	10
388	24813	Arctic Wyvern Mask	0	IT63	5268600	10
385	24814	Arctic Wyvern Gorget	0	IT63	5268600	10
392	24815	Arctic Wyvern Tunic	20	IT63	5268600	10
389	24816	Arctic Wyvern Shoulderpads	0	IT63	5268600	10
383	24817	Arctic Wyvern Cloak	0	IT63	5268600	10
381	24818	Arctic Wyvern Belt	0	IT63	5268600	10
391	24819	Arctic Wyvern Sleeves	20	IT63	5268600	10
393	24820	Arctic Wyvern Wristbands	20	IT63	5268600	10
384	24821	Arctic Wyvern Gloves	20	IT63	5268600	10
387	24822	Arctic Wyvern Leggings	20	IT63	5268600	10
382	24823	Arctic Wyvern Boots	20	IT63	5268600	10
9864	24824	Tigeraptor Skullcap	1	IT63	2298900	10
9862	24825	Tigeraptor Mask	0	IT63	2298900	10
9859	24826	Tigeraptor Gorget	0	IT63	2298900	10
9866	24827	Tigeraptor Tunic	20	IT63	13127680	10
9863	24828	Tigeraptor Shoulderpads	0	IT63	2298900	10
9857	24829	Tigeraptor Cloak	0	IT63	2298900	10
9855	24830	Tigeraptor Belt	0	IT63	2298900	10
9865	24831	Tigeraptor Sleeves	20	IT63	2298900	10
9867	24832	Tigeraptor Wristbands	20	IT63	13127680	10
9858	24833	Tigeraptor Gloves	20	IT63	2298900	10
9861	24834	Tigeraptor Leggings	20	IT63	2298900	10
9856	24835	Tigeraptor Boots	20	IT63	13127680	10
759	24836	Black Pantherskin Skullcap	1	IT63	1315920	10
757	24837	Black Pantherskin Mask	0	IT63	1315920	10
755	24838	Black Pantherskin Gorget	0	IT63	1315920	10
761	24839	Black Pantherskin Tunic	20	IT63	1315920	10
758	24840	Black Pantherskin Shoulderpads	0	IT63	1315920	10
753	24841	Black Pantherskin Cloak	0	IT63	1315920	10
751	24842	Black Pantherskin Belt	0	IT63	1315920	10
760	24843	Black Pantherskin Sleeves	20	IT63	1315920	10
762	24844	Black Pantherskin Wristbands	20	IT63	1315920	10
754	24845	Black Pantherskin Gloves	20	IT63	1315920	10
756	24846	Black Pantherskin Leggings	20	IT63	1315920	10
752	24847	Black Pantherskin Boots	20	IT63	1315920	10
4345	24848	Haze Panther Skullcap	1	IT63	1315920	10
4342	24849	Haze Panther Mask	0	IT63	1315920	10
4340	24850	Haze Panther Gorget	0	IT63	1315920	10
4347	24851	Haze Panther Tunic	20	IT63	1315920	10
4343	24852	Haze Panther Shoulderpads	0	IT63	1315920	10
4337	24853	Haze Panther Cloak	0	IT63	1315920	10
4335	24854	Haze Panther Belt	0	IT63	1315920	10
4346	24855	Haze Panther Sleeves	20	IT63	1315920	10
4348	24856	Haze Panther Wristbands	20	IT63	1315920	10
4339	24857	Haze Panther Gloves	20	IT63	1315920	10
4341	24858	Haze Panther Leggings	20	IT63	1315920	10
4336	24859	Haze Panther Boots	20	IT63	1315920	10
485	24860	Bag of Crushed Herbs	0	IT63	0	255
494	24861	Bag of Sulfur	0	IT63	0	255
4338	24862	Haze Panther Eye	0	IT63	0	255
490	24863	Bag of Seeds	0	IT63	0	255
2008	24864	Crest of the Wood Nymphs	0	IT63	0	255
2005	24865	Crest of the Fauns	0	IT63	0	255
2006	24866	Crest of the Sifaye	0	IT63	0	255
2003	24867	Crest of the Drixie	0	IT63	0	255
2004	24868	Crest of the Faerie Dragons	0	IT63	0	255
2007	24869	Crest of the Unicorn	0	IT63	0	255
105	24870	A Gossamer Wing	0	IT63	0	255
12140	24871	a prismatic wing	0	IT63	0	11
920	24872	Block of Living Granite	0	IT63	0	255
5426	24873	Kromzek Foreman Helm	3	IT63	0	10
10142	24874	Ulthork Tusks	0	IT15	0	255
2585	24876	Drixie Remains	0	IT63	0	255
102	24877	A Gigantic Kromzek Pick	0	IT43	0	1
3868	24878	Gloves of Kromzek Might	1	IT63	0	10
4480	24884	Holgresh Mojo Stick	0	IT46	0	255
4481	24884	Holgresh Mojo Stick	0	IT46	0	255
4482	24884	Holgresh Mojo Stick	0	IT46	0	255
4483	24884	Holgresh Mojo Stick	0	IT46	0	255
4484	24888	Holgresh Spirit Beads	0	IT63	0	255
4478	24889	Holgresh Grand Vizier Beads	0	IT63	0	255
4473	24890	Holgresh Elder Beads	0	IT63	0	255
8228	24891	Sentient Two-Handed Axe	0	IT83	0	1
4476	24893	Holgresh Fur Cloak	0	IT63	0	10
4551	24894	Ice Burrower Silk	0	IT63	0	255
10335	24895	Velium Hound Fur	0	IT63	0	255
6755	24896	Othmir Fur	0	IT63	0	255
6757	24897	Othmir Fur Cloak	0	IT63	0	10
10337	24898	Velium Hound Fur Cloak	0	IT63	0	10
306	24900	Ancient Tarnished Breastplate	3	IT63	0	255
314	24901	Ancient Tarnished Greaves	3	IT63	0	255
319	24902	Ancient Tarnished Vambraces	3	IT63	0	255
315	24903	Ancient Tarnished Plate Boots	3	IT63	0	255
316	24904	Ancient Tarnished Plate Bracelet	3	IT63	0	255
318	24905	Ancient Tarnished Plate Helmet	3	IT63	0	255
317	24906	Ancient Tarnished Plate Gauntlets	3	IT63	0	255
313	24907	Ancient Tarnished Chain Tunic	2	IT63	0	255
311	24908	Ancient Tarnished Chain Leggings	2	IT63	0	255
312	24909	Ancient Tarnished Chain Sleeves	2	IT63	0	255
307	24910	Ancient Tarnished Chain Boots	2	IT63	0	255
308	24911	Ancient Tarnished Chain Bracer	2	IT63	0	255
309	24912	Ancient Tarnished Chain Coif	2	IT63	0	255
310	24913	Ancient Tarnished Chain Gauntlets	2	IT63	0	255
287	24914	Ancient Leather Tunic	1	IT63	0	255
285	24915	Ancient Leather Leggings	1	IT63	0	255
286	24916	Ancient Leather Sleeves	1	IT63	0	255
281	24917	Ancient Leather Boots	1	IT63	0	255
282	24918	Ancient Leather Bracelet	1	IT63	0	255
283	24919	Ancient Leather Cap	1	IT63	0	255
284	24920	Ancient Leather Gloves	0	IT63	0	255
298	24921	Ancient Silk Robe	11	IT63	0	255
297	24922	Ancient Silk Pantaloons	0	IT63	0	255
299	24923	Ancient Silk Sleeves	0	IT63	0	255
295	24924	Ancient Silk Boots	0	IT63	0	255
301	24925	Ancient Silk Wristband	0	IT63	0	255
300	24926	Ancient Silk Turban	0	IT63	0	255
296	24927	Ancient Silk Gloves	0	IT63	0	255
1918	24928	Corroded Breastplate	3	IT63	0	255
1929	24929	Corroded Plate Greaves	3	IT63	0	255
1931	24930	Corroded Plate Vambraces	3	IT63	0	255
1926	24931	Corroded Plate Boots	3	IT63	0	255
1927	24932	Corroded Plate Bracer	3	IT63	0	255
1930	24933	Corroded Plate Helmet	3	IT63	0	255
1928	24934	Corroded Plate Gauntlets	3	IT63	0	255
1925	24935	Corroded Chain Tunic	2	IT63	0	255
1923	24936	Corroded Chain Leggings	2	IT63	0	255
1924	24937	Corroded Chain Sleeves	2	IT63	0	255
1919	24938	Corroded Chain Boots	2	IT63	0	255
1920	24939	Corroded Chain Bracer	2	IT63	0	255
1921	24940	Corroded Chain Coif	2	IT63	0	255
1922	24941	Corroded Chain Gauntlets	2	IT63	0	255
3053	24942	Eroded Leather Tunic	1	IT63	0	255
3051	24943	Eroded Leather Leggings	1	IT63	0	255
3052	24944	Eroded Leather Sleeves	1	IT63	0	255
3047	24945	Eroded Leather Boots	1	IT63	0	255
3048	24946	Eroded Leather Bracelet	1	IT63	0	255
3049	24947	Eroded Leather Cap	1	IT63	0	255
3050	24948	Eroded Leather Gloves	0	IT63	0	255
9957	24949	Torn Enchanted Silk Robe	11	IT63	0	255
9956	24950	Torn Enchanted Silk Pantaloons	0	IT63	0	255
9958	24951	Torn Enchanted Silk Sleeves	0	IT63	0	255
9954	24952	Torn Enchanted Silk Boots	0	IT63	0	255
9960	24953	Torn Enchanted Silk Wristband	0	IT63	0	255
9959	24954	Torn Enchanted Silk Turban	0	IT63	0	255
9955	24955	Torn Enchanted Silk Gloves	0	IT63	0	255
10151	24956	Unadorned Breastplate	3	IT63	0	255
10169	24957	Unadorned Plate Greaves	3	IT63	0	255
10171	24958	Unadorned Plate Vambraces	3	IT63	0	255
10166	24959	Unadorned Plate Boots	3	IT63	0	255
10167	24960	Unadorned Plate Bracer	3	IT63	0	255
10170	24961	Unadorned Plate Helmet	3	IT63	0	255
10168	24962	Unadorned Plate Gauntlets	3	IT63	0	255
10158	24963	Unadorned Chain Tunic	2	IT63	0	255
10156	24964	Unadorned Chain Leggings	2	IT63	0	255
10157	24965	Unadorned Chain Sleeves	2	IT63	0	255
10152	24966	Unadorned Chain Boots	2	IT63	0	255
10153	24967	Unadorned Chain Bracer	2	IT63	0	255
10154	24968	Unadorned Chain Coif	2	IT63	0	255
10155	24969	Unadorned Chain Gauntlets	2	IT63	0	255
10165	24970	Unadorned Leather Tunic	1	IT63	0	255
10163	24971	Unadorned Leather Leggings	1	IT63	0	255
10164	24972	Unadorned Leather Sleeves	1	IT63	0	255
10159	24973	Unadorned Leather Boots	1	IT63	0	255
10160	24974	Unadorned Leather Bracelet	1	IT63	0	255
10161	24975	Unadorned Leather Cap	1	IT63	0	255
10162	24976	Unadorned Leather Gloves	1	IT63	0	255
9662	24977	Tattered Silk Robe	11	IT63	0	255
9661	24978	Tattered Silk Pantaloons	0	IT63	0	255
9663	24979	Tattered Silk Sleeves	0	IT63	0	255
9659	24980	Tattered Silk Boots	0	IT63	0	255
9665	24981	Tattered Silk Wristband	0	IT63	0	255
9664	24982	Tattered Silk Turban	0	IT63	0	255
9660	24983	Tattered Silk Gloves	0	IT63	0	255
10952	24984	Yelinak's Head	0	IT63	0	255
8144	24985	Scroll of Scaled Tactics	0	IT65	0	255
4080	24986	Golden Tablet of Draconic Strategy	0	IT63	0	255
1239	24987	Brell's Divine Strategy	0	IT28	0	255
10490	24988	War Tactics of the Frostreavers	0	IT27	0	255
6756	24989	Othmir Fur Cap	0	IT63	0	10
10336	24990	Velium Hound Fur Cap	0	IT63	0	10
6758	24991	Othmir Fur Moccasins	0	IT63	0	10
10338	24992	Velium Hound Fur Moccasins	0	IT63	0	10
4475	24993	Holgresh Fur Cap	0	IT63	0	10
4477	24994	Holgresh Fur Moccasins	0	IT63	0	10
3765	25000	Giant Militia Longsword	0	IT188	0	0
8243	25002	Sergeant's Claymore	0	IT2	0	1
5831	25003	Lieutenant's Helm	2	IT63	0	10
464	25004	Axe of the Frost	0	IT83	0	1
3783	25005	Giant Scalemail Helm	2	IT63	2631720	10
3786	25006	Giant Scalemail Mask	0	IT63	0	10
3782	25007	Giant Scalemail Gorget	0	IT63	0	10
3785	25009	Giant Scalemail Mantle	0	IT63	0	10
3779	25010	Giant Scalemail Cloak	0	IT63	2631720	10
3776	25011	Giant Scalemail Belt	0	IT63	2631720	10
3787	25012	Giant Scalemail Sleeves	2	IT63	2631720	10
3778	25013	Giant Scalemail Bracer	2	IT63	2631720	10
3781	25014	Giant Scalemail Gloves	2	IT63	2631720	10
3784	25015	Giant Scalemail Leggings	2	IT63	2631720	10
3777	25016	Giant Scalemail Boots	2	IT63	2631720	10
3780	25017	Giant Scalemail Gauntlets	2	IT63	2631720	10
3788	25018	Giant Scalemail Tunic	2	IT63	2631720	10
2452	25019	Dire Wolf-Hide Cloak	0	IT63	0	10
3848	25020	Glimmering Mithril Torque	0	IT63	0	10
6222	25021	Militia Captain Tunic	3	IT63	1966080	10
3592	25022	Frostbringer	0	IT171	0	0
1739	25023	Cloak of the Maelstrom	0	IT63	0	10
6091	25024	Mask of War	0	IT63	0	10
1847	25026	Coldain Skin Gloves	1	IT63	3947590	10
1846	25027	Coldain Skin Boots	1	IT63	3947590	10
10989	25027	Coldain Skin Boots	1	IT63	3947590	10
565	25028	Barbed Dragonscale Pauldrons	0	IT63	0	10
564	25029	Barbed Dragonscale Boots	1	IT63	0	10
3615	25030	Frozen Shard	0	IT17	0	2
3168	25031	Eyepatch of the Shadows	0	IT63	0	10
3402	25032	Flamesong	0	IT44	0	0
1144	25033	Bow of the Huntsman	0	IT4	0	5
1695	25034	Circlet of Vallon	1	IT63	0	10
1097	25035	Book of Strategy	0	IT63	0	255
9389	25036	Steel Wristband of Strategy	3	IT63	0	10
1694	25037	Circlet of Tallon	1	IT63	0	10
1098	25038	Book of Tactics	0	IT63	0	255
3704	25039	Gauntlets of Iron Tactics	3	IT63	0	10
8410	25040	Shield of Battle	0	IT226	0	255
1556	25041	Ceremonial Helm	3	IT63	351327	10
1171	25042	Bracelet of Sacrifice	0	IT63	0	255
1128	25043	Boots of the Vindicator	22	IT63	6579300	10
1617	25044	Chestplate of Vindication	19	IT63	2631720	10
5876	25045	Living Thunder Earring	0	IT63	0	10
4149	25046	Greaves of Avoidance	3	IT63	0	10
3036	25047	Engraved Skull Amulet	0	IT63	0	10
10262	25048	Vambraces of Avoidance	3	IT63	0	10
2539	25049	Dragonhide Belt	0	IT63	0	10
3847	25050	Glimmering Axe	0	IT3	0	0
2320	25051	Dark Spear of Venom	0	IT103	0	2
1685	25052	Circlet of Cerulean Smoke	1	IT63	0	10
3428	25053	Flayed Coldain-Skin Leggings	1	IT63	0	10
6080	25054	Mask of Malediction	0	IT63	0	255
4589	25055	Iceshaper's Staff	0	IT127	0	3
8583	25056	Silver Dragon Tattoo	0	IT63	0	10
4614	25058	Icy Skull	0	IT67	0	255
7769	25059	Rune Etched Icewurm Fang	0	IT16	0	2
668	25060	Belt of Dwarfskulls	0	IT63	0	10
1181	25061	Bracer of Midnight	0	IT63	0	10
3032	25062	Engraved Bone Pauldrons	0	IT63	0	10
1108	25064	Boots of Dark Passage	3	IT63	4934460	10
1172	25065	Bracelet of Swirling Smoke	0	IT63	39329310	10
2564	25066	Drakkel Wolfhide Leggings	1	IT63	0	10
2563	25067	Drakkel Wolfhide Gloves	1	IT63	0	10
7755	25069	Rune Covered Torque	0	IT63	0	10
1561	25070	Cerulean Vambraces	3	IT63	102500	10
1560	25071	Cerulean Greaves	3	IT63	102500	10
633	25072	Bear Skins of Rage	1	IT63	0	255
688	25074	Berserker's Axe	0	IT83	0	0
6516	25076	Noble's Walking Staff	0	IT126	0	3
8665	25077	Silvery Mask	0	IT63	0	10
8625	25078	Silver Steel Gauntlets	3	IT63	0	10
4292	25079	Hammer of Rage	0	IT14	0	4
2405	25080	Defiance	0	IT131	0	0
10284	25083	Vehement Sword of Reivaj	0	IT95	0	1
342	25084	Antlered Mask	0	IT63	0	10
3734	25085	Gem of Rage	0	IT68	0	10
1555	25086	Ceremonial Giant War Sword	0	IT90	0	0
10105	25087	Tuuak's Fishgutter	0	IT118	0	2
10106	25088	Tuuak's Fishing Pole	0	IT38	0	3
1559	25089	Cerulean Gauntlets	3	IT63	65992	10
9814	25090	Thin Banded Belt	0	IT63	0	10
725	25091	Black Blade of Tormenting	0	IT53	0	0
10408	25094	Vermilion Robe of Torrefaction	10	IT63	9830600	10
1065	25095	Bone Bracelet of Condemnation	0	IT63	0	10
2105	25096	Crystal Crown of Confusion	0	IT63	0	10
1105	25097	Boots of Bladecalling	1	IT63	0	10
6717	25098	Orb of the Infinite Void	0	IT210	3276800	255
8359	25100	Shard Wurm Fang	0	IT63	0	255
4575	25101	Ice Wyvern Stinger	0	IT63	0	255
5620	25102	Large Note	0	IT63	0	255
6134	25107	Mechanical Net	0	IT63	0	255
3130	25109	Excellent Siren Scales	0	IT63	0	255
3792	25110	Giant Siren Scale Cloak	0	IT63	0	10
8536	25113	Sifaye Head	0	IT63	0	255
5810	25114	Legs of Deaen Greyforge	0	IT63	0	255
4304	25115	Hand of Deaen Greyforge	0	IT63	0	255
4354	25116	Head of Ekelng Thunderstone	0	IT63	0	255
913	25117	Bllizent's Fang	0	IT17	0	2
914	25117	Bllizent's Fang	0	IT17	0	2
4135	25118	Greater Dragon's Head	0	IT63	0	255
4132	25119	Great Dragon's Head	0	IT63	0	255
4369	25122	Head of the Huntsman	0	IT63	0	255
4370	25123	Head of the Royal Scribe	0	IT63	0	255
1013	25127	Bloody Claw of Veredenia	0	IT71	4278190080	0
1012	25128	Bloody Claw of Jerigozia	0	IT71	4278190080	0
1011	25129	Bloody Claw of Draazak	0	IT71	4278190080	0
10457	25137	Vluudeen's Tail	0	IT61	0	0
12168	25149	Flask of Icy Water	0	IT63	0	255
2047	25151	Crunchy Coldain Head	0	IT63	0	255
4613	25152	Icy Mushrooms	0	IT63	0	255
6759	25169	Othmir Hide Robe	16	IT63	13408563	10
10621	25170	White Wolf Hide Robe	16	IT63	16777215	10
394	25179	Arena Ticket	0	IT63	0	255
1845	25182	Coldain Pickles	0	IT63	0	255
12169	25183	Wyvern Flesh Pie	0	IT63	0	255
3828	25184	Gladiator's Chain Sleeves	2	IT63	0	10
3827	25185	Gladiator's Chain Leggings	2	IT63	0	10
7853	25186	Runed Frost Blade	0	IT121	0	1
8108	25187	Scepter of Mastery	0	IT51	0	3
8543	25193	Signet Ring	0	IT63	0	255
2043	25194	Crown of the Kromzek Kings	0	IT63	0	10
9780	25195	The Horn of Hsagra	0	IT119	0	2
466	25196	Axe of the Kromzek Kings	0	IT83	0	1
1126	25197	Boots of the Storm	22	IT63	1315880	10
7502	25198	Ring of Lightning	0	IT63	0	10
10589	25199	White Dragon Scale Sash	0	IT63	0	10
10886	25200	Wrist Guard of Thunder	4	IT63	0	10
10326	25201	Velium Encrusted Gauntlets	3	IT63	0	10
4289	25202	Hammer of Battle	0	IT115	0	3
9547	25203	Swiftblade of Zek	0	IT87	0	0
7361	25204	Reaver	0	IT85	0	1
5178	25205	Iron Scroll of War	0	IT65	0	255
1225	25206	Breastplate of Eradication	22	IT63	6710886	10
1734	25207	Cloak of the Falling Stars	0	IT63	0	10
10489	25208	War Bow of Rallos Zek	0	IT4	0	5
4424	25209	Helmet of Rallos Zek	3	IT63	0	10
857	25210	Blade of Carnage	0	IT81	0	0
7496	25211	Ring of Destruction	0	IT63	0	10
3427	25212	Flayed Barbarian Skin Leggings	23	IT63	3937300	10
3426	25213	Flayed Barbarian Hide Mask	0	IT63	0	10
945	25244	Blood Flowers	0	IT63	0	255
3774	25266	Giant Sack of Supplies	0	IT63	4278190080	255
5419	25268	Kromrif Battle Totem	0	IT63	0	255
5370	25271	Klezendian Crystal	0	IT400	0	255
10378	25278	Velium Torque	0	IT63	4278190080	10
10460	25281	Voucher for Mechanical Net	0	IT63	0	255
2116	25282	Crystal Spider Eyes	0	IT63	0	10
2098	25284	Crystal Chitin Chestguard	22	IT63	0	10
2149	25285	Crystalline Spider Fang	0	IT5	0	2
2101	25286	Crystal Chitin Leggings	22	IT63	0	10
2102	25287	Crystal Chitin Shield	0	IT210	0	255
2096	25288	Crystal Chitin Armplates	22	IT63	0	10
2097	25289	Crystal Chitin Boots	22	IT63	0	10
2100	25290	Crystal Chitin Gauntlets	22	IT63	0	10
2099	25291	Crystal Chitin Circlet	0	IT63	0	10
4588	25292	Icepaw War Claw	0	IT71	0	0
9221	25293	Spider Fur Cloak	0	IT63	0	10
9220	25294	Spider Fur Belt	0	IT63	0	10
9222	25295	Spider Fur Collar	0	IT63	0	10
2115	25296	Crystal Rod of Confusion	0	IT47	0	255
10407	25297	Vermilion Orb of Torrefaction	0	IT68	0	255
1076	25298	Bone Ring of Condemnation	0	IT63	0	10
3862	25299	Gloves of Bladecalling	21	IT63	0	10
4586	25300	Icepaw Scalp	0	IT63	0	255
4585	25301	Icepaw Kobold's Paw	0	IT63	0	255
10613	25302	White Spider Fur	0	IT63	0	255
4584	25305	Icepaw Bangle	0	IT63	0	255
2128	25306	Crystalline Silk	0	IT63	0	255
506	25307	Ball of Velium	0	IT68	0	255
10363	25308	Velium Short Blade	0	IT34	0	0
10332	25309	Velium Gargoyle Pieces	0	IT63	0	255
9090	25310	Snow Spider Legs	0	IT63	0	255
9223	25311	Spider Fur Gloves	20	IT63	0	10
9219	25312	Spider Fur-Lined Boots	0	IT63	0	10
4582	25313	Iceflame	0	IT23	0	35
5963	25315	Lute of the Howler	0	IT11502	0	255
9557	25319	Sword of Pain	0	IT53	0	0
9556	25320	Sword of Blessings	0	IT86	0	0
960	25321	Blood Runed Greaves	19	IT63	0	10
957	25324	Blood Runed Boots	19	IT63	4278190080	10
959	25326	Blood Runed Girdle	0	IT63	0	10
958	25327	Blood Runed Gauntlets	19	IT63	0	10
568	25331	Barbed Ringmail	21	IT63	0	10
572	25332	Barbed Ringmail Sleeves	21	IT63	0	10
570	25333	Barbed Ringmail Leggings	21	IT63	0	10
569	25334	Barbed Ringmail Gloves	21	IT63	0	10
571	25337	Barbed Ringmail Shoulderpads	21	IT63	0	10
7490	25343	Rijoely's Dancing Rapier	0	IT20	0	2
7489	25344	Rijoely's Bracelet	20	IT63	0	10
7491	25345	Rijoely's Earring	0	IT63	4278190080	10
9869	25346	Tijoely's Dancing Rapier	0	IT20	4278190080	2
9868	25347	Tijoely's Bracelet	20	IT63	0	10
9870	25348	Tijoely's Earring	0	IT63	0	10
6012	25349	Malevolent Crown	0	IT63	6556170	10
6011	25350	Malevolent Breastplate	22	IT63	6556170	10
6016	25351	Malevolent Vambraces	22	IT63	6556170	10
6010	25352	Malevolent Bracer	22	IT63	6556170	10
6013	25353	Malevolent Gauntlets	22	IT63	6556170	10
6014	25354	Malevolent Greaves	22	IT63	6556170	10
6009	25355	Malevolent Boots	22	IT63	6556170	10
9247	25356	Spirit Caller's Helm	21	IT63	13158500	10
9244	25357	Spirit Caller's Breastplate	21	IT63	13158500	10
9248	25358	Spirit Caller's Vambraces	21	IT63	13158500	10
9243	25359	Spirit Caller's Bracer	21	IT63	13158500	10
9245	25360	Spirit Caller's Gauntlets	21	IT63	13158500	10
9246	25361	Spirit Caller's Greaves	21	IT63	13158500	10
9242	25362	Spirit Caller's Boots	21	IT63	13158500	10
3497	25363	Forest Stalker's Coif	2	IT63	2987620	10
3496	25364	Forest Stalker's Breastplate	21	IT63	2987620	10
3500	25365	Forest Stalker's Vambraces	21	IT63	2987620	10
3495	25366	Forest Stalker's Bracer	21	IT63	2987620	10
3498	25367	Forest Stalker's Gauntlets	21	IT63	2987620	10
3499	25368	Forest Stalker's Greaves	21	IT63	2987620	10
3494	25369	Forest Stalker's Boots	21	IT63	2987620	10
8463	25370	Shining Helm	3	IT63	25850	10
8460	25371	Shining Breastplate	22	IT63	25850	10
8467	25372	Shining Vambraces	22	IT63	25850	10
8459	25373	Shining Bracer	22	IT63	25850	10
8461	25374	Shining Gauntlets	22	IT63	25850	10
8462	25375	Shining Greaves	22	IT63	25850	10
8458	25376	Shining Boots	22	IT63	25850	10
2384	25377	Deceiver's Crown	0	IT63	4259905	10
2383	25378	Deceiver's Chestguard	21	IT63	4268865	10
2387	25379	Deceiver's Vambraces	21	IT63	4268865	10
2382	25380	Deceiver's Bracer	21	IT63	4268865	10
2385	25381	Deceiver's Gauntlets	21	IT63	4268865	10
2386	25382	Deceiver's Greaves	21	IT63	4268865	10
2381	25383	Deceiver's Boots	21	IT63	4268865	10
10058	25384	Troubadour's Helm	3	IT63	6561300	10
10055	25385	Troubadour's Breastplate	22	IT63	6561300	10
10059	25386	Troubadour's Vambraces	22	IT63	6561300	10
10054	25387	Troubadour's Bracer	22	IT63	6561300	10
10056	25388	Troubadour's Gauntlets	22	IT63	6561300	10
10057	25389	Troubadour's Greaves	22	IT63	6561300	10
10053	25390	Troubadour's Boots	22	IT63	6561300	10
9750	25391	Templar's Crown	0	IT63	4915275	10
9749	25392	Templar's Chestplate	22	IT63	4915275	10
9753	25393	Templar's Vambraces	22	IT63	4915275	10
9748	25394	Templar's Bracer	22	IT63	4915275	10
9751	25395	Templar's Gauntlets	22	IT63	4915275	10
9752	25396	Templar's Leggings	22	IT63	4915275	10
9747	25397	Templar's Boots	22	IT63	4915275	10
6430	25398	Nature Walker's Circlet	0	IT63	33360	10
6429	25399	Nature Walker's Chestguard	20	IT63	33360	10
6435	25400	Nature Walker's Vambraces	20	IT63	33360	10
6428	25401	Nature Walker's Bracer	20	IT63	33360	10
6431	25402	Nature Walker's Gauntlets	20	IT63	33360	10
6432	25403	Nature Walker's Greaves	20	IT63	33360	10
6427	25404	Nature Walker's Boots	20	IT63	33360	10
1697	25405	Circlet of the Invoker	0	IT63	0	10
7572	25406	Robe of the Invoker	10	IT63	25600	10
8749	25407	Sleeves of the Invoker	20	IT63	0	10
548	25408	Bangle of the Invoker	20	IT63	0	10
3873	25409	Gloves of the Invoker	20	IT63	0	10
6811	25410	Pants of the Invoker	20	IT63	0	10
1122	25411	Boots of the Invoker	20	IT63	0	10
6964	25412	Plague Bearer's Circlet	0	IT63	0	10
6966	25413	Plague Bearer's Robe	11	IT63	3340800	10
6967	25414	Plague Bearer's Sleeves	20	IT63	0	10
6969	25415	Plague Bearer's Wristguard	20	IT63	0	10
6965	25416	Plague Bearer's Gloves	20	IT63	0	10
6968	25417	Plague Bearer's Trousers	20	IT63	0	10
6963	25418	Plague Bearer's Boots	20	IT63	0	10
9520	25419	Summoner's Circlet	0	IT63	0	10
9523	25420	Summoner's Robe	11	IT63	38400	10
9524	25421	Summoner's Sleeves	20	IT63	0	10
9525	25422	Summoner's Warband	20	IT63	0	10
9521	25423	Summoner's Gloves	20	IT63	0	10
9522	25424	Summoner's Pantaloons	20	IT63	0	10
9519	25425	Summoner's Boots	20	IT63	0	10
2350	25426	Dazzling Circlet	0	IT63	0	10
2352	25427	Dazzling Robe	12	IT63	25750	10
2353	25428	Dazzling Sleeves	20	IT63	0	10
2356	25429	Dazzling Wristguard	20	IT63	0	10
2351	25430	Dazzling Gloves	20	IT63	0	10
2355	25431	Dazzling Trousers	20	IT63	0	10
2354	25432	Dazzling Slippers	20	IT63	0	10
10509	25433	Warlord's Crown	0	IT63	3302550	10
10508	25434	Warlord's Breastplate	22	IT63	3302550	10
10512	25435	Warlord's Vambraces	22	IT63	3302550	10
10507	25436	Warlord's Bracer	22	IT63	3302550	10
10510	25437	Warlord's Gauntlets	22	IT63	3302550	10
10511	25438	Warlord's Greaves	22	IT63	3302550	10
10506	25439	Warlord's Boots	22	IT63	3302550	10
4075	25440	Golden Star Headband	23	IT63	0	10
4074	25441	Golden Star Chest Wraps	23	IT63	0	10
4073	25442	Golden Star Arm Wraps	23	IT63	0	10
4079	25443	Golden Star Wrist Wraps	23	IT63	0	10
3389	25444	Fist of the Golden Star	23	IT63	0	10
4076	25445	Golden Star Pants	23	IT63	0	10
4078	25446	Golden Star Slippers	23	IT63	0	10
100	25449	A Giant's Broom	0	IT32	0	4
5429	25450	Kromzek Warriors Head	0	IT63	0	255
6523	25451	Noctivagant Crown	0	IT63	0	10
6522	25452	Noctivagant Breastplate	19	IT63	0	10
6526	25453	Noctivagant Vambraces	19	IT63	0	10
6521	25454	Noctivagant Bracer	19	IT63	0	10
6524	25455	Noctivagant Gauntlets	19	IT63	0	10
6525	25456	Noctivagant Greaves	19	IT63	0	10
6520	25457	Noctivagant Boots	19	IT63	0	10
9258	25458	Spirit Weaver's Coif	18	IT63	0	10
9257	25459	Spirit Weaver's Breastplate	18	IT63	0	10
9261	25460	Spirit Weaver's Vambraces	18	IT63	0	10
10986	25460	Spirit Weaver's Vambraces	18	IT63	0	10
9256	25461	Spirit Weaver's Bracer	18	IT63	0	10
9259	25462	Spirit Weaver's Gauntlets	18	IT63	0	10
9260	25463	Spirit Weaver's Greaves	18	IT63	0	10
9255	25464	Spirit Weaver's Boots	18	IT63	0	10
438	25479	Assassin's Coif	2	IT63	3885	10
437	25480	Assassin's Chestguard	18	IT63	528173	10
436	25481	Assassin's Chain Sleeves	18	IT63	528173	10
434	25482	Assassin's Bracer	18	IT63	528173	10
439	25483	Assassin's Gauntlets	18	IT63	528173	10
435	25484	Assassin's Chain Leggings	18	IT63	528173	10
433	25485	Assassin's Boots	18	IT63	528173	10
6174	25486	Melodic Helm	19	IT63	0	10
6170	25487	Melodic Breastplate	19	IT63	0	10
6175	25488	Melodic Vambraces	19	IT63	0	10
6169	25489	Melodic Bracer	19	IT63	0	10
6172	25490	Melodic Gauntlets	19	IT63	0	10
6173	25491	Melodic Greaves	19	IT63	0	10
6168	25492	Melodic Boots	19	IT63	0	10
2039	25493	Crown of Stability	0	IT63	0	10
10268	25495	Vambraces of Stability	19	IT63	0	10
1185	25496	Bracer of Stability	19	IT63	0	10
3709	25497	Gauntlets of Stability	19	IT63	0	10
4154	25498	Greaves of Stability	19	IT63	0	10
1114	25499	Boots of Stability	19	IT63	0	10
9131	25507	Sorcerer's Circlet	0	IT63	0	10
9134	25508	Sorcerer's Robe	10	IT63	16384050	10
9135	25509	Sorcerer's Sleeves	20	IT63	0	10
9136	25510	Sorcerer's Wristband	20	IT63	0	10
9132	25511	Sorcerer's Gloves	20	IT63	0	10
9133	25512	Sorcerer's Pantaloons	20	IT63	0	10
9130	25513	Sorcerer's Boots	20	IT63	0	10
2040	25514	Crown of the Bonecaster	0	IT63	0	10
7567	25515	Robe of the Bonecaster	15	IT63	3276850	10
8748	25516	Sleeves of the Bonecaster	20	IT63	0	10
10890	25517	Wristband of the Bonecaster	20	IT63	0	10
3871	25518	Gloves of the Bonecaster	20	IT63	0	10
6808	25519	Pantaloons of the Bonecaster	20	IT63	0	10
1118	25520	Boots of the Bonecaster	20	IT63	0	10
1686	25521	Circlet of Conjuration	0	IT63	0	10
7554	25522	Robe of Conjuration	10	IT63	38500	10
8746	25523	Sleeves of Conjuration	20	IT63	0	10
10889	25524	Wristband of Conjuration	20	IT63	0	10
3863	25525	Gloves of Conjuration	20	IT63	0	10
6807	25526	Pantaloons of Conjuration	1	IT63	0	10
1107	25527	Boots of Conjuration	20	IT63	0	10
7459	25528	Resplendent Crown	0	IT63	0	10
7461	25529	Resplendent Robe	10	IT63	25750	10
7462	25530	Resplendent Sleeves	20	IT63	0	10
7465	25531	Resplendent Wristguard	20	IT63	0	10
7460	25532	Resplendent Gloves	1	IT63	0	10
7464	25533	Resplendent Trousers	1	IT63	0	10
7463	25534	Resplendent Slippers	20	IT63	0	10
694	25535	Berserker's Helm	3	IT63	0	10
691	25536	Berserker's Breastplate	19	IT63	0	10
695	25537	Berserker's Vambraces	19	IT63	0	10
690	25538	Berserker's Bracer	19	IT63	0	10
692	25539	Berserker's Gauntlets	19	IT63	0	10
693	25540	Berserker's Greaves	19	IT63	0	10
689	25541	Berserker's Boots	19	IT63	0	10
8613	25542	Silver Moon Headband	23	IT63	0	10
8612	25543	Silver Moon Chest Wraps	23	IT63	0	10
8611	25544	Silver Moon Arm Wraps	23	IT63	0	10
8616	25545	Silver Moon Wrist Wraps	23	IT63	0	10
3391	25546	Fist of the Silver Moon	23	IT63	0	10
8614	25547	Silver Moon Pants	23	IT63	0	10
8615	25548	Silver Moon Slippers	23	IT63	0	10
741	25549	Black Ice Leggings	21	IT63	2631720	10
742	25550	Black Ice Sleeves	21	IT63	2631720	10
8451	25551	Shimmering Terror Hide Cloak	0	IT63	0	10
8450	25552	Shimmering Terror Hide Boots	20	IT63	0	10
2129	25553	Crystalline Silk Belt	0	IT63	0	10
2150	25554	Crystalline Torque	0	IT63	0	10
3896	25555	Glowing Red Stone	0	IT68	0	255
9889	25556	Tiny Velium Gargoyle	0	IT63	0	255
2137	25558	Crystalline Silk Mask (Lore)	0	IT63	0	10
1145	25559	Bow of the Icepaw	0	IT4	0	5
2757	25560	Efreeti Ice Staff	0	IT45	0	4
7518	25561	Ring of the Frozen Flame	0	IT63	0	10
4600	25562	Icicle Tunic	17	IT63	0	10
4601	25563	Icicle Wristband	17	IT63	0	10
3617	25564	Frozen Turban	0	IT63	0	10
3609	25565	Frozen Efreeti Boots	22	IT63	0	10
10321	25566	Velium Crystal Staff	0	IT45	0	3
3581	25567	Frost Covered Tome	0	IT28	0	255
962	25568	Blood Runed Short Sword	0	IT57	0	2
961	25569	Blood Runed Scimitar	0	IT41	0	0
8428	25570	Shield of the Freezing Winds	0	IT223	0	255
9091	25571	Snow Storm Mask	0	IT63	0	10
1168	25572	Bracelet of Frostbite	0	IT63	0	255
743	25573	Black Ice Wrist Guard	21	IT63	2631720	10
740	25574	Black Ice Boots	21	IT63	2631720	10
7047	25575	Poisoned Whip	0	IT61	0	0
5398	25576	Kobold Bone Gauntlets	21	IT63	0	10
9404	25577	Stein of Bitter Cold	0	IT56	0	255
4587	25578	Icepaw Skull Helm	2	IT63	1315860	10
8628	25579	Silver Sword of Yalrek	0	IT131	0	0
7564	25580	Robe of Melding Auras	16	IT63	2963245	10
3823	25581	Girdle of Wurmslaying	0	IT63	0	10
3211	25582	Fatecaller	0	IT171	0	1
708	25583	Bitter Blade of the Icepaw	0	IT168	0	0
1100	25584	Book of Twilight	0	IT27	0	255
1091	25585	Book of Dawn	0	IT28	0	255
5403	25586	Kobold Jester's Crown	0	IT63	0	10
1825	25587	Cold Steel Breastplate	22	IT63	0	10
1829	25588	Cold Steel Vambraces	22	IT63	0	10
1827	25589	Cold Steel Greaves	22	IT63	0	10
1826	25590	Cold Steel Gauntlets	22	IT63	0	10
1824	25591	Cold Steel Boots	22	IT63	0	10
1828	25592	Cold Steel Helmet	3	IT63	0	10
8303	25594	Shadow Rager	0	IT167	0	2
2495	25595	Doljonijiarnimorinar	0	IT182	0	1
2104	25601	Crystal Covered Shroud	16	IT63	6579350	10
2126	25602	Crystalline Robes	12	IT63	5872639	10
823	25603	Blackened Crystalline Robe	11	IT63	720638	10
6204	25604	Messenger of the Queen	0	IT30	0	35
7938	25605	Ry`Gorr Mining Pick	0	IT43	0	2
9356	25606	Stalagterror Spine Spear	0	IT187	0	2
2117	25607	Crystal Webshield	0	IT210	0	255
1650	25608	Chipped Velium Amulet	0	IT63	0	10
9218	25609	Spider Fang Choker	0	IT63	0	10
3602	25610	A Froststone Stein	0	IT56	0	255
3489	25611	Foreman's Skull Cap	2	IT63	3289650	10
1740	25612	Cloak of the Ry`Gorr Oracles	0	IT63	0	10
2120	25613	Crystalline Belt	0	IT63	0	10
3611	25614	Frozen Long Sword	0	IT168	0	0
3618	25615	Frozen Two Handed Sword	0	IT161	0	1
3902	25616	Glowing Velium Axe	0	IT182	0	1
1631	25618	Chipped Black Pearl	0	IT63	0	255
1641	25623	Chipped Hematite	0	IT63	0	255
1633	25624	Chipped Bloodstone	0	IT63	0	255
1643	25625	Chipped Jasper	0	IT63	0	255
1648	25626	Chipped Star Rose Quartz	0	IT63	0	255
1629	25627	Chipped Amber	0	IT63	0	255
1642	25628	Chipped Jade	0	IT63	0	255
1638	25634	Chipped Emerald	0	IT63	0	255
1645	25635	Chipped Opal	0	IT63	0	255
1640	25636	Chipped Fire Opal	0	IT63	0	255
1649	25637	Chipped Star Ruby	0	IT63	0	255
1639	25638	Chipped Fire Emerald	0	IT63	0	255
1647	25639	Chipped Sapphire	0	IT63	0	255
1646	25640	Chipped Ruby	0	IT63	0	255
1632	25641	Chipped Black Sapphire	0	IT63	0	255
1637	25642	Chipped Diamond	0	IT63	0	255
2108	25645	Crystal Fiber	0	IT61	0	0
2173	25646	Crystallized Sword	0	IT180	0	0
2174	25647	Crystallized Two Handed Sword	0	IT180	0	1
2139	25648	Crystalline Silk Net	0	IT63	0	255
2111	25649	Crystal Lined Slippers	7	IT63	5146867	10
2109	25650	Crystal Grinder	0	IT98	0	2
2130	25651	Crystalline Silk Cap	0	IT63	0	10
2136	25652	Crystalline Silk Mask	0	IT63	0	10
2132	25653	Crystalline Silk Collar	0	IT63	0	10
2142	25654	Crystalline Silk Shirt	0	IT63	0	10
2135	25655	Crystalline Silk Mantle	0	IT63	0	10
2131	25656	Crystalline Silk Cloak	0	IT63	0	10
2141	25657	Crystalline Silk Sash	0	IT63	0	10
2143	25658	Crystalline Silk Sleeves	0	IT63	0	10
2147	25659	Crystalline Silk Wristbands	0	IT63	0	10
2134	25660	Crystalline Silk Gloves	0	IT63	0	10
2140	25661	Crystalline Silk Pantaloons	0	IT63	0	10
2144	25662	Crystalline Silk Slippers	0	IT63	0	10
4565	25665	Ice Silk Cloak	0	IT63	0	10
9397	25666	Steelsilk Helm	3	IT63	13158600	10
9398	25667	Steelsilk Mask	19	IT63	0	10
9394	25668	Steelsilk Collar	19	IT63	0	10
9392	25669	Steelsilk Breastplate	19	IT63	13158600	10
9399	25670	Steelsilk Pauldron	19	IT63	0	10
9393	25671	Steelsilk Cloak	19	IT63	0	10
9401	25672	Steelsilk Waistband	19	IT63	4278190080	10
9400	25673	Steelsilk Vambraces	19	IT63	4291348680	10
9391	25674	Steelsilk Bracers	19	IT63	13158600	10
9395	25675	Steelsilk Gauntlets	19	IT63	13158600	10
9396	25676	Steelsilk Greaves	19	IT63	13158600	10
9390	25677	Steelsilk Boots	19	IT63	4291348680	10
5019	25678	Imbued Steelsilk Helm	3	IT63	5281480	10
5020	25678	Imbued Steelsilk Helm	3	IT63	5281480	10
5021	25678	Imbued Steelsilk Helm	3	IT63	5281480	10
5022	25679	Imbued Steelsilk Mask	19	IT63	0	10
5023	25679	Imbued Steelsilk Mask	19	IT63	0	10
5024	25679	Imbued Steelsilk Mask	19	IT63	0	10
5010	25680	Imbued Steelsilk Collar	19	IT63	0	10
5011	25680	Imbued Steelsilk Collar	19	IT63	0	10
5012	25680	Imbued Steelsilk Collar	19	IT63	0	10
5004	25681	Imbued Steelsilk Breastplate	19	IT63	5281480	10
5005	25681	Imbued Steelsilk Breastplate	19	IT63	5281480	10
5006	25681	Imbued Steelsilk Breastplate	19	IT63	5281480	10
5025	25682	Imbued Steelsilk Pauldron	19	IT63	0	10
5026	25682	Imbued Steelsilk Pauldron	19	IT63	0	10
5027	25682	Imbued Steelsilk Pauldron	19	IT63	0	10
5007	25683	Imbued Steelsilk Cloak	19	IT63	0	10
5008	25683	Imbued Steelsilk Cloak	19	IT63	0	10
5009	25683	Imbued Steelsilk Cloak	19	IT63	0	10
5031	25684	Imbued Steelsilk Waistband	19	IT63	0	10
5032	25684	Imbued Steelsilk Waistband	19	IT63	0	10
5033	25684	Imbued Steelsilk Waistband	19	IT63	0	10
5028	25685	Imbued Steelsilk Vambraces	19	IT63	5281480	10
5029	25685	Imbued Steelsilk Vambraces	19	IT63	5281480	10
5030	25685	Imbued Steelsilk Vambraces	19	IT63	5281480	10
5001	25686	Imbued Steelsilk Bracers	19	IT63	5281480	10
5002	25686	Imbued Steelsilk Bracers	19	IT63	5281480	10
5003	25686	Imbued Steelsilk Bracers	19	IT63	5281480	10
5013	25687	Imbued Steelsilk Gauntlets	19	IT63	5281480	10
5014	25687	Imbued Steelsilk Gauntlets	19	IT63	5281480	10
5015	25687	Imbued Steelsilk Gauntlets	19	IT63	5281480	10
5016	25688	Imbued Steelsilk Greaves	19	IT63	5281480	10
5017	25688	Imbued Steelsilk Greaves	19	IT63	5281480	10
5018	25688	Imbued Steelsilk Greaves	19	IT63	5281480	10
4998	25689	Imbued Steelsilk Boots	19	IT63	5281480	10
4999	25689	Imbued Steelsilk Boots	19	IT63	5281480	10
5000	25689	Imbued Steelsilk Boots	19	IT63	5281480	10
2151	25696	Crystallized Blade	0	IT180	0	0
10898	25716	Wu's Fighting Cap	4	IT63	0	10
10903	25717	Wu's Fighting Mask	4	IT63	0	10
10900	25718	Wu's Fighting Collar	4	IT63	0	10
10906	25719	Wu's Fighting Shirt	4	IT63	0	10
10902	25720	Wu's Fighting Mantle	4	IT63	0	10
10899	25721	Wu's Fighting Cloak	4	IT63	0	10
10905	25722	Wu's Fighting Sash	4	IT63	0	10
10907	25723	Wu's Fighting Sleeves	4	IT63	0	10
10909	25724	Wu's Fighting Wristbands	1	IT63	986895	10
10904	25725	Wu's Fighting Pantaloons	1	IT63	16448000	10
10908	25726	Wu's Fighting Slippers	4	IT63	0	10
5341	25755	Key	0	IT63	0	255
748	25805	Black Marble	0	IT63	0	255
7189	25807	Pristine Emerald	0	IT63	0	255
3424	25814	Flawless Diamond	0	IT63	0	255
5260	25815	Jaundice Gem	0	IT63	0	255
6457	25816	Nephrite	0	IT63	0	255
1914	25817	Coral Crescent	0	IT63	0	255
3422	25818	Flawed Topaz	0	IT63	0	255
1630	25819	Chipped Black Marble	0	IT63	0	255
3415	25820	Flawed Chrysolite	0	IT63	0	255
3416	25821	Flawed Emerald	0	IT63	0	255
3420	25822	Flawed Opal	0	IT63	0	255
3418	25823	Flawed Flame Opal	0	IT63	0	255
3417	25824	Flawed Flame Emerald	0	IT63	0	255
3421	25825	Flawed Sea Sapphire	0	IT63	0	255
3419	25826	Flawed Lava Ruby	0	IT63	0	255
1644	25827	Chipped Onyx Sapphire	0	IT63	0	255
5079	25828	Imperfect Diamond	0	IT63	0	255
2064	25829	Crushed Jaundice Gem	0	IT63	0	255
2066	25830	Crushed Nephrite	0	IT63	0	255
2057	25831	Crushed Coral	0	IT63	0	255
2071	25832	Crushed Topaz	0	IT63	0	255
2055	25833	Crushed Black Marble	0	IT63	0	255
2056	25834	Crushed Chrysolite	0	IT63	0	255
2061	25835	Crushed Emerald	0	IT63	0	255
2068	25836	Crushed Opal	0	IT63	0	255
2063	25837	Crushed Flame Opal	0	IT63	0	255
2062	25838	Crushed Flame Emerald	0	IT63	0	255
2070	25839	Crushed Sea Sapphire	0	IT63	0	255
2065	25840	Crushed Lava Ruby	0	IT63	0	255
2067	25841	Crushed Onyx Sapphire	0	IT63	0	255
2058	25842	Crushed Diamond Dust	0	IT63	0	255
7680	25850	Royal Velium Frosted Helmet	0	IT63	25725	10
7681	25851	Royal Velium Frosted Plate	22	IT63	25725	10
7682	25852	Royal Velium Frosted Vambraces	22	IT63	25725	10
7677	25853	Royal Velium Frosted Bracer	22	IT63	25725	10
7678	25854	Royal Velium Frosted Gauntlets	22	IT63	25725	10
7679	25855	Royal Velium Frosted Greaves	22	IT63	25725	10
7676	25856	Royal Velium Frosted Boots	22	IT63	25725	10
3701	25857	Gauntlets of Dragon Slaying	22	IT63	4605510	10
667	25858	Belt of Dwarf Slaying	0	IT63	0	10
6777	26000	Paebala Fetish	0	IT35	0	3
1621	26001	Chetari Wardstaff	0	IT29	0	4
1620	26002	Chetari Bonecrafted Shield	0	IT212	0	10
604	26003	Bat Fur Belt	0	IT63	0	10
8858	26005	Small Dragonbone Shard	0	IT98	0	2
5568	26006	Large Dragonbone Shard	0	IT161	0	0
1495	26007	Carved Dragonbone Spear	0	IT197	0	35
10976	26009	Zlandicar's Heart	0	IT192	0	255
9542	26011	Swarmer Pincers	0	IT42	0	0
3359	26012	First Brood Talisman	0	IT63	0	10
6100	26013	Massive Dragonclaw Shard	0	IT161	0	0
7207	26015	Pulsing Goo	0	IT63	0	255
3431	26017	Flayed Paebala Leggings	17		1315860	10
3432	26018	Flayed Paebala Tunic	17	IT63	1315860	10
3429	26019	Flayed Paebala Boots	17	IT63	1315860	10
3430	26020	Flayed Paebala Gloves	17		1315860	10
9252	26022	Spirit Talker's Headdress	1	IT64	0	10
6778	26023	Paebala Warbone	0	IT31	0	3
1614	26024	Chelaki Tail	0	IT61	0	0
1945	26025	Cowl of Mortality	2	IT63	1315860	10
3705	26026	Gauntlets of Mortality	18	IT63	3289650	10
1950	26027	Cracked Claw of Zlandicar	0	IT71	0	0
6915	26028	Phase Spider Blood	0	IT63	0	255
7256	26029	Queen's Carapace	19		0	10
10275	26033	Vaniki's Heart	0	IT63	0	255
10635	26034	Willsapper	0	IT94	0	2
10881	26035	Wrapped Entropy Serpent Spine	0	IT61	0	0
9607	26036	Tantor's Tusk	0	IT15	0	35
10083	26037	Tsiraka's Claws	17	IT71	6579300	2
6440	26040	Neb's Warbone	0	IT31	0	3
9253	26042	Spirit Talker's War Lance	0	IT197	0	35
4400	26377	Heavy Shadowknight Helm	3	IT63	4278190080	10
7927	26800	Rusty Ulak	0	IT91	7218700	45
1332	26801	Bronze Ulak	0	IT91	11294734	45
10347	26998	Velium Mastodon Fur	0	IT63	0	255
10348	26999	Velium Mastodon Fur Cloak	0	IT63	0	10
10387	27001	Velium Warsword	0	IT168	0	0
5847	27003	Light Velium Warsword	0	IT168	0	0
3099	27004	Etched Velium Warsword	0	IT168	0	0
4495	27005	Honed Velium Warsword	0	IT168	0	0
9746	27006	Tempered Velium Warsword	0	IT168	0	0
7062	27007	Polished Velium Warsword	0	IT168	0	0
1978	27008	Crafted Velium Warsword	0	IT168	0	0
4297	27009	Hammered Velium Warsword	0	IT168	0	0
3537	27010	Forged Velium Warsword	0	IT168	0	0
3351	27011	Fired Velium Warsword	0	IT168	0	0
501	27012	Balanced Velium Warsword	0	IT168	0	0
3038	27013	Engraved Velium Warsword	0	IT168	0	0
4409	27014	Heavy Velium Warsword	0	IT168	0	0
3475	27015	Folded Velium Warsword	0	IT168	0	0
3147	27016	Exquisite Velium Warsword	0	IT168	0	0
5841	27017	Light Velium Battlehammer	0	IT179	0	3
3525	27018	Forged Velium Battlehammer	0	IT179	0	3
10548	27019	Weighted Velium Battlehammer	0	IT179	0	3
7061	27020	Polished Velium Battlehammer	0	IT179	0	3
3096	27021	Etched Velium Battlehammer	0	IT179	0	3
7881	27022	Runed Velium Battlehammer	0	IT179	0	3
4404	27023	Heavy Velium Battlehammer	0	IT179	0	3
8468	27024	Shining Velium Battlehammer	0	IT179	0	3
6103	27025	Massive Velium Battlehammer	0	IT179	0	3
3141	27026	Exquisite Velium Battlehammer	0	IT179	0	3
5845	27027	Light Velium Spear	0	IT172	0	2
1976	27028	Crafted Velium Spear	0	IT172	0	2
8385	27029	Sharpened Velium Spear	0	IT172	0	2
3037	27030	Engraved Velium Spear	0	IT172	0	2
3039	27030	Engraved Velium Spear	0	IT172	0	2
1509	27031	Carved Velium Spear	0	IT172	0	2
3533	27032	Forged Velium Spear	0	IT172	0	2
574	27033	Barbed Velium Spear	0	IT172	0	2
4407	27034	Heavy Velium Spear	0	IT172	0	2
3145	27035	Exquisite Velium Spear	0	IT172	0	2
10367	27036	Velium Spear	0	IT172	0	2
10318	27037	Velium Claidhmore	0	IT95	0	1
5844	27038	Light Velium Claidhmore	0	IT95	0	1
220	27039	Aged Velium Claidhmore	0	IT95	0	1
1974	27040	Crafted Velium Claidhmore	0	IT95	0	1
3526	27041	Forged Velium Claidhmore	0	IT95	0	1
9743	27042	Tempered Velium Claidhmore	0	IT95	0	1
4406	27043	Heavy Velium Claidhmore	0	IT95	0	1
7882	27044	Runed Velium Claidhmore	0	IT95	0	1
6105	27045	Massive Velium Claidhmore	0	IT95	0	1
3143	27046	Exquisite Velium Claidhmore	0	IT95	0	1
10316	27047	Velium Brawl Stick	0	IT169	0	4
5843	27048	Light Velium Brawl Stick	0	IT169	0	4
1973	27049	Crafted Velium Brawl Stick	0	IT169	0	4
1508	27050	Carved Velium Brawl Stick	0	IT169	0	4
10883	27051	Wrapped Velium Brawl Stick	0	IT169	0	4
10549	27052	Weighted Velium Brawl Stick	0	IT169	0	4
4405	27053	Heavy Velium Brawl Stick	0	IT169	0	4
3097	27054	Etched Velium Brawl Stick	0	IT169	0	4
6104	27055	Massive Velium Brawl Stick	0	IT169	0	4
3142	27056	Exquisite Velium Brawl Stick	0	IT169	0	4
10382	27057	Velium War Lance	0	IT197	0	35
5846	27058	Light Velium War Lance	0	IT197	0	35
4320	27059	Hardened Velium War Lance	0	IT197	0	35
1977	27060	Crafted Velium War Lance	0	IT197	0	35
3098	27061	Etched Velium War Lance	0	IT197	0	35
4494	27062	Honed Velium War Lance	0	IT197	0	35
4408	27063	Heavy Velium War Lance	0	IT197	0	35
9745	27064	Tempered Velium War Lance	0	IT197	0	35
3474	27065	Folded Velium War Lance	0	IT197	0	35
3146	27066	Exquisite Velium War Lance	0	IT197	0	35
5842	27067	Light Velium Bow	0	IT4	0	5
7369	27068	Recurved Velium Bow	0	IT4	0	5
10882	27069	Wrapped Velium Bow	0	IT4	0	5
2506	27070	Double Recurved Velium Bow	0	IT4	0	5
2507	27070	Double Recurved Velium Bow	0	IT4	0	5
3144	27076	Exquisite Velium Reinforced Bow	0	IT4	0	5
10310	27077	Velium Battle Axe	0	IT170	0	1
5840	27078	Light Velium Battle Axe	0	IT170	0	1
3095	27079	Etched Velium Battle Axe	0	IT170	0	1
1972	27080	Crafted Velium Battle Axe	0	IT170	0	1
3524	27081	Forged Velium Battle Axe	0	IT170	0	1
9742	27082	Tempered Velium Battle Axe	0	IT170	0	1
4402	27083	Heavy Velium Battle Axe	0	IT170	0	1
4403	27083	Heavy Velium Battle Axe	0	IT170	0	1
10547	27084	Weighted Velium Battle Axe	0	IT170	0	1
6102	27085	Massive Velium Battle Axe	0	IT170	0	1
3140	27086	Exquisite Velium Battle Axe	0	IT170	0	1
10342	27087	Velium Knuckledusters	0	IT94	0	3
1975	27090	Crafted Velium Knuckledusters	0	IT94	0	3
9744	27092	Tempered Velium Knuckledusters	0	IT94	0	3
10829	27107	Worked Dragonwing Mantle	18	IT63	1328740	10
10824	27108	Worked Dragonleg Breeches	18	IT63	1328740	10
10822	27109	Worked Dragonhorn Boots	18	IT63	1328740	10
10821	27110	Worked Dragonhide Gauntlets	18	IT63	1328740	10
10823	27111	Worked Dragonhorn Bracers	18	IT63	1328740	10
10827	27112	Worked Dragonspine Vambraces	18	IT63	1328740	10
10826	27113	Worked Dragonskull Helm	2	IT63	1328740	10
10825	27114	Worked Dragonskin Mask	18	IT63	1328740	10
10820	27115	Worked Dragonhide Breastplate	18	IT63	1328740	10
10819	27116	Worked Dragonhide Belt	18	IT63	1328740	10
10828	27117	Worked Dragonwing Cloak	18	IT63	1328740	10
7421	27118	Reinforced Dragonwing Mantle	18	IT63	1328740	10
7416	27119	Reinforced Dragonleg Breeches	18	IT63	1328740	10
7414	27120	Reinforced Dragonhorn Boots	18	IT63	1328740	10
7413	27121	Reinforced Dragonhide Gauntlets	18	IT63	1328740	10
7415	27122	Reinforced Dragonhorn Bracers	18	IT63	1328740	10
7419	27123	Reinforced Dragonspine Vambraces	18	IT63	1328740	10
7418	27124	Reinforced Dragonskull Helm	2	IT63	1328740	10
7417	27125	Reinforced Dragonskin Mask	18	IT63	1328740	10
7412	27126	Reinforced Dragonhide Breastplate	18	IT63	1328740	10
7411	27127	Reinforced Dragonhide Belt	18	IT63	1328740	10
7420	27128	Reinforced Dragonwing Cloak	18	IT63	1328740	10
4397	27129	Heavy Dragonwing Mantle	0	IT63	1328740	10
4392	27130	Heavy Dragonleg Breeches	18	IT63	1328740	10
4390	27131	Heavy Dragonhorn Boots	18	IT63	1328740	10
4389	27132	Heavy Dragonhide Gauntlets	18	IT63	1328740	10
4391	27133	Heavy Dragonhorn Bracers	18	IT63	1328740	10
4395	27134	Heavy Dragonspine Vambraces	18	IT63	1328740	10
4394	27135	Heavy Dragonskull Helm	2	IT63	1328740	10
4393	27136	Heavy Dragonskin Mask	18	IT63	1328740	10
4388	27137	Heavy Dragonhide Breastplate	18	IT63	1328740	10
4387	27138	Heavy Dragonhide Belt	18	IT63	1328740	10
4396	27139	Heavy Dragonwing Cloak	18	IT63	1328740	10
6889	27140	Peerless Dragonwing Mantle	0	IT63	1328740	10
6884	27141	Peerless Dragonleg Breeches	18	IT63	1328740	10
6882	27142	Peerless Dragonhorn Boots	18	IT63	1328740	10
6881	27143	Peerless Dragonhide Gauntlets	18	IT63	1328740	10
6883	27144	Peerless Dragonhorn Bracers	18	IT63	1328740	10
6887	27145	Peerless Dragonspine Vambraces	18	IT63	1328740	10
6886	27146	Peerless Dragonskull Helm	2	IT63	1328740	10
6885	27147	Peerless Dragonskin Mask	18	IT63	1328740	10
6880	27148	Peerless Dragonhide Breastplate	18	IT63	1328740	10
6879	27149	Peerless Dragonhide Belt	18	IT63	1328740	10
6888	27150	Peerless Dragonwing Cloak	18	IT63	1328740	10
6123	27151	Matchless Dragonwing Mantle	0	IT63	1328740	10
6118	27152	Matchless Dragonleg Breeches	18	IT63	1328740	10
6116	27153	Matchless Dragonhorn Boots	18	IT63	1328740	10
6115	27154	Matchless Dragonhide Gauntlets	18	IT63	1328740	10
6117	27155	Matchless Dragonhorn Bracers	18	IT63	1328740	10
6121	27156	Matchless Dragonspine Vambraces	18	IT63	1328740	10
6120	27157	Matchless Dragonskull Helm	2	IT63	1328740	10
6119	27158	Matchless Dragonskin Mask	18	IT63	1328740	10
6114	27159	Matchless Dragonhide Breastplate	18	IT63	1328740	10
6113	27160	Matchless Dragonhide Belt	18	IT63	1328740	10
6122	27161	Matchless Dragonwing Cloak	18	IT63	1328740	10
9455	27200	Stronghorn's Horn	0	IT15	0	3
4552	27201	Ice Burrower Skin	17	IT63	0	10
4583	27202	Icehackle's Pelt	0	IT63	0	10
10456	27203	Vitaela's Talisman	0	IT63	1328740	10
6126	27204	Mazi's Talisman	0	IT63	1328740	10
1216	27205	Bratavar's Talisman	0	IT63	1328740	10
6810	27206	Pantrilla's Talisman	0	IT63	1328740	10
10463	27207	Vraptin's Talisman	0	IT63	1328740	10
3673	27208	Gafala's Talisman	0	IT63	1328740	10
4410	27209	Hechaeva's Talisman	0	IT63	1328740	10
10129	27210	Uiliak`s Talisman	0	IT63	1328740	10
10949	27211	Yeldema's Talisman	0	IT63	1328740	10
1354	27212	Bufa's Talisman	0	IT63	1328740	10
8692	27213	Sivar's Talisman	0	IT63	1328740	10
4504	27214	Honvar's Talisman	0	IT63	1328740	10
2013	27215	Crial's Talisman	0	IT63	1328740	10
444	27216	Atpaev's Talisman	0	IT63	1328740	10
10942	27217	Yal's Talisman	0	IT63	1328740	10
5856	27218	Linbrak's Talisman	0	IT63	1328740	10
7263	27219	Quoza's Talisman	0	IT63	1328740	10
3678	27220	Gangel's Talisman	0	IT63	1328740	10
6392	27221	Myga's Talisman	0	IT63	1328740	10
253	27222	Amcilla's Talisman	0	IT63	1328740	10
6687	27223	Onava's Talisman	0	IT63	1328740	10
1468	27224	Cargalia's Talisman	0	IT63	1328740	10
10459	27225	Von's Talisman	0	IT63	1328740	10
3058	27226	Esorpa's Talisman	0	IT63	1328740	10
3834	27232	Glati's Talisman	0	IT63	1328740	10
6456	27237	Neordla's Talisman	0	IT63	1328740	10
6125	27240	Mav Sapara's Talisman	0	IT63	1328740	10
7280	27241	Rak Sapara's Talisman	0	IT63	1328740	10
2408	27242	Del Sapara's Talisman	0	IT63	1328740	10
4321	27244	Harla Dar's Talisman	0	IT63	1328740	10
2424	27245	Derasinel's Talisman	0	IT63	1328740	10
5272	27246	Jen Sapara's Talisman	0	IT63	1328740	10
5156	27247	Ionat's Talisman	0	IT63	1328740	10
5305	27248	Karkona's Talisman	0	IT63	1328740	10
469	27249	Ayillish's Talisman	0	IT63	1328740	10
3042	27250	Entariz's Talisman	0	IT63	1328740	10
2509	27251	Draazak's Talisman	0	IT63	1328740	10
5302	27253	Kar Sapara's Talisman	0	IT63	1328740	10
10974	27254	Zil Sapara's Talisman	0	IT63	1328740	10
5369	27255	Klandicar's Talisman	0	IT63	1328740	10
9127	27256	Sontalak's Talisman	0	IT63	1328740	10
5996	27257	Makala's Talisman	0	IT63	1328740	10
10977	27258	Zlandicar's Talisman	0	IT63	1328740	10
5813	27259	Lendiniara's Talisman	0	IT63	1328740	10
3549	27260	Frakadar's Talisman	0	IT63	1328740	10
8524	27261	Shroud of the Dar Brood	18	IT63	0	10
1	27263	100' of Waterproofed Rope	0	IT63	0	255
4528	27264	Huge Drake Wing	0	IT64	0	255
10953	27266	Yelinak's Talisman	0	IT63	1328740	10
7169	27300	Priceless Velium Warsword	0	IT168	0	0
7160	27301	Priceless Velium Battlehammer	0	IT179	0	3
7167	27302	Priceless Velium Spear	0	IT172	0	2
7162	27303	Priceless Velium Claidhmore	0	IT95	0	1
7161	27304	Priceless Velium Brawl Stick	0	IT169	0	4
7168	27305	Priceless Velium War Lance	0	IT197	0	35
7166	27306	Priceless Velium Reinforced Bow	0	IT4	0	5
7159	27307	Priceless Velium Battle Axe	0	IT170	0	1
1237	27310	Breezeboot's Frigid Gnasher	0	IT198	0	5
7177	27320	Primal Velium Fist Wraps	0	IT68	0	3
7174	27321	Primal Velium Battlehammer	0	IT179	0	3
7180	27322	Primal Velium Spear	0	IT172	0	2
7176	27323	Primal Velium Claidhmore	0	IT95	0	1
7175	27324	Primal Velium Brawl Stick	0	IT169	0	4
7181	27325	Primal Velium War Lance	0	IT197	0	1
7179	27326	Primal Velium Reinforced Bow	0	IT4	0	5
7173	27327	Primal Velium Battle Axe	0	IT170	0	1
7182	27328	Primal Velium Warsword	0	IT168	0	0
7185	27329	Prismatic Dragon Scale	0	IT63	0	255
3333	27391	Fire Beetle Carapace	0	IT63	0	255
7268	27403	Rabid Wolf Hide	0	IT63	0	255
8307	27412	Shadow Wolf Paw	0	IT63	0	255
796	27413	Black Wolf Tooth	0	IT63	0	255
9987	27414	Tovaxs Necklace	0	IT63	0	255
9459	27422	A Studded Coin Purse	0	IT63	0	255
3916	27424	Gnoll Pelvis	0	IT63	0	255
8689	27425	Sironans Head	0	IT63	0	255
10943	27426	Yalroens Head	0	IT63	0	255
4452	27427	High Quality Gnoll Fur	0	IT63	0	255
2052	27537	Crushbone Battle Beads	0	IT63	0	255
8727	27651	Skunk Tail	0	IT63	0	255
3979	27652	Goblin Parts	0	IT63	0	255
8725	27658	Skunk Eye	0	IT63	0	255
363	27660	Aqua Goblin Headdress	0	IT63	0	255
361	27662	Aqua Goblin Foot	0	IT63	0	255
6725	27664	Orc Scoutsman Wrist Pouch	0	IT63	0	255
364	27667	Aqua Goblin Tongue	0	IT63	0	255
6858	27701	Pauldrons of the Blue Sky	0	IT63	0	10
2112	27702	Crystal Mask	0	IT63	0	10
9820	27704	Thornstinger	0	IT50	4278294017	2
265	27705	Amulet of the Sphinx Eye	0	IT63	0	10
2017	27706	Crimson Ring of the Djinni	0	IT63	0	10
5351	27707	Khyldorn the Blood Drinker	0	IT53	4278294017	1
236	27708	Aldryn, Blade of the Ocean	15	IT44	4278190080	0
9795	27709	Thelvorn, Blade of Light	0	IT81	4278294017	0
267	27710	Amulet of the Void	0	IT63	4278190080	10
7600	27711	Rod of the Protecting Winds	0	IT45	4278294017	4
1016	27712	Bloody Griffon-Hide Wrist Guard	0	IT63	0	10
531	27713	Band of Wailing Winds	0	IT63	4278190080	10
479	27714	Back Straps of Mastery	4	IT63	0	10
10910	27715	Wu's Fist of Mastery	0	IT68	103937	3
216	27716	Aegis of the Wind	0	IT204	0	255
6856	27717	Pauldrons of Piety	0	IT63	0	10
9800	27718	Theurgist's Star	15	IT37	4278294017	3
6085	27720	Mask of Song	0	IT63	4278190080	10
6061	27721	Mantle of the Songweaver	0	IT63	0	10
3057	27722	Ervaj's Flute of Flight	0	IT6	0	255
263	27723	Amulet of the Fae	0	IT63	4278190080	10
2420	27724	Denon's Horn of Disaster	0	IT15	4278294017	255
264	27726	Amulet of the Fang	0	IT63	0	10
1176	27727	Bracelet of the Spirits	0	IT63	0	10
3200	27728	Fairy-Hide Mantle	0	IT63	0	10
10498	27729	Warhammer of the Wind	0	IT14	4278190080	3
10409	27730	Vermilion Sky Ring	0	IT63	103937	10
2283	27731	Dark Cloak of the Sky	0	IT63	0	10
420	27732	Arydryidriyorn	0	IT26	103937	0
9141	27846	Sorrowsong Boots	3	IT63	3276810	10
8453	27999	Shimmering Velium Ruby	0	IT63	0	255
9962	28000	Torn Page of Magi`kot pg. 1	0	IT63	0	255
9963	28001	Torn Page of Magi`kot pg. 2	0	IT63	0	255
9964	28002	Torn Page of Magi`kot pg. 3	0	IT63	0	255
10771	28003	Words of Magi`kot	0	IT63	0	255
10772	28004	Words of Mastery	0	IT27	0	255
2823	28006	Element of Water	0	IT63	0	255
9948	28007	Torch of the Elements	0	IT36	0	255
1374	28008	Burning Embers	0	IT63	0	255
2822	28009	Element of Fire	0	IT63	0	255
9353	28010	Stained Parchment Top	0	IT63	0	255
9352	28011	Stained Parchment Bottom	0	IT63	0	255
1883	28012	Combined Parchment	0	IT63	0	255
3737	28013	General's Pouch	0	IT63	0	255
9361	28014	Stanos' Pouch	0	IT63	0	255
1096	28016	Book of Souls	0	IT28	0	255
8113	28017	Sceptre of Ixiblat Fer	0	IT122	0	3
5926	28018	Lord Gimblox's Signet Ring	0	IT63	0	255
1671	28020	Chunk of Ice	0	IT63	0	255
7278	28022	Rain Water	0	IT63	0	255
9966	28027	Torn Page of Mastery Fire	0	IT63	0	255
9968	28028	Torn Page of Mastery Wind	0	IT63	0	255
9965	28029	Torn Page of Mastery Earth	0	IT63	0	255
9967	28030	Torn Page of Mastery Water	0	IT63	0	255
7131	28031	Power of the Elements	0	IT63	0	255
2821	28032	Element of Earth	0	IT63	0	255
2824	28033	Element of Wind	0	IT63	0	255
5437	28034	Orb of Mastery	0	IT151	0	3
5438	28034	Orb of Mastery	0	IT151	0	3
6712	28034	Orb of Mastery	0	IT151	0	3
7128	28036	Power of Fire	0	IT63	0	255
7130	28037	Power of Wind	0	IT63	0	255
7127	28038	Power of Earth	0	IT63	0	255
7129	28039	Power of Water	0	IT63	0	255
9678	28040	Tears of Erollisi	0	IT63	0	255
7279	28041	Rain of Karana	0	IT63	0	255
2462	28042	Dirt of Underfoot	0	IT63	0	255
2825	28043	Elemental Binder	0	IT63	0	10
5925	28044	Lord Bergurgle's Crown	2	IT63	0	10
6672	28045	Oil of Fennin Ro	0	IT63	0	255
2260	28046	Damaged Goblin Crown	2	IT63	0	10
6749	28047	Ornate Sea Shell	0	IT63	0	255
6709	28048	Orb of Clear Water	0	IT63	0	255
6711	28049	Orb of Frozen Water	0	IT63	0	255
1915	28051	Coral Statue of Tarew	0	IT63	0	255
6201	28052	Message to Natasha	0	IT63	0	255
9654	28055	Tattered Parchment	0	IT63	0	255
8182	28057	Sealed Box	0	IT63	0	255
4365	28058	Head of Stanos	0	IT63	0	255
5241	28060	Jaled Dar's Tomb Key	0	IT63	0	255
360	28062	Aqua Goblin Blood Vial	0	IT63	0	255
362	28066	Aqua Goblin Head	0	IT63	0	255
359	28067	Aqua Goblin Backbone	0	IT63	0	255
7194	28068	Pristine Skunk Claws	0	IT63	0	255
4637	28075	Idol of Woven Grass	0	IT67	0	255
4261	28223	Gunthak Scimitar	0	IT41	0	0
4258	28224	Gunthak Dagger	0	IT5	0	2
722	28226	Black Bart's Spiced Rum	0	IT63	0	255
2027	28265	Crossbone Cape	0	IT63	0	10
3380	28266	Fishgill Necksash	0	IT63	0	10
3452	28272	Flowing Red Silk Sash	0	IT63	0	255
2077	28500	Crustacean Shell Helm	3	IT63	8202240	10
2074	28501	Crustacean Shell Breastplate	22	IT63	8202240	10
2079	28502	Crustacean Shell Vambraces	22	IT63	8202240	10
2073	28503	Crustacean Shell Bracers	22	IT63	8202240	10
2075	28504	Crustacean Shell Gauntlets	22	IT63	8202240	10
2076	28505	Crustacean Shell Greaves	22	IT63	8202240	10
2072	28506	Crustacean Shell Boots	22	IT63	8202240	10
2078	28507	Crustacean Shell Shield	0	IT203	8202240	255
6458	28508	Neriad Shawl	0	IT63	0	10
10471	28509	Walrus Skin Drum	0	IT11501	0	255
5075	28510	Immaculate Shell Horn	3	IT15	0	255
386	28511	Arctic Wyvern Hide	1	IT63	0	255
1830	28512	Cold Water Barracuda Meat	0	IT63	0	255
1893	28513	Conch Shell Horn	3	IT15	0	255
6760	28514	Othmir Prexus Totem	0	IT67	0	255
6752	28515	Ornately Runed Shell Necklace	0	IT63	0	255
7877	28516	Runed Shell Necklace	0	IT63	0	255
1787	28517	Cobalt Drake Hide	1	IT63	0	255
6323	28518	Molkor Hide	0	IT63	0	255
1358	28519	Bulthar Hide	0	IT63	0	255
5906	28520	Lock of Siren Hair	0	IT63	0	255
7875	28521	Runed Sea Shell	0	IT63	0	255
7876	28521	Runed Sea Shell	0	IT63	0	255
6203	28600	Message to Wenglawks	0	IT63	0	255
6199	28601	Message to Herald	0	IT63	0	255
8519	28602	Shrine Key	0	IT63	0	255
2586	28670	Droga Jail Key	0	IT63	0	255
9593	29000	Tainted Darksteel Sword	0	IT1	0	0
9591	29001	Tainted Darksteel Breastplate	3	IT63	0	10
9592	29002	Tainted Darksteel Shield	0	IT202	0	255
3839	29003	Gleaming Crested Sword	0	IT1	0	0
3837	29004	Gleaming Crested Breastplate	3	IT63	0	10
3838	29005	Gleaming Crested Shield	0	IT202	0	255
7212	29006	Pure Crystal	0	IT63	0	255
1823	29007	Cold Plate of Beef and Bread	0	IT63	0	255
1349	29009	Bucket of Pure Water	0	IT63	0	255
2535	29050	Dragon Tooth Choker	0	IT63	0	10
3798	29062	Giant Warrior Helmet	3	IT63	0	10
7514	29063	Ring of the Chameleon	0	IT63	0	10
8487	29064	A shipment of Velium Ore	0	IT63	0	255
9311	29065	A Spy Report	0	IT63	0	255
1162	29066	Boysenberry pie	0	IT63	4278190080	255
6574	29067	Note to Tunare's Court	0	IT63	0	255
6575	29068	Note to Wenglawks	0	IT63	0	255
4242	29072	Guardian Breastplate	22	IT63	0	10
4250	29073	Guardian Shield	0	IT211	0	255
4247	29074	Guardian Leggings	22	IT63	0	10
4246	29075	Guardian Helmet	22	IT63	0	10
4241	29076	Guardian Bracer	22	IT63	0	10
4244	29077	Guardian Gauntlets	22	IT63	0	10
4240	29078	Guardian Boots	22	IT63	0	10
4248	29079	Guardian Pauldrons	22	IT63	0	10
10369	29080	Velium Spider Leg	0	IT63	0	255
4243	29081	Guardian Choker	22	IT63	0	10
4245	29082	Guardian Girdle	22	IT63	0	10
4249	29084	Guardian Robe	13	IT63	8787124	10
4251	29085	Guardian Sword	0	IT161	0	0
4239	29086	Guardian Arms	22	IT63	0	10
8241	29087	Sentry Robe	11	IT63	358600	10
8233	29088	Sentry Breastplate	21	IT63	0	10
8238	29089	Sentry Leggings	21	IT63	0	10
8237	29090	Sentry Helmet	21	IT63	0	10
8242	29091	Sentry Shield	0	IT202	0	255
8232	29092	Sentry Bracer	21	IT63	0	10
8235	29093	Sentry Gauntlets	21	IT63	0	10
8231	29094	Sentry Boots	21	IT63	0	10
8240	29095	Sentry Pauldrons	21	IT63	0	10
8234	29096	Sentry Choker	21	IT63	0	10
8236	29097	Sentry Girdle	21	IT63	0	10
8239	29098	Sentry Maul	0	IT178	0	4
7548	29100	Roasted Walrus with Plum Sauce	0	IT63	0	255
3582	29114	Frost Covered Tome	0	IT28	0	255
9673	29115	Teacher's Syllabus	0	IT65	0	255
9471	29116	Student's Homework	0	IT65	0	255
646	29117	Beer Stained Coldain Tunic	1	IT63	0	10
1627	29118	Chilled Scythe	0	IT39	0	1
10078	29121	Tserrina's Staff	0	IT125	0	4
10079	29122	Tserrina's Symbol	0	IT63	0	10
9597	29123	Talisman of Vhal Sera	0	IT63	0	10
9432	29124	Storm Giant Toes	0	IT63	0	255
3588	29125	Frost Giant Toes	0	IT63	0	255
10080	29126	Tserrina's Whip	0	IT61	0	0
10082	29127	Tserrina`s Robe	10	IT63	200	10
10416	29128	Vhal`Sera Skull Earring	0	IT63	0	10
9154	29129	Sparkling Soul Necklace	0	IT63	0	10
10370	29130	Velium Spiked Skull Helm	21	IT63	0	10
7197	29200	Prophecy Scroll	0	IT65	0	255
8421	29201	Shield of Shadows	0	IT215	0	255
5988	29202	Magnetic Dirk of Distraction	0	IT139	0	2
2171	29203	Crystallized Shadows	0	IT63	0	255
3324	29204	Finely Crafted Velium Ring	0	IT63	0	10
3330	29205	Fingerbone Necklace	0	IT63	0	10
8292	29206	Shaded Torch	0	IT36	0	3
9138	29207	Sorcerous Bowl	0	IT133	0	3
5982	29208	Maggot Ridden Flesh	0	IT63	0	10
7771	29209	Rune Etched Wedding Band	0	IT63	0	10
2447	29210	Diamond Wedding Band	0	IT63	0	10
1558	29211	Ceremonial Wedding Sword	0	IT164	0	255
5451	29212	Laced Veil	0	IT63	0	10
2155	29220	Crystallized Shadow Boots	20	IT63	0	10
2161	29221	Crystallized Shadow Leggings	20	IT63	0	10
2154	29222	Crystallized Shadow Belt	0	IT63	0	10
2169	29223	Crystallized Shadow Tunic	20	IT63	0	10
2166	29224	Crystallized Shadow Sleeves	20	IT63	0	10
2156	29225	Crystallized Shadow Bracer	20	IT63	0	10
2159	29226	Crystallized Shadow Gloves	20	IT63	0	10
2160	29227	Crystallized Shadow Helm	20	IT63	0	10
3184	29231	Fading Shadow Long Sword	0	IT1	0	0
3182	29232	Fading Shadow Claymore	0	IT2	0	1
3187	29233	Fading Shadow Short Sword	0	IT34	0	0
3186	29234	Fading Shadow Scimitar	0	IT41	0	0
3191	29235	Fading Shadow Warhammer	0	IT14	0	3
3190	29236	Fading Shadow Star	0	IT19	0	3
3189	29237	Fading Shadow Staff	0	IT8	0	4
3183	29238	Fading Shadow Dagger	0	IT5	0	2
3188	29239	Fading Shadow Spear	0	IT16	0	2
3185	29240	Fading Shadow Rapier	0	IT20	0	2
2162	29241	Crystallized Shadow Long Sword	0	IT188	0	0
2157	29242	Crystallized Shadow Claymore	0	IT190	0	1
2165	29243	Crystallized Shadow Short Sword	0	IT191	0	0
2164	29244	Crystallized Shadow Scimitar	0	IT192	0	0
2170	29245	Crystallized Shadow Warhammer	0	IT193	0	3
2168	29246	Crystallized Shadow Star	0	IT189	0	3
2158	29248	Crystallized Shadow Dagger	0	IT194	0	2
2167	29249	Crystallized Shadow Spear	0	IT187	0	2
2163	29250	Crystallized Shadow Rapier	0	IT195	0	2
7223	29251	Purified Long Sword	0	IT1	0	0
7215	29252	Purified Claymore	0	IT2	0	1
7225	29254	Purified Scimitar	0	IT192	0	0
7237	29255	Purified Warhammer	0	IT14	0	3
7236	29256	Purified Star	0	IT19	0	3
7235	29257	Purified Staff	0	IT8	0	4
7222	29258	Purified Dagger	0	IT5	0	2
7226	29259	Purified Spear	0	IT16	0	2
7224	29260	Purified Rapier	0	IT20	0	2
7218	29261	Purified Crystal Long Sword	0	IT188	0	0
7216	29262	Purified Crystal Claymore	0	IT190	0	1
7220	29263	Purified Crystal Short Sword	0	IT191	0	0
7219	29264	Purified Crystal Scimitar	0	IT192	0	0
7221	29266	Purified Crystal Star	0	IT189	0	3
7217	29268	Purified Crystal Dagger	0	IT194	0	2
7228	29271	Purified Spirit Boots	20	IT63	0	10
7232	29272	Purified Spirit Leggings	20	IT63	4278190080	10
7227	29273	Purified Spirit Belt	0	IT63	0	10
7234	29274	Purified Spirit Tunic	20	IT63	0	10
7233	29275	Purified Spirit Sleeves	20	IT63	0	10
7229	29276	Purified Spirit Bracer	20	IT63	0	10
7230	29277	Purified Spirit Gloves	20	IT63	0	10
7231	29278	Purified Spirit Helm	20	IT63	4278190080	10
6383	29279	Mummy Wrappings	0	IT63	0	255
2851	29280	Embalmers Skinning Knife	0	IT5	0	2
3459	29282	Focused Ethereal Long Sword	0	IT1	0	0
3458	29283	Focused Ethereal Greatsword	0	IT2	0	1
3463	29284	Focused Ethereal Short Sword	0	IT34	0	0
3462	29285	Focused Ethereal Scimitar	0	IT41	0	0
3465	29286	Focused Ethereal Warhammer	0	IT14	0	3
3460	29287	Focused Ethereal Morning Star	0	IT19	0	3
3457	29288	Focused Ethereal Great Staff	0	IT8	0	4
3456	29289	Focused Ethereal Dagger	0	IT5	0	2
3464	29290	Focused Ethereal Spear	0	IT16	0	2
3461	29291	Focused Ethereal Rapier	0	IT20	0	2
6768	29317	Outrider's Taming Whip	0	IT61	0	0
6093	29319	Mask of the Dragon Slayer	0	IT63	10161935	10
2541	29320	Dragons Blood Earring	0	IT63	0	10
1980	29327	Craslith	0	IT53	0	1
9145	29328	Soul Defiler	0	IT42	0	0
7954	29329	Sacrifice	0	IT19	0	3
468	29330	Ayill's Aged Stone Shield	0	IT218	0	255
2542	29332	Dragons Tear Earring	0	IT63	0	10
1542	29333	Celestial Essence Robe	10	IT63	38600	10
2515	29334	Dragon's Eye Sage Ring	0	IT63	0	10
1690	29400	Circlet of Shadows	2	IT63	0	10
9739	29500	Telescopic Eyepatch	1	IT63	0	10
3484	29501	Footwarming Boots	3	IT63	0	10
3949	29502	Gnomish Vanishing Device	0	IT48	0	255
10344	29503	Velium Lens	0	IT63	0	255
4325	29504	Harnessed soul gem	0	IT68	0	255
7366	29504	Harnessed soul gem	0	IT68	0	255
3454	29505	Flute of the Sacred Glade	3	IT6	0	255
1752	29506	Clockwork Watchman Helm	0	IT240	0	10
1749	29507	Clockwork Watchman Breastplate	22	IT63	0	10
1753	29508	Clockwork Watchman Vambraces	22	IT63	0	10
1748	29509	Clockwork Watchman Bracer	22	IT63	0	10
1750	29510	Clockwork Watchman Gauntlets	22	IT63	0	10
1751	29511	Clockwork Watchman Greaves	22	IT63	0	10
1747	29512	Clockwork Watchman Boots	22	IT63	0	10
1805	29513	Cogs	0	IT63	0	255
2701	29586	E'cian Ice Scales	0	IT63	0	255
10664	29600	Winters Fury	0	IT1	0	0
9895	29603	Titans Fist	0	IT24	0	4
8734	29604	Skyfury Scimitar	0	IT41	0	0
10444	29605	Vindication	0	IT2	0	1
5754	29606	Lath Drinor	0	IT5	0	2
10119	29607	Twisted Oaken Staff	0	IT8	0	4
6410	29608	Mystical Laig Staff	0	IT8	0	4
1600	29609	Charred Black Staff	0	IT8	0	3
3204	29610	Falgiron Staff	0	IT8	0	3
5357	29611	Kin Lore Necklace	0	IT63	0	255
5358	29613	Kin Magi Earring	0	IT63	0	255
2778	29614	Elder's Earring	0	IT63	0	255
10917	29615	Wurm Lord Shawl	0	IT63	0	10
10937	29616	Xialn Mask	0	IT63	0	10
10920	29617	Wurm Scale Cape	0	IT63	0	10
4129	29618	Grayder's Cloak	0	IT63	0	10
10914	29619	Wurm Bone Ring	0	IT63	0	10
10929	29620	Wyvern Hide Tunic	20	IT63	0	10
7886	29621	Runed Writ	0	IT65	0	255
7970	29622	Saldaren Spear	0	IT172	0	2
3170	29623	Eysa's Token	0	IT63	0	255
6182	29624	Mercenary Assignments	0	IT63	0	255
2478	29626	Dispelling device	0	IT63	0	255
8311	29630	Shadowbone Earring	0	IT63	0	255
8313	29631	Shadowbone Staff	0	IT8	0	4
8310	29632	Shadowbone Dagger	0	IT5	0	2
8312	29633	Shadowbone Spear	0	IT16	0	2
8309	29634	Shadowbone Bracers	1	IT63	0	10
2410	29635	Delgin's Sceptre	0	IT35	0	3
10327	29636	Velium Etched Circlet	0	IT63	0	10
5247	29638	Jar`Nal Long Sword	0	IT163	0	0
5475	29639	Laoch Meditation Beads	0	IT63	0	10
8215	29640	Seer Lore Book	0	IT28	0	255
10931	29641	Wyvern Wing Cape	0	IT63	0	10
10927	29642	Wyvern Claw Mask	0	IT63	0	10
5476	29643	Laoch Warhammer	0	IT177	0	4
10926	29644	Wyvern Claw	0	IT136	0	0
10593	29645	White Dragonscale Boots	1	IT63	0	10
1702	29647	Clawed Griffin Sword	0	IT183	0	1
10587	29648	White Dragon Helm	0	IT63	0	10
10638	29652	A Wily Warlock Doll	0	IT67	0	255
8760	29653	A Sly Summoner Doll	0	IT67	0	255
6005	29654	A Maleficent Necromancer Doll	0	IT67	0	255
10111	29655	A Twisted Druid Doll	0	IT67	0	255
115	29656	A Mischievous Dazzler Doll	0	IT67	0	255
1989	29657	A Crazy Cleric Doll	0	IT67	0	255
8336	29658	A Shamanistic Shenannigan Doll	0	IT67	0	255
5973	29661	A Mad Monkey Doll	0	IT67	0	255
6054	29667	Mantle of Absorption	0	IT63	0	10
10928	29668	Wyvern Hide Boots	1	IT63	0	10
5280	29671	Joined Ethereal Cape	0	IT63	0	10
9974	29672	Totem of Disruption	0	IT67	0	255
5474	29673	Laoch Combat Gauntlets	1	IT63	7890020	10
1862	29674	Coldstone Wreath	0	IT63	0	10
10473	29675	Walrusbone Shield	0	IT205	0	255
998	29676	Bloodshrine Necklace	0	IT63	0	10
2428	29677	Despair Needle	0	IT5	0	2
9316	29678	Square Helm	3	IT63	0	10
7849	29679	Runed Elder Staff	1	IT45	0	4
1257	29680	Brightwood Spear	1	IT172	0	2
6673	29681	Oiled Greaves	1	IT63	0	10
3594	29682	Frosted Gloves	1	IT63	0	10
8130	29683	Scout Tools	0	IT63	0	255
1281	29684	Broken Disk	0	IT63	0	255
7552	29685	Robe of Benevolence	10	IT63	14909440	10
1179	29686	Bracer of Benevolence	18	IT63	0	10
9596	29687	Talisman of Benevolence	0	IT48	0	255
8129	29688	Scout Report	0	IT63	0	255
9170	30000	Spear of Winter	0	IT17	0	2
6764	30003	Otterhide Leggings	20	IT63	0	10
6766	30004	Otterhide Tunic	20	IT63	0	10
6765	30005	Otterhide Sleeves	20	IT63	0	10
6762	30006	Otterhide Bracers	20	IT63	0	10
6763	30007	Otterhide Gloves	20	IT63	0	10
3167	30008	Eyepatch of Plunder	0	IT63	0	10
3947	30009	Gnomish Pirate Rapier	0	IT195	0	2
3946	30010	Gnomish Pirate Hat	1	IT63	0	10
3945	30011	Gnomish Pirate Cloak	0	IT63	0	10
3593	30012	Frosted Gem	0	IT72	0	255
9973	30013	Torque of Hoar Frost	0	IT63	0	10
4577	30014	Iceball	0	IT63	0	3
7500	30015	Ring of Frost	0	IT63	0	255
3612	30016	Frozen Mantle	0	IT63	0	10
1626	30017	Chill Dagger	0	IT194	0	0
2454	30018	Direwolf Fur Cloak	0	IT63	0	10
1938	30019	Cougar Claw Earring	0	IT63	0	10
1939	30020	Cougarskin Boots	20	IT63	0	10
1001	30021	Bloodstained Fang	0	IT50	0	2
4449	30023	High Quality Dire Wolf Fur	0	IT63	0	255
5940	30024	Low Quality Dire Wolf Fur	0	IT63	0	255
6158	30025	Medium Quality Dire Wolf Fur	0	IT63	0	255
10710	30026	Wolves Eye Necklace	0	IT63	0	10
1940	30027	Cougarskin Mask	0	IT63	0	10
1941	30028	Cougarskin Sleeves	20	IT63	4278190080	10
2455	30029	Direwolf Fur Hood	20	IT63	0	10
4448	30030	High Quality Cougarskin	0	IT63	0	255
5938	30031	Low Quality Cougarskin	0	IT63	0	255
1014	30032	Bloody Cougar Bone	0	IT63	0	255
7661	30033	Rough Silver Chain	0	IT63	0	10
1464	30034	Capt. Nalot's Triple Strength Rum	0	IT63	4278190080	255
1458	30035	Canteen of Slush Water	0	IT63	0	255
3614	30036	Frozen Sea Biscuits	0	IT63	0	255
10703	30037	Wolf Fur Earcovers	0	IT63	0	255
3285	30038	Fine Gold Chain	0	IT63	0	255
5909	30039	Locked Rum Box	0	IT63	0	255
7752	30040	Rum Box Key	0	IT63	0	255
4558	30041	Ice Forged Shackles	19	IT63	0	10
1594	30042	Chapter P	0	IT63	0	255
3364	30043	First part of an Iceclad Map	0	IT63	0	255
8210	30044	Second part of an Iceclad Map	0	IT63	0	255
9818	30045	Third part of an Iceclad Map	0	IT63	0	255
6945	30046	Pieces of the Iceclad Map	0	IT63	0	255
1888	30047	Completed Map of Iceclad	0	IT63	0	255
3586	30048	Frost Giant Scout Beard	0	IT63	0	255
9877	30049	Tinkered Rope	0	IT63	4278190080	255
10562	30050	Whale Bone	0	IT63	0	255
4615	30051	Icy Totem of Protection	0	IT67	0	255
9434	30053	Stormfeather Talons	0	IT136	0	0
3207	30054	Fang of the Garou	0	IT50	0	2
8706	30055	Skin of the Garou	0	IT63	0	10
3689	30056	Garou Bone Club	0	IT18	0	3
4031	30057	Golden Broken Key	0	IT63	0	255
3555	30058	Fresh Tree Sap	0	IT63	0	255
587	30059	Barracuda Liver	0	IT63	0	255
846	30060	Bladder of Acidic Ooze	0	IT63	0	255
2479	30061	Dissolving Liquid	0	IT63	4278190080	255
8710	30062	Skinning Rock	0	IT400	0	255
578	30063	Bark Bindings	0	IT63	0	255
6157	30064	Medium Quality Cougarskin	0	IT63	0	255
2231	30065	Cutting Shells	0	IT400	0	255
3552	30066	Fresh Chunk of Wooly Rhino	0	IT63	0	255
1359	30067	Bulthar Trunk	0	IT15	0	255
5915	30069	Lodizal Shell Boots	0	IT63	3302450	10
5378	30070	Knotted Turtlebone Ring	0	IT63	0	10
1771	30071	Club of the Ice Ocean	0	IT102	0	3
679	30072	Belt of the Great Turtle	0	IT63	0	10
3546	30073	Fourth part of an Iceclad Map	0	IT63	0	255
7747	30075	Ruined Tundra Kodiak Pelt	0	IT63	0	255
6163	30076	Medium Quality Tundra Kodiak Pelt	0	IT63	0	255
4458	30077	High Quality Tundra Kodiak Pelt	0	IT63	0	255
10093	30078	Tundra Kodiak Tooth	0	IT63	0	255
10092	30079	Tundra Kodiak Paw	0	IT63	0	255
10091	30080	Tundra Kodiak Meat	0	IT63	0	255
1832	30081	Coldain Head	0	IT63	0	255
5421	30082	Kromrif Head	0	IT63	0	255
9089	30083	Snow Griffin Talon	0	IT63	0	255
9087	30084	Snow Griffin Feather	0	IT63	0	255
10095	30085	Tundra Mammoth Tusk	0	IT63	0	255
10094	30086	Tundra Mammoth Tail	0	IT63	0	255
7940	30087	Ry`Gorr Scalp	0	IT63	0	255
10725	30088	Wooly Rhino Horn	0	IT63	0	255
10726	30089	Wooly Rhino Meat	0	IT63	0	255
6052	30090	Manticore Tail	0	IT63	0	255
6051	30091	Manticore Mane	0	IT63	0	255
10131	30092	Ulthork Hide	0	IT63	0	255
10140	30093	Ulthork Meat	0	IT63	0	255
7748	30094	Ruined Walrus Hide	0	IT63	0	255
6164	30095	Medium Quality Walrus Hide	0	IT63	0	255
4459	30096	High Quality Walrus Hide	0	IT63	0	255
9083	30099	Snow Bunny Meat	0	IT63	0	255
10143	30100	Ulthork Whiskers	0	IT63	0	255
3584	30101	Frost Giant Femur	0	IT25	0	4
6719	30102	Orc Fang Necklace	0	IT63	0	10
3613	30104	Frozen Orb	0	IT63	0	255
5236	30105	Jagged Ice Shard	0	IT167	0	2
10852	30106	Woven Frost Giant Beard	0	IT63	0	10
10472	30107	Walrus Tooth	0	IT119	0	2
1201	30108	Braided Beard of the Coldain	0	IT63	0	10
6718	30110	Orc Fang Earring	0	IT63	0	10
3804	30113	Giant Woven Vest	21	IT63	0	10
7930	30114	Ry`Gorr Battle Mail	21	IT63	0	10
7937	30115	Ry`Gorr Iron Armguards	21	IT63	0	10
7935	30116	Ry`Gorr Chain Leggings	21	IT63	0	10
7932	30117	Ry`Gorr Chain Coif	0	IT63	0	10
7931	30119	Ry`Gorr Chain Bracer	21	IT63	0	10
7934	30120	Ry`Gorr Chain Gloves	21	IT63	0	10
7933	30121	Ry`Gorr Chain Collar	21	IT63	0	10
10132	30122	Ulthork Hide Arms	20	IT63	0	10
10137	30123	Ulthork Hide Legs	20	IT63	0	10
10138	30124	Ulthork Hide Skullcap	20	IT63	0	10
10133	30125	Ulthork Hide Boots	20	IT63	0	10
10139	30126	Ulthork Hide Tunic	20	IT63	0	10
10134	30127	Ulthork Hide Bracer	20	IT63	0	10
10136	30128	Ulthork Hide Gloves	20	IT63	0	10
10135	30129	Ulthork Hide Collar	20	IT63	0	10
1908	30131	Copper Coldain Insignia Ring	0	IT63	0	10
3999	30132	Gold Coldain Insignia Ring	0	IT63	0	10
8577	30133	Silver Coldain Insignia Ring	0	IT63	0	10
6996	30134	Platinum Coldain Insignia Ring	0	IT63	0	10
1841	30135	Coldain Hunting Blanket	0	IT63	0	255
7929	30136	Ry'Gorr Invasion Plans	0	IT63	0	255
7936	30136	Ry'Gorr Invasion Plans	0	IT63	0	255
1842	30137	Coldain Hunting Knife	0	IT5	0	255
3610	30138	Frozen Elixir	0	IT63	0	255
6572	30139	Note to Tain	0	IT63	0	255
1848	30140	Coldain Smithing Hammer	0	IT14	0	255
4360	30141	Head of Scarbrow	0	IT63	0	255
3712	30142	Gauntlets of the Black	3	IT63	65793	10
2287	30143	Dark Ember	0	IT115	0	3
9236	30144	Spine Chill Spear	0	IT103	0	2
9770	30146	The Broken Glacier Souvenir Mug	0	IT56	0	255
2503	30147	Doogle's Signature Souvenir Mug	0	IT56	0	255
1831	30149	Coldain Crossbow	0	IT199	0	5
9037	30150	Small Velium Helm	3	IT63	10855880	10
9038	30151	Small Velium Mask	0	IT63	0	10
9033	30152	Small Velium Collar	0	IT63	0	10
9032	30153	Small Velium Breastplate	3	IT63	10855880	10
9039	30154	Small Velium Pauldron	0	IT63	0	10
9041	30155	Small Velium Splint Cloak	0	IT63	0	10
9035	30156	Small Velium Girdle	0	IT63	0	10
9031	30158	Small Velium Bracers	3	IT63	10855880	10
9034	30159	Small Velium Gauntlets	3	IT63	10855880	10
9036	30160	Small Velium Greaves	3	IT63	10855880	10
9040	30161	Small Velium Plate Boots	3	IT63	10855880	10
6275	30162	Mithril Coldain Insignia Ring	0	IT63	0	10
207	30163	Adamantium Coldain Insignia Ring	0	IT63	0	10
10319	30164	Velium Coldain Insignia Ring	0	IT63	0	10
10314	30165	Velium Bolt	0	IT10	0	255
7939	30166	Ry`Gorr Oracle Shield	0	IT222	0	255
5423	30167	Kromrif Military Leggings	20	IT63	0	10
1844	30168	Coldain Military Wristguard	21	IT63	0	10
10345	30200	Velium Long Sword	0	IT188	0	0
10380	30201	Velium Two Handed Sword	0	IT190	0	1
10364	30202	Velium Short Sword	0	IT191	0	0
10362	30203	Velium Scimitar	0	IT192	0	0
10386	30204	Velium Warhammer	0	IT193	0	3
10350	30205	Velium Morning Star	0	IT189	0	3
10333	30206	Velium Great Staff	0	IT186	0	4
10322	30207	Velium Dagger	0	IT194	0	2
10356	30209	Velium Rapier	0	IT195	0	2
1853	30210	Coldain Velium Long Sword	0	IT188	0	0
1860	30211	Coldain Velium Two Handed Sword	0	IT190	0	1
1857	30212	Coldain Velium Short Sword	0	IT191	0	0
1856	30213	Coldain Velium Scimitar	0	IT192	0	0
1861	30214	Coldain Velium Warhammer	0	IT193	0	3
1854	30215	Coldain Velium Morning Star	0	IT189	0	3
1852	30216	Coldain Velium Great Staff	0	IT186	0	4
1851	30217	Coldain Velium Dagger	0	IT194	0	2
1858	30218	Coldain Velium Spear	0	IT187	0	2
1855	30219	Coldain Velium Rapier	0	IT195	0	2
5422	30220	Kromrif Laborer Pick	0	IT43	0	35
5428	30221	Kromzek Surveyor Scope	3		0	255
3215	30224	Faun Hoof	0	IT63	0	255
5410	30225	Kodiak Claws	0	IT71	0	0
5411	30226	Kodiak Pelt	0	IT63	0	10
4318	30227	Hardened Kodiak Leather Bracer	0	IT63	0	10
4590	30228	Icetooth's Claws	0	IT71	0	0
4591	30229	Icetooth's Pelt	0	IT63	0	10
4592	30229	Icetooth's Pelt	0	IT63	0	10
8368	30230	Shardwurm Stinger	0	IT187	0	2
10612	30231	White Scaled Tunic	1	IT63	0	10
10611	30232	White Scaled Leggings	1	IT63	0	10
8366	30233	Shardwurm Eye	0	IT72	0	255
8367	30234	Shardwurm Skin	1	IT63	0	10
8363	30235	Shardtooth's Flayed Skin	1	IT63	0	10
2124	30236	Crystalline Eye	0	IT72	0	255
2558	30237	Drakkel Forged Bastard Sword	0	IT161	0	1
2559	30238	Drakkel Forged Sledgehammer	0	IT178	0	4
2561	30239	Drakkel Icereaver	0	IT161	0	1
2560	30240	Drakkel Icegrinder	0	IT178	0	4
7838	30241	Runebranded Stone Buckler	0	IT203	0	255
4574	30242	Ice Weave	1	IT63	0	10
9463	30243	Studded Leather Wolf Collar	0	IT63	0	10
10491	30245	War Wolf Choker	0	IT63	0	10
10385	30246	Velium War Wolf Choker	0	IT63	0	10
778	30247	Black Steel Wrap	0	IT63	0	10
9234	30248	Spiked Steel Wrap	0	IT63	0	10
974	30249	Blood Wolf Harness	0	IT63	0	10
2009	30250	Crested Blood Wolf Harness	0	IT63	0	10
9898	30251	Tizmak Tunic	20	IT63	0	10
9896	30252	Tizmak Leggings	20	IT63	0	10
9897	30253	Tizmak Sleeves	20	IT63	0	10
2194	30254	Cured Tizmak Surcoat	20	IT63	0	10
2193	30255	Cured Tizmak Gloves	20	IT63	0	10
10329	30256	Velium Etched Stone Mace	0	IT130	0	3
3707	30257	Gauntlets of Power	22	IT63	3276800	10
1183	30258	Bracer of Scale	22	IT63	1323620	10
10922	30260	Wurm Tendon Whip	0	IT61	0	0
2123	30261	Crystalline Claw Dagger	0	IT194	0	2
8365	30262	Shardwurm Claw	0	IT63	0	255
1850	30263	Coldain Velium-Pick	0	IT43	0	0
10940	30264	Yakman Parts	0	IT63	0	255
2600	30265	Dull Bladed Axe	0	IT25	0	1
7267	30266	Rabid Kodiak Skin	0	IT63	0	255
1276	30267	Broken Axe	0	IT63	0	255
6590	30268	Obsidian Coldain Insignia Ring	0	IT63	0	10
8114	30269	Sceptre of the Coldain Ancients	0	IT63	0	255
3733	30270	Gem of Persuasion	0	IT63	0	255
1136	30271	Bottle of Karsin Acid	0	IT63	0	255
4324	30272	Harness of Control	0	IT63	0	10
3528	30276	Forged Velium Long Sword	0	IT1	0	0
3523	30277	Forged Velium 2-Handed Sword	0	IT2	0	1
3531	30278	Forged Velium Short Sword	0	IT34	0	0
3530	30279	Forged Velium Scimitar	0	IT41	0	0
3529	30281	Forged Velium Morning Star	0	IT19	0	3
3527	30283	Forged Velium Dagger	0	IT5	0	2
6751	30294	Ornate Velium Pendant	0	IT63	0	255
9454	30295	Strong Wooden Branch	0	IT38	0	255
9453	30296	Strong Raptor Gut	0	IT63	0	255
10313	30298	Velium Blue Diamond Bracelet	0	IT63	0	255
10346	30300	Velium Malachite Ring	0	IT63	0	255
10343	30302	Velium Lapis Lazuli Necklace	0	IT63	0	255
10379	30304	Velium Turquoise Bracelet	0	IT63	0	255
10334	30306	Velium Hematite Ring	0	IT63	0	255
1525	30308	Cat Eye Velium Necklace	0	IT63	0	255
10312	30310	Velium Bloodstone Earring	0	IT63	0	255
10351	30312	Velium Onyx Bracelet	0	IT63	0	255
10340	30314	Velium Jasper Ring	0	IT63	0	255
10317	30316	Velium Carnelian Wedding Ring	0	IT63	0	255
7616	30318	Rose Velium Engagement Ring	0	IT63	0	255
10308	30320	Velium Amber Ring	0	IT63	0	255
5229	30325	Jaded Velium Ring	0	IT63	0	10
10353	30327	Velium Pearl Ring	0	IT63	0	10
10354	30331	Velium Peridot Ring	0	IT63	0	10
10325	30333	Velium Emerald Ring	0	IT63	0	10
10352	30334	Velium Opal Engagement Ring	0	IT63	0	255
766	30336	Black Pearl Velium Ring	0	IT63	0	255
10330	30339	Velium Fire Wedding Ring	0	IT63	0	10
10371	30340	Velium Star Ruby Veil	0	IT63	0	255
3345	30342	Fire Emerald Velium Ring	0	IT63	0	255
8006	30344	Sapphire Velium Necklace	0	IT63	0	255
10361	30344	Sapphire Velium Necklace	0	IT63	0	255
10360	30346	Velium Ruby Veil	0	IT63	0	255
10339	30348	Velium Jacinth Wedding Ring	0	IT63	0	255
773	30350	Black Sapphire Velium Necklace	0	IT63	0	255
10324	30352	Velium Diamond Wedding Ring	0	IT63	0	255
8566	30360	Silver Blue Diamond Ring	0	IT63	0	255
1023	30361	Blue Diamond Electrum Earring	0	IT63	0	255
4029	30362	Golden Blue Diamond Pendant	0	IT63	0	255
6993	30363	Platinum Blue Diamond Tiara	0	IT63	0	255
1834	30369	Coldain Hero's Insignia Ring	0	IT63	0	10
9428	30372	Stonewood Mail	18	IT63	0	10
6583	30377	Oakleaf Girdle	0	IT63	0	10
870	30380	Blade of the Swarm	0	IT164	4278190080	0
7495	30385	Ring of Dain Frostreaver IV	0	IT63	0	10
11694	30398	Spell: Circle of Wakening Lands	0	IT63	0	20
12070	30399	Spell: Wakening Lands Portal	0	IT63	4278190080	20
11336	30400	Spell: Monster Summoning I	0	IT63	0	20
12022	30401	Spell: Summon Shard of the Core	0	IT63	4278190080	20
11337	30402	Spell: Monster Summoning II	0	IT63	0	20
9187	30403	Spell: Elemental Maelstrom	0	IT63	4278190080	255
11338	30404	Spell: Monster Summoning III	0	IT63	0	20
12082	30405	Spell: Wrath of the Elements	0	IT63	4278190080	20
11826	30406	Spell: Improved Invisibility	0	IT63	0	20
11524	30407	Spell: Wandering Mind	0	IT63	4278190080	20
11204	30408	Spell: Gift of Magic	0	IT63	0	20
11203	30409	Spell: Gift of Insight	0	IT63	4278190080	20
11202	30410	Spell: Gift of Brilliance	0	IT63	0	20
5081	30411	Spell: Improved Invis vs Undead	0	IT63	0	255
11070	30412	Spell: Chilling Embrace	0	IT63	4278190080	20
9184	30413	Spell: Corpal Empathy	0	IT63	0	255
11019	30414	Spell: Augmentation of Death	0	IT63	0	20
11494	30415	Spell: Torbas' Acid Blast	0	IT63	0	20
11009	30416	Spell: Arch Lich	0	IT63	0	20
11816	30417	Spell: Iceclad Gate	0	IT63	4278190080	20
11817	30418	Spell: Iceclad Portal	0	IT63	4278190080	20
12121	30419	Spell: O'Keils Flickering Flame	0	IT63	0	20
11834	30420	Spell: Invisibility to Undead	0	IT63	4278190080	20
9188	30421	Spell: Enticement of Flame	0	IT63	0	255
12044	30422	Spell: Translocate	0	IT63	0	20
11802	30423	Spell: Great Divide Portal	0	IT63	0	20
11697	30425	Spell: Cobalt Scar Portal	0	IT63	4278190080	20
11815	30426	Spell: Ice Spear of Solist	0	IT63	0	20
11416	30427	Spell: Shock of the Tainted	0	IT63	0	20
11502	30428	Spell: Tumultuous Strength	0	IT63	0	20
11033	30429	Spell: Blast of Poison	0	IT63	4278190080	20
11439	30430	Spell: Spirit Quickening	0	IT63	4278190080	20
9190	30431	Spell: Form of the Great Bear	0	IT63	0	255
9189	30432	Spell: Focus of Spirit	0	IT63	4278190080	255
11932	30433	Spell: Ring of Iceclad	0	IT63	4278190080	20
11685	30434	Spell: Circle of Iceclad	0	IT63	4278190080	20
11827	30435	Spell: Improved Superior Camouflage	0	IT63	4278190080	20
11774	30436	Spell: Fixation of Ro	0	IT63	0	20
11944	30437	Spell: Ro's Fiery Sundering	0	IT63	0	20
11684	30438	Spell: Circle of Great Divide	0	IT63	4278190080	20
11792	30439	Spell: Fury of Air	0	IT63	0	20
11680	30440	Spell: Circle of Cobalt Scar	0	IT63	0	20
11904	30442	Spell: Protection of the Glades	0	IT63	0	20
9200	30443	Spell: Turning of the Unnatural	0	IT63	0	255
11061	30444	Spell: Celestial Healing	0	IT63	4278190080	20
11011	30445	Spell: Armor of Protection	0	IT63	0	20
11454	30446	Spell: Stun Command	0	IT63	4278190080	20
9178	30447	Spell: Aegolism	0	IT63	0	255
11559	30448	Song: Cantana of Soothing	0	IT63	0	20
11591	30449	Song: Melody of Ervaj	0	IT63	0	20
11606	30450	Song: Shield of Song	0	IT63	0	20
11594	30451	Song: Occlusion of Sound	0	IT63	0	20
11567	30452	Song: Composition of Ervaj	0	IT63	0	20
11132	30453	Spell: Divine Purpose	0	IT63	0	20
11185	30454	Spell: Flame of Light	0	IT63	4278190080	20
11528	30455	Spell: Wave of Healing	0	IT63	0	20
11133	30456	Spell: Divine Strength	0	IT63	0	20
11419	30457	Spell: Shroud of Hate	0	IT63	0	20
11420	30458	Spell: Shroud of Pain	0	IT63	4278190080	20
11418	30459	Spell: Shroud of Death	0	IT63	0	20
9186	30460	Spell: Death Peace	0	IT63	0	255
11661	30461	Spell: Call of Sky	0	IT63	0	20
11657	30462	Spell: Call of Earth	0	IT63	0	20
11658	30463	Spell: Call of Fire	0	IT63	4278190080	20
11662	30464	Spell: Call of the Predator	0	IT63	0	20
11653	30472	Spell: Burnout IV	0	IT63	0	20
9180	30474	Spell: Boon of the Garou	0	IT63	0	255
11875	30475	Spell: Nature Walkers Behest	0	IT63	0	20
12003	30476	Spell: Strength of Nature	0	IT63	0	20
11678	30477	Spell: Cinder Jolt	0	IT63	4278190080	20
2254	30501	Dain Frostreaver's Head	0	IT63	0	255
10024	30502	Tri-Plated Golden Hackle Hammer	0	IT185	0	3
3599	30503	Frostreaver	0	IT181	0	1
214	30504	Aegis of Ice	0	IT228	0	255
3600	30505	Frostreaver's Embroidered Cloak	0	IT63	0	10
7511	30506	Ring of Winter	0	IT63	0	10
3601	30507	Frostreaver's Velium Crown	0	IT63	0	10
8433	30508	Shield of the Seneschal	0	IT218	0	255
869	30509	Blade of the Seneschal	0	IT120	0	0
4110	30510	Gown of the Chamberlain	12	IT63	7544973	10
9338	30511	Staff of the Chamberlain	0	IT186	0	4
1121	30513	Boots of the Huntsman	17	IT63	0	10
699	30514	Bindings of the Scribe	0	IT28	0	255
258	30515	Amulet of Insight	0	IT63	0	10
5362	30516	King Tormax's Head	0	IT63	0	255
2388	30818	Decisive Boots of the Kin	1	IT63	5770509	10
7440	30819	Reliant Cap of the Kin	2	IT63	5973285	255
9379	30979	Steel Knuckles	0	IT71	0	45
7910	30980	Rusty Knuckles	0	IT71	0	45
1308	30981	Bronze Knuckles	0	IT71	0	45
10546	30982	Weighted Gloves	0	IT71	0	45
10843	30983	Worn Weighted Gloves	0	IT71	0	45
2632	30984	A Dusty Iksar Skull	0	IT63	0	255
3891	30987	Glowing Iksar Skull	0	IT63	0	255
2309	31000	Dark Runed Crown	0	IT63	0	10
2308	31001	Dark Runed Breastplate	22	IT63	0	10
2313	31002	Dark Runed Vambraces	22	IT63	0	10
2307	31003	Dark Runed Bracer	22	IT63	0	10
2310	31004	Dark Runed Gauntlets	22	IT63	0	10
2311	31005	Dark Runed Greaves	22	IT63	0	10
2306	31006	Dark Runed Boots	22	IT63	0	10
7761	31007	Rune Crafter's Helm	3	IT63	0	10
7758	31008	Rune Crafter's Breastplate	21	IT63	0	10
7762	31009	Rune Crafter's Vambraces	21	IT63	0	10
7757	31010	Rune Crafter's Bracer	21	IT63	0	10
7759	31011	Rune Crafter's Gauntlets	21	IT63	0	10
7760	31012	Rune Crafter's Greaves	21	IT63	0	10
7756	31013	Rune Crafter's Boots	21	IT63	0	10
7873	31014	Runed Scout's Helm	2	IT63	0	10
7870	31015	Runed Scout's Breastplate	21	IT63	2652235	10
7874	31016	Runed Scout's Vambraces	21	IT63	2979915	10
7869	31017	Runed Scout's Bracer	21	IT63	2979915	10
7871	31018	Runed Scout's Gauntlets	21	IT63	2981195	10
7872	31019	Runed Scout's Greaves	21	IT63	2979915	10
7868	31020	Runed Scout's Boots	21	IT63	2979915	10
7866	31021	Runed Protector's Helm	22	IT63	0	10
7863	31022	Runed Protector's Breastplate	22	IT63	0	10
7867	31023	Runed Protector's Vambraces	22	IT63	0	10
7862	31024	Runed Protector's Bracer	22	IT63	0	10
7864	31025	Runed Protector's Gauntlets	22	IT63	0	10
7865	31026	Runed Protector's Greaves	22	IT63	0	10
7861	31027	Runed Protector's Boots	22	IT63	0	10
1252	31028	Brigand's Circlet	0	IT63	0	10
1251	31029	Brigand's Chestguard	21	IT63	1315860	10
1255	31030	Brigand's Vambraces	21	IT63	1315860	10
1250	31031	Brigand's Bracer	21	IT63	1315860	10
1253	31032	Brigand's Gauntlets	21	IT63	1315860	10
1254	31033	Brigand's Greaves	21	IT63	1315860	10
1249	31034	Brigand's Boots	21	IT63	1315860	10
7457	31035	Resonant Helm	22	IT63	0	10
7454	31036	Resonant Breastplate	22	IT63	0	10
7458	31037	Resonant Vambraces	22	IT63	0	10
7453	31038	Resonant Bracer	22	IT63	0	10
7455	31039	Resonant Gauntlets	22	IT63	0	10
7456	31040	Resonant Greaves	22	IT63	0	10
7452	31041	Resonant Boots	22	IT63	0	10
2031	31042	Crown of Forbidden Rites	0	IT63	0	10
1226	31043	Breastplate of Forbidden Rites	22	IT63	0	10
10265	31044	Vambraces of Forbidden Rites	22	IT63	0	10
1195	31045	Bracers of Forbidden Rites	22	IT63	0	10
3703	31046	Gauntlets of Forbidden Rites	22	IT63	0	10
4151	31047	Greaves of Forbidden Rites	22	IT63	0	10
1111	31048	Boots of Forbidden Rites	22	IT63	0	10
7667	31049	Rowyl's Circlet of Nature	0	IT63	25600	10
7666	31050	Rowyl's Chestguard of Nature	20	IT63	25600	10
7671	31051	Rowyl's Vambraces of Nature	20	IT63	25600	10
7665	31052	Rowyl's Bracer of Nature	20	IT63	25600	10
7668	31053	Rowyl's Gauntlets of Nature	20	IT63	25600	10
7669	31054	Rowyl's Greaves of Nature	20	IT63	25600	10
7664	31055	Rowyl's Boots of Nature	20	IT63	25600	10
7961	31056	Sage's Crown	0	IT63	0	10
7964	31057	Sage's Robe	14	IT63	6579200	10
7965	31058	Sage's Sleeves	20	IT63	0	10
7960	31059	Sage's Bracelet	20	IT63	0	10
7962	31060	Sage's Gloves	20	IT63	0	10
7963	31061	Sage's Pantaloons	20	IT63	0	10
7959	31062	Sage's Boots	20	IT63	0	10
10500	31063	Warlock's Crown	0	IT63	0	10
10503	31064	Warlock's Robe	14	IT63	6553700	10
10504	31065	Warlock's Sleeves	20	IT63	0	10
10505	31066	Warlock's Wristguard	20	IT63	0	10
10501	31067	Warlock's Gloves	20	IT63	0	10
10502	31068	Warlock's Pantaloons	20	IT63	0	10
10499	31069	Warlock's Boots	20	IT63	0	10
371	31070	Arch Mage's Crown	0	IT63	0	10
374	31071	Arch Mage's Robe	15	IT63	6617700	10
375	31072	Arch Mage's Sleeves	20	IT63	0	10
376	31073	Arch Mage's Warband	20	IT63	0	10
372	31074	Arch Mage's Gloves	20	IT63	0	10
373	31075	Arch Mage's Pantaloons	20	IT63	0	10
370	31076	Arch Mage's Boots	20	IT63	0	10
652	31077	Beguiler's Crown	0	IT63	0	10
654	31078	Beguiler's Robe	14	IT63	25750	10
655	31079	Beguiler's Sleeves	20	IT63	0	10
658	31080	Beguiler's Wristguard	20	IT63	0	10
653	31081	Beguiler's Gloves	20	IT63	0	10
657	31082	Beguiler's Trousers	20	IT63	0	10
656	31083	Beguiler's Slippers	20	IT63	0	10
1589	31084	Champion's Crown	3	IT63	0	10
1588	31085	Champion's Breastplate	22	IT63	0	10
1593	31086	Champion's Vambraces	22	IT63	0	10
1587	31087	Champion's Bracer	22	IT63	0	10
1590	31088	Champion's Gauntlets	22	IT63	0	10
1591	31089	Champion's Greaves	22	IT63	0	10
1586	31090	Champion's Boots	22	IT63	0	10
4115	31091	Grand Master's Headband	23	IT63	0	10
4114	31092	Grand Master's Chest Wraps	23	IT63	0	10
4113	31093	Grand Master's Arm Wraps	23	IT63	0	10
4118	31094	Grand Master's Wrist Wraps	23	IT63	0	10
3390	31095	Fist of the Grand Master	23	IT63	0	10
4116	31096	Grand Master's Leg Wraps	23	IT63	0	10
4117	31097	Grand Master's Slippers	23	IT63	0	10
950	31098	Blood Lord's Crown	0	IT63	0	10
949	31099	Blood Lord's Breastplate	22	IT63	1641020	10
953	31100	Blood Lord's Vambraces	22	IT63	1641020	10
948	31101	Blood Lord's Bracer	22	IT63	1641020	10
951	31102	Blood Lord's Gauntlets	22	IT63	1641020	10
952	31103	Blood Lord's Greaves	22	IT63	1641020	10
947	31104	Blood Lord's Boots	22	IT63	1641020	10
10701	31105	Wolf Caller's Helm	0	IT63	0	10
10698	31106	Wolf Caller's Breastplate	21	IT63	25750	10
10702	31107	Wolf Caller's Vambraces	21	IT63	25750	10
10697	31108	Wolf Caller's Bracer	21	IT63	25750	10
10699	31109	Wolf Caller's Gauntlets	21	IT63	25750	10
10700	31110	Wolf Caller's Greaves	21	IT63	25750	10
10696	31111	Wolf Caller's Boots	21	IT63	25750	10
4060	31112	Golden Leaf Helm	0	IT63	0	10
4056	31113	Golden Leaf Breastplate	21	IT63	11303494	10
4061	31114	Golden Leaf Vambraces	21	IT63	11303494	10
4055	31115	Golden Leaf Bracer	21	IT63	11303494	10
4058	31116	Golden Leaf Gauntlets	21	IT63	11303494	10
4059	31117	Golden Leaf Greaves	21	IT63	11303494	10
4054	31118	Golden Leaf Boots	21	IT63	11631174	10
8077	31119	Scaled Knight's Helm	0	IT63	0	10
8074	31120	Scaled Knight's Breastplate	22	IT63	5263510	10
8078	31121	Scaled Knight's Vambraces	22	IT63	5263510	10
8073	31122	Scaled Knight's Bracer	22	IT63	5263510	10
8075	31123	Scaled Knight's Gauntlets	22	IT63	5263510	10
8076	31124	Scaled Knight's Greaves	22	IT63	5263510	10
8072	31125	Scaled Knight's Boots	22	IT63	5263510	10
8299	31126	Shadow Crown	0	IT63	4276545	10
8298	31127	Shadow Chestguard	21	IT63	4276545	10
8306	31128	Shadow Vambraces	21	IT63	4276545	10
8297	31129	Shadow Bracer	21	IT63	4276545	10
8301	31130	Shadow Gauntlets	21	IT63	4276545	10
8302	31131	Shadow Greaves	21	IT63	4276545	10
8296	31132	Shadow Boots	21	IT63	4276545	10
4419	31133	Helm of Twilight	0	IT63	6579300	10
1229	31134	Breastplate of Twilight	22	IT63	6579300	10
10269	31135	Vambraces of Twilight	22	IT63	6579300	10
1186	31136	Bracer of Twilight	22	IT63	6579300	10
3710	31137	Gauntlets of Twilight	22	IT63	6579300	10
4155	31138	Greaves of Twilight	22	IT63	6579300	10
1116	31139	Boots of Twilight	22	IT63	6579300	10
228	31140	Akkirus' Crown of the Risen	0	IT63	12900	10
232	31142	Akkirus' Vambraces of the Risen	22	IT63	12900	10
226	31143	Akkirus' Bracelet of the Risen	22	IT63	12900	10
230	31144	Akkirus' Gauntlets of the Risen	22	IT63	12900	10
231	31145	Akkirus' Greaves of the Risen	22	IT63	12900	10
225	31146	Akkirus' Boots of the Risen	22	IT63	12900	10
10861	31147	Woven Grass Headband	0	IT63	25700	10
10858	31148	Woven Grass Chestguard	20	IT63	25700	10
10862	31149	Woven Grass Vambraces	20	IT63	25700	10
10857	31150	Woven Grass Bracelet	20	IT63	25700	10
10859	31151	Woven Grass Gauntlets	20	IT63	25700	10
10860	31152	Woven Grass Greaves	20	IT63	25700	10
10856	31153	Woven Grass Boots	20	IT63	25700	10
4596	31154	Icicle Circlet	0	IT63	0	10
7560	31155	Robe of Icicles	12	IT63	6561310	10
4599	31156	Icicle Sleeves	20	IT63	0	10
4595	31157	Icicle Bracelet	20	IT63	0	10
4597	31158	Icicle Gloves	20	IT63	0	10
4598	31159	Icicle Pantaloons	20	IT63	0	10
4594	31160	Icicle Boots	20	IT63	0	10
7626	31161	Rotting Crown	0	IT63	0	10
7630	31162	Rotting Robe	12	IT63	4281492580	10
7631	31163	Rotting Sleeves	20	IT63	0	10
7633	31164	Rotting Wristguard	20	IT63	0	10
7629	31165	Rotting Gloves	20	IT63	0	10
7632	31166	Rotting Trousers	20	IT63	0	10
7625	31167	Rotting Boots	20	IT63	0	10
7154	31168	Prestidigitator's Headband	0	IT63	0	10
7155	31169	Prestidigitator's Robe	12	IT63	16391680	10
7156	31170	Prestidigitator's Sleeves	20	IT63	0	10
7158	31171	Prestidigitator's Wristband	20	IT63	0	10
7153	31172	Prestidigitator's Gloves	20	IT63	0	10
7157	31173	Prestidigitator's Trousers	20	IT63	0	10
7152	31174	Prestidigitator's Boots	20	IT63	0	10
4682	31175	Illusionist's Headband	0	IT63	0	10
4684	31176	Illusionist's Robe	13	IT63	25750	10
4685	31177	Illusionist's Sleeves	20	IT63	0	10
4687	31178	Illusionist's Wristguard	20	IT63	0	10
4681	31179	Illusionist's Gloves	20	IT63	0	10
4683	31180	Illusionist's Pantaloons	20	IT63	0	10
4686	31181	Illusionist's Slippers	20	IT63	0	10
2044	31182	Crown of the Myrmidon	0	IT63	9862500	10
1230	31183	Breastplate of the Myrmidon	22	IT63	9862500	10
10271	31184	Vambraces of the Myrmidon	22	IT63	9862500	10
1190	31185	Bracer of the Myrmidon	22	IT63	9862500	10
3713	31186	Gauntlets of the Myrmidon	22	IT63	9862500	10
4157	31187	Greaves of the Myrmidon	22	IT63	9862500	10
1123	31188	Boots of the Myrmidon	22	IT63	9862500	10
10604	31189	White Lotus Headband	23	IT63	0	10
10603	31190	White Lotus Chest Wraps	23	IT63	0	10
10602	31191	White Lotus Arm Wraps	23	IT63	0	10
10607	31192	White Lotus Wrist Wraps	23	IT63	0	10
3392	31193	Fist of the White Lotus	23	IT63	0	10
10605	31194	White Lotus Pants	23	IT63	0	10
10606	31195	White Lotus Slippers	23	IT63	0	10
8533	31200	Sickly Glowing Orb	0	IT68	0	255
10581	31201	White Bear Pelt Cloak	0	IT63	0	10
723	31202	Black Bear Pelt Cloak	0	IT63	0	10
8663	31203	Silvery Belt of Contention	0	IT63	0	10
10383	31204	Velium War Mask	0	IT63	0	10
9845	31205	Thunder Runed War Spear	0	IT103	0	2
9841	31206	Thunder Etched Gauntlets	22	IT63	3289650	10
9842	31207	Thunder Etched Pauldrons	0	IT63	0	10
10374	31208	Velium Swiftblade	0	IT175	0	0
9844	31209	Thunder Runed Great Sword	0	IT180	0	1
9843	31210	Thunder Runed Dagger	0	IT50	0	2
8414	31211	Shield of Fury	0	IT215	0	255
8431	31212	Shield of the Protector	0	IT207	0	255
1146	31213	Bow of the Silver Fang	0	IT4	0	5
590	31214	Barrier of Sound	0	IT210	0	255
8411	31215	Shield of Dragonkind	0	IT211	0	255
8439	31216	Shield of the Wurms	0	IT223	0	255
8423	31217	Shield of Thorns	0	IT217	0	255
6171	31218	Melodic Charm	0	IT63	0	10
7851	31219	Runed Fang Necklace	0	IT63	0	10
8300	31220	Shadow Fang Necklace	0	IT63	0	10
8544	31221	Silent Fang Necklace	0	IT63	0	10
7509	31222	Ring of Superiority	0	IT63	0	10
1341	31223	Brother Xave's Headband	0	IT63	0	10
6362	31224	Mrylokar`s Dagger of Vengeance	0	IT139	0	2
9911	31225	Tolan`s Longsword of the Glade	0	IT184	0	0
4470	31226	Hobart`s War Helmet	0	IT63	0	10
2492	31227	Do`Vassir`s Gauntlets of Might	3	IT63	0	10
9120	31228	Solist`s Earring of Insight	0	IT63	0	10
7670	31229	Rowyl`s Metal Armguards	19	IT63	1326100	10
10939	31230	Yakatizma`s Shield of Crafting	0	IT201	0	255
2175	31231	Crystasia`s Crystal Ring	0	IT63	0	10
6803	31232	Palladius' Axe of Slaughter	0	IT80	0	1
233	31233	Akkirus` Mask of Warfare	0	IT63	0	10
10261	31234	Valtron`s Necklace of Wonder	0	IT63	0	10
3236	31235	Feeliux`s Cord of Velocity	0	IT63	0	10
10468	31236	Vyrinn`s Earring of Insanity	0	IT63	0	10
5329	31237	Kelsiferous' Armband of Artistry	17	IT63	5898280	10
5972	31238	Maclaer`s Boots of Silence	2	IT63	3289650	10
7969	31239	Sal`Varae`s Robe of Darkness	15	IT63	38450	10
10442	31240	Viik`s Pauldrons of Pain	0	IT63	0	10
3742	31241	Gharn's Rock of Smashing	0	IT68	0	3
186	31242	Abashi`s Rod of Disempowerment	0	IT169	0	4
5230	31243	Jaelen's Katana	0	IT175	0	0
9318	31244	Ssra`s Bloodstone Eyepatch	0	IT63	0	10
8690	31245	Sirran`s Boots of Insanity	3	IT63	3289650	10
1450	31246	Camii`s Bracer of Vigor	22	IT63	0	10
10615	31250	White Symbol	0	IT63	0	255
780	31251	Black Symbol	0	IT63	0	255
7878	31252	Runed Symbol	0	IT63	0	255
8629	31253	Silver Symbol	0	IT63	0	255
8255	31254	Serrated Symbol	0	IT63	0	255
7041	31255	Poison Symbol	0	IT63	0	255
3398	31256	Flame Kissed Symbol	0	IT63	0	255
2874	31257	Emerald Symbol	0	IT63	0	255
7028	31258	Platinum Symbol	0	IT63	0	255
7701	31259	Ruby Symbol	0	IT63	0	255
3888	31260	Glowing Drake Orb	0	IT63	0	255
10616	31261	White Tear	0	IT63	0	255
781	31262	Black Tear	0	IT63	0	255
7879	31263	Runed Tear	0	IT63	0	255
8630	31264	Silver Tear	0	IT63	0	255
8256	31265	Serrated Tear	0	IT63	0	255
7042	31266	Poison Tear	0	IT63	0	255
3399	31267	Flame Kissed Tear	0	IT63	0	255
2875	31268	Emerald Tear	0	IT63	0	255
7029	31269	Platinum Tear	0	IT63	0	255
7702	31270	Ruby Tear	0	IT63	0	255
8635	31300	Silver Whip of Rage	0	IT61	0	0
10465	31301	Vyemm`s Fang	0	IT194	0	2
10467	31302	Vyemm`s Right Eye	0	IT68	0	255
10466	31303	Vyemm`s Left Eye	0	IT68	0	255
8741	31304	Sledge of Smashing	0	IT178	0	3
3698	31305	Gaudralek, Sword of the Sky	0	IT183	0	1
6695	31306	Onyx Gauntlets	3	IT63	3289650	10
8568	31307	Silver Bracelet of Rage	19	IT63	0	10
10027	31308	Trident of the Deep Sea	0	IT79	0	2
6461	31309	Net of the Deep Sea	0	IT211	0	10
4156	31310	Greaves of the Deep Sea	22	IT63	29555	10
4420	31311	Helm of the Deep Sea	0	IT63	12800	10
6716	31312	Orb of the Deep Sea	0	IT68	0	255
290	31313	Ancient Pirate's Eyepatch	0	IT63	0	10
1174	31314	Bracelet of the Deep Sea	22	IT63	29555	10
8688	31315	Siren Song, Dagger of the Sea	0	IT119	0	2
10625	31316	Whitestone Shield	0	IT211	0	255
7581	31317	Rocksmasher	0	IT178	0	4
262	31318	Amulet of the Dreadgazer	0	IT63	0	10
7359	31319	Reaper's Ring	0	IT63	0	10
5309	31320	Katana of Pain	0	IT175	0	0
4307	31321	Hand of the Master	0	IT63	0	255
1693	31322	Circlet of Summer	0	IT63	0	10
6079	31323	Mask of Fall	0	IT63	0	10
1615	31324	Chestplate of Fiery Might	3	IT63	3283225	10
661	31325	Beldron's Vambraces of Impiety	3	IT63	1315880	10
9347	31326	Staff of the Silent Star	0	IT45	0	3
1119	31327	Boots of the Dead Dream	3	IT63	3289650	10
8731	31328	Sky Watcher's Monocle	0	IT63	0	10
10263	31329	Vambraces of Discontent	3	IT63	3289650	10
266	31330	Amulet of the Storm	0	IT63	0	10
9851	31331	Thunderstone	0	IT68	0	255
322	31332	Ancient Wurm Hide Greaves	2	IT63	6553600	10
323	31333	Ancient Wurm Hide Robe	13	IT63	9830400	10
677	31334	Belt of the Destroyer	0	IT63	0	10
1143	31335	Bow of the Destroyer	0	IT4	0	5
1120	31336	Boots of the Destroyer	1	IT63	3276800	10
10915	31337	Wurm Claw Pauldrons	0	IT63	0	10
2243	31338	Dagarn's Tail	0	IT61	0	0
8464	31339	Shining Metallic Pantaloons	1	IT63	6558870	10
8477	31340	Shiny Metallic Gloves	1	IT63	6558870	10
10399	31341	Verlekarnorm's Horn of Disaster	0	IT15	0	255
8478	31342	Shiny Metallic Sleeves	20	IT63	6558870	10
5414	31343	Kreizenn's Flame	0	IT164	0	0
279	31344	Ancient Fire Etched Flamberge	0	IT53	0	1
3397	31345	Flame Etched Short Sword	0	IT34	0	2
2348	31346	Dawncaller, Blade of the Morning	0	IT162	0	0
8582	31347	Silver Disk	0	IT210	0	10
844	31348	Blackstar, Mace of Night	0	IT130	0	3
8579	31349	Silver Dagger of Destruction	0	IT119	0	2
6167	31350	Meljeldin, Bane of Giants	0	IT161	0	1
1539	31351	Cekenar's Claw	0	IT71	0	0
9241	31352	Spinning Orb of Confusion	0	IT68	0	10
10652	31353	Windraider`s Belt	0	IT63	0	10
2531	31354	Dragon Skin Bracelet	4	IT63	4587520	10
10107	31355	Tvenken`s Slippers of Silence	1	IT63	0	10
4133	31356	Great Spear of Dawn	0	IT172	0	35
463	31357	Axe of Resistance	0	IT60	0	0
8425	31358	Shield of the Dawn	0	IT211	0	255
8417	31359	Shield of Midnight	0	IT211	0	255
6487	31360	Nevederia's Left Eye	0	IT210	0	255
6488	31361	Nevederia's Right Eye	0	IT210	0	255
6486	31362	Nevederia's Horn	0	IT118	0	2
6088	31363	Mask of Terror	0	IT63	0	10
3817	31364	Girdle of Dark Power	0	IT63	0	10
6137	31365	Medal of Deep Thought	0	IT63	0	10
1730	31366	Cloak of Thorns	0	IT63	0	10
6485	31367	Nevederia's Claw	0	IT71	0	0
4425	31368	Helmet of the Crawler	3	IT63	3289650	10
1053	31369	Blydreln's Bane	0	IT177	0	3
2718	31370	Earring of the Icecaster	0	IT63	0	10
8573	31371	Silver Chains	2	IT63	0	10
2037	31372	Crown of Resiliance	0	IT63	0	10
9309	31373	Sprinkler of the Spirits	0	IT130	0	3
6690	31374	Onyx Chain Leggings	18	IT63	3947580	10
3172	31375	Facesmasher	0	IT115	0	4
1742	31376	Cloak of the Sky	0	IT63	0	10
7520	31377	Ring of the Sky	0	IT63	0	10
6097	31378	Mask of the Sky	0	IT63	0	10
1700	31379	Claw of Lightning	0	IT136	0	0
6691	31381	Onyx Chain Sleeves	18	IT63	3947580	10
10122	31382	Twisted Steel Gauntlets	0	IT63	0	10
10121	31383	Twisted Steel Bastard Sword	0	IT161	0	1
1175	31384	Bracelet of the Sky	2	IT63	4605510	10
327	31385	Ancient Wyvern Hide Tunic	23	IT63	1973790	10
325	31386	Ancient Wyvern Hide Leggings	1	IT63	1973790	10
326	31387	Ancient Wyvern Hide Sleeves	1	IT63	1973790	10
324	31388	Ancient Wyvern Hide Boots	1	IT63	1973790	10
6090	31389	Mask of Venom	0	IT63	0	10
1731	31390	Cloak of Venom	0	IT63	0	10
7040	31391	Poison Soaked Tunic	21	IT63	1329940	10
4641	31392	Ikatiar's Stinger	0	IT167	0	2
1169	31393	Bracelet of Protection	0	IT63	0	10
1691	31394	Circlet of Silver Skies	0	IT63	0	10
7439	31395	Rekeklo's War Sword	0	IT174	0	1
10487	31396	Wand of the Black Dragon Eye	0	IT47	0	3
1728	31397	Cloak of Silver Eyes	0	IT63	0	10
8516	31398	Shovel of the Harvest	0	IT52	0	4
10214	31399	Unopenable Box	0	IT68	0	255
3164	31400	Eye of the Rigtorgn	0	IT72	0	3
8601	31401	Silver Girdle of Stability	0	IT63	0	10
3869	31402	Gloves of Stability	2	IT63	3947580	10
7505	31403	Ring of Relkententinar	0	IT63	0	10
6086	31404	Mask of Superiority	0	IT63	0	10
1228	31405	Breastplate of Superiority	3	IT63	4605510	10
10349	31406	Velium Maul of Superiority	0	IT178	0	3
10064	31407	Truesight Helmet	0	IT63	0	10
1115	31408	Boots of Superiority	21	IT63	0	10
6447	31411	Necklace of Nightstalking	0	IT63	0	10
2863	31412	Emerald Bastardsword of Purity	0	IT162	0	0
767	31413	Black Rock Maul of Crushing	0	IT178	0	3
10060	31414	True Mithril Breastplate	22	IT63	0	10
5468	31415	Lance of Thunder	0	IT176	0	35
6854	31416	Pauldrons of Blight	0	IT63	0	10
1692	31417	Circlet of Suffering	0	IT63	0	10
10009	31418	Transparent Eyepatch	0	IT63	0	10
3596	31419	Frostgiant Overseers Head	0	IT63	0	255
5301	31420	Kallis' Head	0	IT63	0	255
1018	31421	A Bloody Protector of Zek's Head	0	IT63	0	255
9049	31422	A Smashed Protector of Zek's Head	0	IT63	0	255
2423	31423	Derakor's Head	0	IT63	0	255
4194	31424	Grenk's Head	0	IT63	0	255
2409	31425	Delar's Head	0	IT63	0	255
719	31426	Bjek's Head	0	IT63	0	255
3443	31427	Fleshless Skull	0	IT63	0	255
1937	31428	Corrupted Unicorns Skin	0	IT63	0	255
1936	31429	Corrupted Panther Skin	0	IT63	0	255
1934	31430	Corrupted Fauns Skin	0	IT63	0	255
9919	31435	Tome of Elemental Understanding	0	IT27	0	255
9916	31436	Tome of Elemental Cognizance	0	IT27	0	255
9917	31437	Tome of Elemental Contemplation	0	IT27	0	255
9918	31438	Tome of Elemental Thought	0	IT27	0	255
8143	31439	Scroll of Power	0	IT65	0	255
8139	31440	Scroll of Enlightenment	0	IT65	0	255
8142	31441	Scroll of Knowledge	0	IT65	0	255
8141	31442	Scroll of Insight	0	IT65	0	255
3360	31443	First Half of Al`Tarlkal's Tome	0	IT27	0	255
8207	31444	Second Half of Al`Tarlkal's Tome	0	IT27	0	255
3361	31445	First Half of Vin`Pekir's Tome	0	IT27	0	255
8208	31446	Second Half of Vin`Pekir's Tome	0	IT27	0	255
8574	31460	Silver Charm of Tranquility	0	IT63	0	10
8569	31461	Silver Bracelet of Speed	3	IT63	0	10
1353	31462	Buckler of Insight	0	IT209	0	255
6096	31463	Mask of the Silver Eyes	0	IT63	0	10
8609	31464	Silver Mask of the Slayer	0	IT63	0	10
10588	31465	White Dragon Idol	0	IT63	0	255
10591	31466	White Dragon Statue	0	IT63	0	255
1113	31467	Boots of Silent Striding	3	IT63	2631720	10
1109	31468	Boots of Deep Thought	1	IT63	2631720	10
8254	31469	Serrated Dragon Tooth	0	IT167	0	2
2719	31470	Earring of the Living Flame	0	IT63	0	10
1736	31471	Cloak of the Fire Storm	0	IT63	0	10
6859	31472	Pauldrons of the Deep Flame	0	IT63	0	10
6469	31500	Netted Kelp Cap	17	IT63	0	10
6478	31501	Netted Kelp Veil	0	IT63	0	10
6470	31502	Netted Kelp Choker	0	IT63	0	10
6477	31503	Netted Kelp Tunic	17	IT63	0	10
6467	31504	Netted Kelp Amice	0	IT63	0	10
6471	31505	Netted Kelp Cloak	0	IT63	0	10
6475	31506	Netted Kelp Sash	0	IT63	0	10
6476	31507	Netted Kelp Sleeves	17	IT63	0	10
6468	31508	Netted Kelp Bracelet	17	IT63	0	10
6472	31509	Netted Kelp Gloves	17	IT63	0	10
6474	31510	Netted Kelp Pantaloons	17	IT63	0	10
6473	31511	Netted Kelp Lined Shoes	17	IT63	0	10
2217	31515	Custom Dark Runed Crown	0	IT240	0	10
2222	31516	Custom Runed Protector's Helm	0	IT240	0	10
2221	31517	Custom Resonant Helm	0	IT240	0	10
2214	31518	Custom Crown of Forbidden Rites	0	IT240	0	10
2212	31519	Custom Champion's Crown	0	IT240	0	10
2220	31520	Custom Malevolent Crown	0	IT240	6556170	10
2224	31521	Custom Shining Helm	0	IT240	25850	10
2226	31522	Custom Troubadour's Helm	0	IT240	6561300	10
2225	31523	Custom Templar's Crown	0	IT240	4915275	10
2227	31524	Custom Warlord's Crown	0	IT240	3302550	10
2211	31525	Custom Blood Lord's Crown	0	IT240	0	10
2223	31526	Custom Scaled Knight's Helm	0	IT240	5263510	10
2219	31527	Custom Helm of Twilight	0	IT240	6579300	10
229	31528	Akkirus' Custom Crown of the Risen	0	IT240	12900	10
2216	31529	Custom Crown of the Myrmidon	0	IT240	9862500	10
9934	31600	Tooth of the Great Divide	0	IT98	0	255
9935	31601	Tooth of the Wakening Lands	0	IT98	0	255
9933	31602	Tooth of the Cobalt Scar	0	IT98	0	255
4423	31800	Helm of the Untamed	2	IT63	11303494	10
1232	31801	Breastplate of the Untamed	18	IT63	32050	10
10273	31802	Vambraces of the Untamed	18	IT63	32050	10
1192	31803	Bracer of the Untamed	18	IT63	32050	10
3715	31804	Gauntlets of the Untamed	18	IT63	32050	10
4160	31805	Greaves of the Untamed	18	IT63	32050	10
1127	31806	Boots of the Untamed	18	IT63	32050	10
2032	31807	Crown of Harmony	0	IT63	0	10
4334	31808	Hauberk of Harmony	17	IT63	6610080	10
10266	31809	Vambraces of Harmony	17	IT63	6610080	10
10892	31810	Wristguard of Harmony	17	IT63	6610080	10
3867	31811	Gloves of Harmony	17	IT63	3333270	10
4152	31812	Greaves of Harmony	17	IT63	3333270	10
7994	31813	Sandals of Harmony	21	IT63	3333270	10
4421	31814	Helm of the Righteous	22	IT63	131684	10
1231	31815	Breastplate of the Righteous	19	IT63	131684	10
10272	31816	Vambraces of the Righteous	19	IT63	131684	10
1191	31817	Bracer of the Righteous	19	IT63	131684	10
3714	31818	Gauntlets of the Righteous	19	IT63	131684	10
4159	31819	Greaves of the Righteous	19	IT63	131684	10
1125	31820	Boots of the Righteous	19	IT63	131684	10
2337	31821	Darkmetal Falchion	0	IT165	0	0
2177	31822	Culler	0	IT176	0	1
9735	31823	Teir`Dal Sai	0	IT139	0	3
7276	31824	Raiment of the Chosen	11	IT63	6558740	10
5402	31825	Kobold History Collection	0	IT64	4278190080	255
10395	31828	Venomous Spikefish Poison Sac	0	IT63	0	255
2240	31861	Da Oogly Stick	0	IT63	0	255
4647	31862	Iksar Egg	0	IT63	0	255
9422	31863	Stone of Gnoming	0	IT63	0	255
4253	31957	Guide Scope	3		0	255
9612	32614	Targishin's Bone Mask	0	IT63	4278190080	10
